query_id	corpus_id	score
q265734	c265608	1
q265735	c265609	1
q265736	c265610	1
q265737	c265611	1
q265738	c265612	1
q265739	c265613	1
q265740	c265614	1
q265741	c265615	1
q265742	c265616	1
q265743	c265617	1
q265744	c265618	1
q265745	c265619	1
q265746	c212467	1
q265747	c265620	1
q265748	c265621	1
q265749	c265622	1
q265750	c265623	1
q265751	c265624	1
q265752	c265625	1
q265753	c265626	1
q265754	c265627	1
q265755	c265628	1
q265756	c265629	1
q265757	c265630	1
q265758	c265631	1
q265759	c265632	1
q265760	c265633	1
q265761	c265634	1
q265762	c265635	1
q265763	c265636	1
q265764	c265637	1
q265765	c265638	1
q265766	c265639	1
q265767	c265640	1
q265768	c265641	1
q265769	c265642	1
q265770	c265643	1
q265771	c265644	1
q265772	c265645	1
q265773	c265646	1
q265774	c265647	1
q265775	c265648	1
q265776	c265649	1
q265777	c265650	1
q265778	c265651	1
q265779	c265652	1
q265780	c265653	1
q265781	c265654	1
q265782	c265655	1
q265783	c265656	1
q265784	c265657	1
q265785	c265658	1
q265786	c265659	1
q265787	c265660	1
q265788	c265661	1
q265789	c265662	1
q265790	c265663	1
q265791	c265664	1
q265792	c265665	1
q265793	c265666	1
q265794	c265667	1
q265795	c265668	1
q265796	c265669	1
q265797	c265670	1
q265798	c265671	1
q265799	c265672	1
q265800	c265673	1
q265801	c265674	1
q265802	c265675	1
q265803	c265676	1
q265804	c265677	1
q265805	c265678	1
q265806	c265679	1
q265807	c265680	1
q265808	c265681	1
q265809	c265682	1
q265810	c265683	1
q265811	c265684	1
q265812	c265685	1
q265813	c265686	1
q265814	c265687	1
q265815	c265688	1
q265816	c265689	1
q265817	c265690	1
q265818	c265691	1
q265819	c265692	1
q265820	c265693	1
q265821	c265694	1
q265822	c265695	1
q265823	c265696	1
q265824	c265697	1
q265825	c265698	1
q265826	c265699	1
q265827	c265700	1
q265828	c265701	1
q265829	c265702	1
q265830	c265703	1
q265831	c265704	1
q265832	c265705	1
q265833	c265706	1
q265834	c265707	1
q265835	c265708	1
q265836	c265709	1
q265837	c265710	1
q265838	c265711	1
q265839	c265712	1
q265840	c265713	1
q265841	c265714	1
q265842	c265715	1
q265843	c265716	1
q265844	c265717	1
q265845	c265718	1
q265846	c265719	1
q265847	c265720	1
q265848	c265721	1
q265849	c265722	1
q265850	c265723	1
q265851	c265724	1
q265852	c265725	1
q265853	c265726	1
q265854	c265727	1
q265855	c265728	1
q265856	c265729	1
q265857	c265730	1
q265858	c265731	1
q265859	c265732	1
q265860	c265733	1
q265861	c265734	1
q265862	c265735	1
q265863	c265736	1
q265864	c265737	1
q265865	c265738	1
q265866	c265739	1
q265867	c265740	1
q265868	c265741	1
q265869	c265742	1
q265870	c265743	1
q265871	c265744	1
q265872	c265745	1
q265873	c265746	1
q265874	c265747	1
q265875	c265748	1
q265876	c265749	1
q265877	c265750	1
q265878	c265751	1
q265879	c265752	1
q265880	c265753	1
q265881	c265754	1
q265882	c265755	1
q265883	c265756	1
q265884	c265757	1
q265885	c265758	1
q265886	c265759	1
q265887	c265760	1
q265888	c265761	1
q265889	c265762	1
q265890	c265763	1
q265891	c265764	1
q265892	c265765	1
q265893	c265766	1
q265894	c265767	1
q265895	c265768	1
q265896	c265769	1
q265897	c265770	1
q265898	c265771	1
q265899	c265772	1
q265900	c265773	1
q265901	c265774	1
q265902	c265775	1
q265903	c265776	1
q265904	c265777	1
q265905	c265778	1
q265906	c265779	1
q265907	c265780	1
q265908	c265781	1
q265909	c265782	1
q265910	c265783	1
q265911	c265784	1
q265912	c265785	1
q265913	c265786	1
q265914	c265787	1
q265915	c265788	1
q265916	c265789	1
q265917	c265790	1
q265918	c265791	1
q265919	c265792	1
q265920	c265793	1
q265921	c265794	1
q265922	c265795	1
q265923	c265796	1
q265924	c265797	1
q265925	c265798	1
q265926	c265799	1
q265927	c265800	1
q265928	c265801	1
q265929	c265802	1
q265930	c265803	1
q265931	c265804	1
q265932	c265805	1
q265933	c265806	1
q265934	c265807	1
q265935	c265808	1
q265936	c265809	1
q265937	c265810	1
q265938	c265811	1
q265939	c265812	1
q265940	c265813	1
q265941	c265814	1
q265942	c265815	1
q265943	c265816	1
q265944	c265817	1
q265945	c265818	1
q265946	c265819	1
q265947	c265820	1
q265948	c265821	1
q265949	c265822	1
q265950	c265823	1
q265951	c265824	1
q265952	c265825	1
q265953	c265826	1
q265954	c265827	1
q265955	c265828	1
q265956	c265829	1
q265957	c265830	1
q265958	c265831	1
q265959	c265832	1
q265960	c265833	1
q265961	c265834	1
q265962	c265835	1
q265963	c265836	1
q265964	c265837	1
q265965	c265838	1
q265966	c265839	1
q265967	c265840	1
q265968	c265841	1
q265969	c265842	1
q265970	c265843	1
q265971	c265844	1
q265972	c265845	1
q265973	c265846	1
q265974	c265847	1
q265975	c265848	1
q265976	c265849	1
q265977	c265850	1
q265978	c265851	1
q265979	c265852	1
q265980	c265853	1
q265981	c265854	1
q265982	c265855	1
q265983	c265856	1
q265984	c265857	1
q265985	c265858	1
q265986	c265859	1
q265987	c265860	1
q265988	c265861	1
q265989	c265862	1
q265990	c265863	1
q265991	c265864	1
q265992	c265865	1
q265993	c265866	1
q265994	c265867	1
q265995	c265868	1
q265996	c265869	1
q265997	c265870	1
q265998	c265871	1
q265999	c265872	1
q266000	c265873	1
q266001	c265874	1
q266002	c265875	1
q266003	c265876	1
q266004	c265877	1
q266005	c265878	1
q266006	c265879	1
q266007	c265880	1
q266008	c265881	1
q266009	c265882	1
q266010	c265883	1
q266011	c265884	1
q266012	c265885	1
q266013	c265886	1
q266014	c265887	1
q266015	c265888	1
q266016	c265889	1
q266017	c265890	1
q266018	c265891	1
q266019	c265892	1
q266020	c265893	1
q266021	c265894	1
q266022	c265895	1
q266023	c265896	1
q266024	c265897	1
q266025	c265898	1
q266026	c265899	1
q266027	c265900	1
q266028	c265901	1
q266029	c265902	1
q266030	c265903	1
q266031	c265904	1
q266032	c265905	1
q266033	c265906	1
q266034	c265907	1
q266035	c265908	1
q266036	c265909	1
q266037	c265910	1
q266038	c265911	1
q266039	c265912	1
q266040	c265913	1
q266041	c265914	1
q266042	c265915	1
q266043	c265916	1
q266044	c265917	1
q266045	c265918	1
q266046	c265919	1
q266047	c265920	1
q266048	c265921	1
q266049	c265922	1
q266050	c265923	1
q266051	c265924	1
q266052	c265925	1
q266053	c265926	1
q266054	c265927	1
q266055	c265928	1
q266056	c265929	1
q266057	c265930	1
q266058	c265931	1
q266059	c265932	1
q266060	c265933	1
q266061	c265934	1
q266062	c265935	1
q266063	c265936	1
q266064	c265937	1
q266065	c265938	1
q266066	c265939	1
q266067	c265940	1
q266068	c265941	1
q266069	c265942	1
q266070	c265943	1
q266071	c265944	1
q266072	c265945	1
q266073	c265946	1
q266074	c265947	1
q266075	c265948	1
q266076	c265949	1
q266077	c265950	1
q266078	c265951	1
q266079	c265952	1
q266080	c265953	1
q266081	c265954	1
q266082	c265955	1
q266083	c265956	1
q266084	c265957	1
q266085	c265958	1
q266086	c265959	1
q266087	c265960	1
q266088	c265961	1
q266089	c265962	1
q266090	c265963	1
q266091	c265964	1
q266092	c265965	1
q266093	c265966	1
q266094	c260549	1
q266095	c260550	1
q266096	c265967	1
q266097	c265968	1
q266098	c265969	1
q266099	c265970	1
q266100	c265971	1
q266101	c265972	1
q266102	c265973	1
q266103	c265974	1
q266104	c265975	1
q266105	c265976	1
q266106	c265977	1
q266107	c265978	1
q266108	c265979	1
q266109	c265980	1
q266110	c265981	1
q266111	c265982	1
q266112	c265983	1
q266113	c265984	1
q266114	c265985	1
q266115	c265986	1
q266116	c265987	1
q266117	c265988	1
q266118	c265989	1
q266119	c265990	1
q266120	c265991	1
q266121	c265992	1
q266122	c265993	1
q266123	c265994	1
q266124	c265995	1
q266125	c265996	1
q266126	c265997	1
q266127	c265998	1
q266128	c265999	1
q266129	c266000	1
q266130	c266001	1
q266131	c266002	1
q266132	c266003	1
q266133	c266004	1
q266134	c266005	1
q266135	c266006	1
q266136	c266007	1
q266137	c266008	1
q266138	c266009	1
q266139	c266010	1
q266140	c266011	1
q266141	c266012	1
q266142	c266013	1
q266143	c34849	1
q266144	c266014	1
q266145	c266015	1
q266146	c266016	1
q266147	c266017	1
q266148	c130069	1
q266149	c266018	1
q266150	c266019	1
q266151	c266020	1
q266152	c266021	1
q266153	c266022	1
q266154	c266023	1
q266155	c266024	1
q266156	c266025	1
q266157	c266026	1
q266158	c266027	1
q266159	c266028	1
q266160	c266029	1
q266161	c266030	1
q266162	c266031	1
q266163	c266032	1
q266164	c266033	1
q266165	c266034	1
q266166	c266035	1
q266167	c266036	1
q266168	c266037	1
q266169	c266038	1
q266170	c266039	1
q266171	c266040	1
q266172	c266041	1
q266173	c266042	1
q266174	c266043	1
q266175	c266044	1
q266176	c266045	1
q266177	c266046	1
q266178	c266047	1
q266179	c266048	1
q266180	c266049	1
q266181	c266050	1
q266182	c266051	1
q266183	c266052	1
q266184	c266053	1
q266185	c266054	1
q266186	c266055	1
q266187	c266056	1
q266188	c266057	1
q266189	c266058	1
q266190	c266059	1
q266191	c266060	1
q266192	c266061	1
q266193	c266062	1
q266194	c266063	1
q266195	c266064	1
q266196	c266065	1
q266197	c266066	1
q266198	c266067	1
q266199	c266068	1
q266200	c266069	1
q266201	c266070	1
q266202	c266071	1
q266203	c266072	1
q266204	c266073	1
q266205	c266074	1
q266206	c266075	1
q266207	c266076	1
q266208	c266077	1
q266209	c266078	1
q266210	c266079	1
q266211	c266080	1
q266212	c266081	1
q266213	c266082	1
q266214	c266083	1
q266215	c266084	1
q266216	c266085	1
q266217	c266086	1
q266218	c266087	1
q266219	c266088	1
q266220	c266089	1
q266221	c266090	1
q266222	c266091	1
q266223	c266092	1
q266224	c266093	1
q266225	c266094	1
q266226	c266095	1
q266227	c266096	1
q266228	c266097	1
q266229	c266098	1
q266230	c266099	1
q266231	c266100	1
q266232	c266101	1
q266233	c266102	1
q266234	c266103	1
q266235	c266104	1
q266236	c266105	1
q266237	c266106	1
q266238	c266107	1
q266239	c266108	1
q266240	c266109	1
q266241	c266110	1
q266242	c266111	1
q266243	c266112	1
q266244	c266113	1
q266245	c266114	1
q266246	c266115	1
q266247	c266116	1
q266248	c266117	1
q266249	c266118	1
q266250	c266119	1
q266251	c266120	1
q266252	c266121	1
q266253	c266122	1
q266254	c266123	1
q266255	c266124	1
q266256	c266125	1
q266257	c266126	1
q266258	c266127	1
q266259	c266128	1
q266260	c266129	1
q266261	c266130	1
q266262	c266131	1
q266263	c266132	1
q266264	c266133	1
q266265	c130076	1
q266266	c266134	1
q266267	c266135	1
q266268	c130120	1
q266269	c266136	1
q266270	c266137	1
q266271	c266138	1
q266272	c266139	1
q266273	c266140	1
q266274	c266141	1
q266275	c266142	1
q266276	c266143	1
q266277	c266144	1
q266278	c266145	1
q266279	c266146	1
q266280	c266147	1
q266281	c266148	1
q266282	c266149	1
q266283	c266150	1
q266284	c266151	1
q266285	c266152	1
q266286	c266153	1
q266287	c266154	1
q266288	c266155	1
q266289	c266156	1
q266290	c266157	1
q266291	c266158	1
q266292	c266159	1
q266293	c266160	1
q266294	c266161	1
q266295	c266162	1
q266296	c266163	1
q266297	c266164	1
q266298	c266165	1
q266299	c266166	1
q266300	c266167	1
q266301	c266168	1
q266302	c266169	1
q266303	c266170	1
q266304	c266171	1
q266305	c266172	1
q266306	c266173	1
q266307	c266174	1
q266308	c266175	1
q266309	c266176	1
q266310	c266177	1
q266311	c266178	1
q266312	c266179	1
q266313	c266180	1
q266314	c266181	1
q266315	c266182	1
q266316	c266183	1
q266317	c266184	1
q266318	c266185	1
q266319	c253537	1
q266320	c266186	1
q266321	c266187	1
q266322	c266188	1
q266323	c266189	1
q266324	c266190	1
q266325	c266191	1
q266326	c266192	1
q266327	c266193	1
q266328	c266194	1
q266329	c266195	1
q266330	c266196	1
q266331	c266197	1
q266332	c266198	1
q266333	c266199	1
q266334	c266200	1
q266335	c266201	1
q266336	c266202	1
q266337	c266203	1
q266338	c266204	1
q266339	c266205	1
q266340	c266206	1
q266341	c266207	1
q266342	c266208	1
q266343	c266209	1
q266344	c266210	1
q266345	c266211	1
q266346	c266212	1
q266347	c266213	1
q266348	c266214	1
q266349	c266215	1
q266350	c266216	1
q266351	c266217	1
q266352	c266218	1
q266353	c266219	1
q266354	c266220	1
q266355	c266221	1
q266356	c266222	1
q266357	c266223	1
q266358	c266224	1
q266359	c266225	1
q266360	c266226	1
q266361	c266227	1
q266362	c266228	1
q266363	c266229	1
q266364	c266230	1
q266365	c266231	1
q266366	c266232	1
q266367	c266233	1
q266368	c266234	1
q266369	c266235	1
q266370	c266236	1
q266371	c266237	1
q266372	c266238	1
q266373	c266239	1
q266374	c266240	1
q266375	c266241	1
q266376	c266242	1
q266377	c266243	1
q266378	c266244	1
q266379	c266245	1
q266380	c266246	1
q266381	c266247	1
q266382	c266248	1
q266383	c266249	1
q266384	c266250	1
q266385	c266251	1
q266386	c266252	1
q266387	c134934	1
q266388	c266253	1
q266389	c266254	1
q266390	c266255	1
q266391	c266256	1
q266392	c266257	1
q266393	c266258	1
q266394	c266259	1
q266395	c266260	1
q266396	c266261	1
q266397	c266262	1
q266398	c266263	1
q266399	c266264	1
q266400	c266265	1
q266401	c266266	1
q266402	c266267	1
q266403	c266268	1
q266404	c266269	1
q266405	c266270	1
q266406	c266271	1
q266407	c266272	1
q266408	c266273	1
q266409	c266274	1
q266410	c266275	1
q266411	c266276	1
q266412	c266277	1
q266413	c266278	1
q266414	c266279	1
q266415	c266280	1
q266416	c266281	1
q266417	c266282	1
q266418	c266283	1
q266419	c266284	1
q266420	c266285	1
q266421	c266286	1
q266422	c266287	1
q266423	c266288	1
q266424	c266289	1
q266425	c266290	1
q266426	c266291	1
q266427	c266292	1
q266428	c266293	1
q266429	c266294	1
q266430	c266295	1
q266431	c266296	1
q266432	c266297	1
q266433	c266298	1
q266434	c266299	1
q266435	c266300	1
q266436	c266301	1
q266437	c266302	1
q266438	c266303	1
q266439	c266304	1
q266440	c266305	1
q266441	c266306	1
q266442	c266307	1
q266443	c266308	1
q266444	c266309	1
q266445	c266310	1
q266446	c266311	1
q266447	c266312	1
q266448	c266313	1
q266449	c266314	1
q266450	c266315	1
q266451	c266316	1
q266452	c266317	1
q266453	c266318	1
q266454	c266319	1
q266455	c266320	1
q266456	c266321	1
q266457	c266322	1
q266458	c266323	1
q266459	c266324	1
q266460	c266325	1
q266461	c266326	1
q266462	c266327	1
q266463	c266328	1
q266464	c266329	1
q266465	c266330	1
q266466	c266331	1
q266467	c266332	1
q266468	c266333	1
q266469	c266334	1
q266470	c266335	1
q266471	c266336	1
q266472	c266337	1
q266473	c266338	1
q266474	c266339	1
q266475	c266340	1
q266476	c266341	1
q266477	c266342	1
q266478	c266343	1
q266479	c266344	1
q266480	c266345	1
q266481	c266346	1
q266482	c266347	1
q266483	c266348	1
q266484	c266349	1
q266485	c266350	1
q266486	c266351	1
q266487	c266352	1
q266488	c266353	1
q266489	c266354	1
q266490	c266355	1
q266491	c266356	1
q266492	c266357	1
q266493	c266358	1
q266494	c266359	1
q266495	c266360	1
q266496	c266361	1
q266497	c266362	1
q266498	c266363	1
q266499	c266364	1
q266500	c266365	1
q266501	c266366	1
q266502	c266367	1
q266503	c266368	1
q266504	c266369	1
q266505	c266370	1
q266506	c266371	1
q266507	c266372	1
q266508	c266373	1
q266509	c266374	1
q266510	c266375	1
q266511	c266376	1
q266512	c266377	1
q266513	c266378	1
q266514	c266379	1
q266515	c266380	1
q266516	c266381	1
q266517	c266382	1
q266518	c266383	1
q266519	c266384	1
q266520	c266385	1
q266521	c266386	1
q266522	c266387	1
q266523	c266388	1
q266524	c266389	1
q266525	c266390	1
q266526	c266391	1
q266527	c266392	1
q266528	c266393	1
q266529	c266394	1
q266530	c266395	1
q266531	c266396	1
q266532	c266397	1
q266533	c266398	1
q266534	c266399	1
q266535	c266400	1
q266536	c266401	1
q266537	c266402	1
q266538	c266403	1
q266539	c266404	1
q266540	c266405	1
q266541	c266406	1
q266542	c266407	1
q266543	c266408	1
q266544	c266409	1
q266545	c266410	1
q266546	c266411	1
q266547	c266412	1
q266548	c266413	1
q266549	c266414	1
q266550	c266415	1
q266551	c266416	1
q266552	c266417	1
q266553	c266418	1
q266554	c266419	1
q266555	c266420	1
q266556	c266421	1
q266557	c266422	1
q266558	c266423	1
q266559	c266424	1
q266560	c266425	1
q266561	c266426	1
q266562	c266427	1
q266563	c266428	1
q266564	c266429	1
q266565	c266430	1
q266566	c266431	1
q266567	c266432	1
q266568	c266433	1
q266569	c266434	1
q266570	c266435	1
q266571	c266436	1
q266572	c266437	1
q266573	c266438	1
q266574	c266439	1
q266575	c266440	1
q266576	c266441	1
q266577	c266442	1
q266578	c266443	1
q266579	c266444	1
q266580	c266445	1
q266581	c266446	1
q266582	c266447	1
q266583	c266448	1
q266584	c266449	1
q266585	c266450	1
q266586	c266451	1
q266587	c266452	1
q266588	c266453	1
q266589	c266454	1
q266590	c266455	1
q266591	c266456	1
q266592	c266457	1
q266593	c266458	1
q266594	c266459	1
q266595	c266460	1
q266596	c266461	1
q266597	c266462	1
q266598	c266463	1
q266599	c266464	1
q266600	c266465	1
q266601	c266466	1
q266602	c266467	1
q266603	c266468	1
q266604	c266469	1
q266605	c266470	1
q266606	c266471	1
q266607	c266472	1
q266608	c266473	1
q266609	c266474	1
q266610	c266475	1
q266611	c266476	1
q266612	c266477	1
q266613	c266478	1
q266614	c266479	1
q266615	c266480	1
q266616	c266481	1
q266617	c266482	1
q266618	c266483	1
q266619	c266484	1
q266620	c266485	1
q266621	c266486	1
q266622	c266487	1
q266623	c266488	1
q266624	c266489	1
q266625	c266490	1
q266626	c266491	1
q266627	c266492	1
q266628	c266493	1
q266629	c266494	1
q266630	c266495	1
q266631	c266496	1
q266632	c266497	1
q266633	c266498	1
q266634	c266499	1
q266635	c266500	1
q266636	c266501	1
q266637	c266502	1
q266638	c266503	1
q266639	c266504	1
q266640	c266505	1
q266641	c266506	1
q266642	c266507	1
q266643	c266508	1
q266644	c266509	1
q266645	c266510	1
q266646	c266511	1
q266647	c266512	1
q266648	c266513	1
q266649	c266514	1
q266650	c266515	1
q266651	c266516	1
q266652	c266517	1
q266653	c266518	1
q266654	c266519	1
q266655	c266520	1
q266656	c266521	1
q266657	c266522	1
q266658	c266523	1
q266659	c266524	1
q266660	c266525	1
q266661	c266526	1
q266662	c266527	1
q266663	c266528	1
q266664	c266529	1
q266665	c266530	1
q266666	c266531	1
q266667	c266532	1
q266668	c266533	1
q266669	c266534	1
q266670	c266535	1
q266671	c266536	1
q266672	c266537	1
q266673	c266538	1
q266674	c266539	1
q266675	c266540	1
q266676	c266541	1
q266677	c266542	1
q266678	c266543	1
q266679	c266544	1
q266680	c266545	1
q266681	c266546	1
q266682	c266547	1
q266683	c266548	1
q266684	c266549	1
q266685	c266550	1
q266686	c266551	1
q266687	c266552	1
q266688	c266553	1
q266689	c266554	1
q266690	c266555	1
q266691	c266556	1
q266692	c266557	1
q266693	c266558	1
q266694	c266559	1
q266695	c266560	1
q266696	c266561	1
q266697	c266562	1
q266698	c266563	1
q266699	c266564	1
q266700	c266565	1
q266701	c266566	1
q266702	c266567	1
q266703	c266568	1
q266704	c266569	1
q266705	c266570	1
q266706	c266571	1
q266707	c266572	1
q266708	c266573	1
q266709	c266574	1
q266710	c266575	1
q266711	c266576	1
q266712	c266577	1
q266713	c266578	1
q266714	c266579	1
q266715	c266580	1
q266716	c266581	1
q266717	c266582	1
q266718	c266583	1
q266719	c266584	1
q266720	c266585	1
q266721	c266586	1
q266722	c266587	1
q266723	c266588	1
q266724	c266589	1
q266725	c266590	1
q266726	c266591	1
q266727	c266592	1
q266728	c266593	1
q266729	c266594	1
q266730	c266595	1
q266731	c266596	1
q266732	c266597	1
q266733	c266598	1
q266734	c266599	1
q266735	c266600	1
q266736	c266601	1
q266737	c266602	1
q266738	c266603	1
q266739	c266604	1
q266740	c266605	1
q266741	c266606	1
q266742	c266607	1
q266743	c266608	1
q266744	c266609	1
q266745	c266610	1
q266746	c266611	1
q266747	c266612	1
q266748	c266613	1
q266749	c266614	1
q266750	c266615	1
q266751	c266616	1
q266752	c266617	1
q266753	c266618	1
q266754	c266619	1
q266755	c266620	1
q266756	c266621	1
q266757	c266622	1
q266758	c266623	1
q266759	c266624	1
q266760	c266625	1
q266761	c266626	1
q266762	c266627	1
q266763	c266628	1
q266764	c266629	1
q266765	c266630	1
q266766	c266631	1
q266767	c266632	1
q266768	c266633	1
q266769	c266634	1
q266770	c266635	1
q266771	c266636	1
q266772	c266637	1
q266773	c266638	1
q266774	c266639	1
q266775	c266640	1
q266776	c266641	1
q266777	c266642	1
q266778	c266643	1
q266779	c266644	1
q266780	c266645	1
q266781	c266646	1
q266782	c266647	1
q266783	c266648	1
q266784	c266649	1
q266785	c266650	1
q266786	c266651	1
q266787	c266652	1
q266788	c266653	1
q266789	c266654	1
q266790	c266655	1
q266791	c266656	1
q266792	c266657	1
q266793	c266658	1
q266794	c266659	1
q266795	c266660	1
q266796	c266661	1
q266797	c266662	1
q266798	c266663	1
q266799	c266664	1
q266800	c266665	1
q266801	c266666	1
q266802	c266667	1
q266803	c266668	1
q266804	c266669	1
q266805	c266670	1
q266806	c266671	1
q266807	c266672	1
q266808	c266673	1
q266809	c266674	1
q266810	c266675	1
q266811	c266676	1
q266812	c266677	1
q266813	c266678	1
q266814	c266679	1
q266815	c266680	1
q266816	c266681	1
q266817	c266682	1
q266818	c266683	1
q266819	c266684	1
q266820	c266685	1
q266821	c266686	1
q266822	c266687	1
q266823	c266688	1
q266824	c266689	1
q266825	c266690	1
q266826	c266691	1
q266827	c266692	1
q266828	c266693	1
q266829	c266694	1
q266830	c266695	1
q266831	c266696	1
q266832	c266697	1
q266833	c266698	1
q266834	c266699	1
q266835	c266700	1
q266836	c266701	1
q266837	c266702	1
q266838	c266703	1
q266839	c266704	1
q266840	c266705	1
q266841	c266706	1
q266842	c266707	1
q266843	c266708	1
q266844	c266709	1
q266845	c266710	1
q266846	c266711	1
q266847	c266712	1
q266848	c266713	1
q266849	c266714	1
q266850	c266715	1
q266851	c266716	1
q266852	c266717	1
q266853	c266718	1
q266854	c266719	1
q266855	c266720	1
q266856	c266721	1
q266857	c266722	1
q266858	c266723	1
q266859	c266724	1
q266860	c266725	1
q266861	c266726	1
q266862	c266727	1
q266863	c266728	1
q266864	c266729	1
q266865	c266730	1
q266866	c266731	1
q266867	c266732	1
q266868	c266733	1
q266869	c266734	1
q266870	c266735	1
q266871	c266736	1
q266872	c266737	1
q266873	c266738	1
q266874	c266739	1
q266875	c266740	1
q266876	c266741	1
q266877	c266742	1
q266878	c266743	1
q266879	c266744	1
q266880	c266745	1
q266881	c266746	1
q266882	c266747	1
q266883	c266748	1
q266884	c266749	1
q266885	c266750	1
q266886	c266751	1
q266887	c266752	1
q266888	c266753	1
q266889	c266754	1
q266890	c266755	1
q266891	c266756	1
q266892	c266757	1
q266893	c266758	1
q266894	c266759	1
q266895	c128025	1
q266896	c266760	1
q266897	c127759	1
q266898	c266761	1
q266899	c127758	1
q266900	c266762	1
q266901	c266763	1
q266902	c266764	1
q266903	c266765	1
q266904	c266766	1
q266905	c266767	1
q266906	c266768	1
q266907	c266769	1
q266908	c266770	1
q266909	c266771	1
q266910	c266772	1
q266911	c266773	1
q266912	c266774	1
q266913	c266775	1
q266914	c266776	1
q266915	c266777	1
q266916	c266778	1
q266917	c266779	1
q266918	c266780	1
q266919	c266781	1
q266920	c266782	1
q266921	c266783	1
q266922	c266784	1
q266923	c266785	1
q266924	c266786	1
q266925	c266787	1
q266926	c266788	1
q266927	c266789	1
q266928	c266790	1
q266929	c266791	1
q266930	c266792	1
q266931	c266793	1
q266932	c266794	1
q266933	c266795	1
q266934	c266796	1
q266935	c266797	1
q266936	c266798	1
q266937	c266799	1
q266938	c266800	1
q266939	c266801	1
q266940	c266802	1
q266941	c266803	1
q266942	c266804	1
q266943	c266805	1
q266944	c266806	1
q266945	c266807	1
q266946	c266808	1
q266947	c266809	1
q266948	c266810	1
q266949	c266811	1
q266950	c266812	1
q266951	c266813	1
q266952	c266814	1
q266953	c266815	1
q266954	c266816	1
q266955	c266817	1
q266956	c266818	1
q266957	c266819	1
q266958	c266820	1
q266959	c266821	1
q266960	c266822	1
q266961	c266823	1
q266962	c266824	1
q266963	c266825	1
q266964	c266826	1
q266965	c266827	1
q266966	c266828	1
q266967	c266829	1
q266968	c266830	1
q266969	c266831	1
q266970	c266832	1
q266971	c266833	1
q266972	c266834	1
q266973	c266835	1
q266974	c266836	1
q266975	c266837	1
q266976	c266838	1
q266977	c266839	1
q266978	c266840	1
q266979	c266841	1
q266980	c266842	1
q266981	c266843	1
q266982	c266844	1
q266983	c266845	1
q266984	c266846	1
q266985	c266847	1
q266986	c266848	1
q266987	c266849	1
q266988	c266850	1
q266989	c266851	1
q266990	c266852	1
q266991	c266853	1
q266992	c266854	1
q266993	c266855	1
q266994	c266856	1
q266995	c266857	1
q266996	c266858	1
q266997	c266859	1
q266998	c266860	1
q266999	c266861	1
q267000	c266862	1
q267001	c266863	1
q267002	c266864	1
q267003	c266865	1
q267004	c266866	1
q267005	c266867	1
q267006	c266868	1
q267007	c266869	1
q267008	c266870	1
q267009	c266871	1
q267010	c266872	1
q267011	c266873	1
q267012	c266874	1
q267013	c266875	1
q267014	c266876	1
q267015	c266877	1
q267016	c266878	1
q267017	c266879	1
q267018	c242010	1
q267019	c266880	1
q267020	c266881	1
q267021	c266882	1
q267022	c266883	1
q267023	c266884	1
q267024	c266885	1
q267025	c266886	1
q267026	c266887	1
q267027	c266888	1
q267028	c266889	1
q267029	c266890	1
q267030	c266891	1
q267031	c266892	1
q267032	c266893	1
q267033	c266894	1
q267034	c266895	1
q267035	c266896	1
q267036	c266897	1
q267037	c266898	1
q267038	c266899	1
q267039	c266900	1
q267040	c266901	1
q267041	c266902	1
q267042	c266903	1
q267043	c266904	1
q267044	c266905	1
q267045	c266906	1
q267046	c266907	1
q267047	c266908	1
q267048	c266909	1
q267049	c266910	1
q267050	c266911	1
q267051	c266912	1
q267052	c266913	1
q267053	c266914	1
q267054	c266915	1
q267055	c266916	1
q267056	c266917	1
q267057	c266918	1
q267058	c266919	1
q267059	c266920	1
q267060	c266921	1
q267061	c266922	1
q267062	c266923	1
q267063	c266924	1
q267064	c266925	1
q267065	c266926	1
q267066	c266927	1
q267067	c266928	1
q267068	c266929	1
q267069	c266930	1
q267070	c266931	1
q267071	c266932	1
q267072	c266933	1
q267073	c266934	1
q267074	c266935	1
q267075	c266936	1
q267076	c266937	1
q267077	c266938	1
q267078	c266939	1
q267079	c266940	1
q267080	c266941	1
q267081	c266942	1
q267082	c266943	1
q267083	c266944	1
q267084	c266945	1
q267085	c266946	1
q267086	c266947	1
q267087	c266948	1
q267088	c266949	1
q267089	c266950	1
q267090	c266951	1
q267091	c266952	1
q267092	c266953	1
q267093	c266954	1
q267094	c266955	1
q267095	c266956	1
q267096	c266957	1
q267097	c266958	1
q267098	c266959	1
q267099	c266960	1
q267100	c266961	1
q267101	c266962	1
q267102	c266963	1
q267103	c266964	1
q267104	c266965	1
q267105	c266966	1
q267106	c266967	1
q267107	c266968	1
q267108	c266969	1
q267109	c266970	1
q267110	c266971	1
q267111	c266972	1
q267112	c266973	1
q267113	c266974	1
q267114	c266975	1
q267115	c266976	1
q267116	c266977	1
q267117	c266978	1
q267118	c266979	1
q267119	c266980	1
q267120	c266981	1
q267121	c266982	1
q267122	c266983	1
q267123	c266984	1
q267124	c266985	1
q267125	c266986	1
q267126	c266987	1
q267127	c266988	1
q267128	c266989	1
q267129	c266990	1
q267130	c266991	1
q267131	c266992	1
q267132	c266993	1
q267133	c266994	1
q267134	c266995	1
q267135	c266996	1
q267136	c266997	1
q267137	c266998	1
q267138	c266999	1
q267139	c267000	1
q267140	c267001	1
q267141	c267002	1
q267142	c267003	1
q267143	c267004	1
q267144	c267005	1
q267145	c267006	1
q267146	c267007	1
q267147	c267008	1
q267148	c267009	1
q267149	c267010	1
q267150	c267011	1
q267151	c267012	1
q267152	c267013	1
q267153	c267014	1
q267154	c267015	1
q267155	c267016	1
q267156	c267017	1
q267157	c267018	1
q267158	c267019	1
q267159	c267020	1
q267160	c267021	1
q267161	c267022	1
q267162	c267023	1
q267163	c267024	1
q267164	c267025	1
q267165	c267026	1
q267166	c267027	1
q267167	c267028	1
q267168	c267029	1
q267169	c267030	1
q267170	c267031	1
q267171	c267032	1
q267172	c267033	1
q267173	c267034	1
q267174	c267035	1
q267175	c267036	1
q267176	c267037	1
q267177	c267038	1
q267178	c267039	1
q267179	c267040	1
q267180	c267041	1
q267181	c267042	1
q267182	c267043	1
q267183	c267044	1
q267184	c267045	1
q267185	c267046	1
q267186	c267047	1
q267187	c267048	1
q267188	c267049	1
q267189	c267050	1
q267190	c267051	1
q267191	c267052	1
q267192	c267053	1
q267193	c267054	1
q267194	c267055	1
q267195	c267056	1
q267196	c267057	1
q267197	c267058	1
q267198	c267059	1
q267199	c267060	1
q267200	c267061	1
q267201	c267062	1
q267202	c267063	1
q267203	c267064	1
q267204	c267065	1
q267205	c267066	1
q267206	c267067	1
q267207	c267068	1
q267208	c267069	1
q267209	c267070	1
q267210	c267071	1
q267211	c267072	1
q267212	c267073	1
q267213	c267074	1
q267214	c267075	1
q267215	c267076	1
q267216	c267077	1
q267217	c267078	1
q267218	c267079	1
q267219	c267080	1
q267220	c267081	1
q267221	c267082	1
q267222	c267083	1
q267223	c267084	1
q267224	c267085	1
q267225	c267086	1
q267226	c267087	1
q267227	c267088	1
q267228	c267089	1
q267229	c267090	1
q267230	c267091	1
q267231	c267092	1
q267232	c267093	1
q267233	c267094	1
q267234	c267095	1
q267235	c267096	1
q267236	c267097	1
q267237	c267098	1
q267238	c267099	1
q267239	c267100	1
q267240	c267101	1
q267241	c267102	1
q267242	c267103	1
q267243	c267104	1
q267244	c267105	1
q267245	c267106	1
q267246	c267107	1
q267247	c267108	1
q267248	c267109	1
q267249	c267110	1
q267250	c267111	1
q267251	c267112	1
q267252	c267113	1
q267253	c267114	1
q267254	c267115	1
q267255	c267116	1
q267256	c267117	1
q267257	c267118	1
q267258	c267119	1
q267259	c267120	1
q267260	c267121	1
q267261	c267122	1
q267262	c267123	1
q267263	c267124	1
q267264	c267125	1
q267265	c267126	1
q267266	c267127	1
q267267	c267128	1
q267268	c267129	1
q267269	c267130	1
q267270	c267131	1
q267271	c267132	1
q267272	c267133	1
q267273	c267134	1
q267274	c267135	1
q267275	c267136	1
q267276	c267137	1
q267277	c267138	1
q267278	c267139	1
q267279	c267140	1
q267280	c267141	1
q267281	c267142	1
q267282	c267143	1
q267283	c267144	1
q267284	c267145	1
q267285	c267146	1
q267286	c267147	1
q267287	c267148	1
q267288	c267149	1
q267289	c267150	1
q267290	c267151	1
q267291	c267152	1
q267292	c267153	1
q267293	c267154	1
q267294	c267155	1
q267295	c267156	1
q267296	c267157	1
q267297	c267158	1
q267298	c267159	1
q267299	c267160	1
q267300	c267161	1
q267301	c267162	1
q267302	c267163	1
q267303	c267164	1
q267304	c267165	1
q267305	c267166	1
q267306	c267167	1
q267307	c267168	1
q267308	c267169	1
q267309	c267170	1
q267310	c267171	1
q267311	c267172	1
q267312	c267173	1
q267313	c267174	1
q267314	c267175	1
q267315	c267176	1
q267316	c267177	1
q267317	c267178	1
q267318	c267179	1
q267319	c267180	1
q267320	c267181	1
q267321	c267182	1
q267322	c267183	1
q267323	c267184	1
q267324	c267185	1
q267325	c267186	1
q267326	c267187	1
q267327	c267188	1
q267328	c267189	1
q267329	c267190	1
q267330	c267191	1
q267331	c267192	1
q267332	c267193	1
q267333	c267194	1
q267334	c267195	1
q267335	c267196	1
q267336	c267197	1
q267337	c267198	1
q267338	c267199	1
q267339	c267200	1
q267340	c267201	1
q267341	c267202	1
q267342	c267203	1
q267343	c267204	1
q267344	c267205	1
q267345	c267206	1
q267346	c267207	1
q267347	c267208	1
q267348	c267209	1
q267349	c267210	1
q267350	c267211	1
q267351	c267212	1
q267352	c267213	1
q267353	c267214	1
q267354	c267215	1
q267355	c267216	1
q267356	c267217	1
q267357	c267218	1
q267358	c267219	1
q267359	c267220	1
q267360	c267221	1
q267361	c267222	1
q267362	c267223	1
q267363	c267224	1
q267364	c267225	1
q267365	c267226	1
q267366	c267227	1
q267367	c267228	1
q267368	c267229	1
q267369	c267230	1
q267370	c267231	1
q267371	c267232	1
q267372	c267233	1
q267373	c267234	1
q267374	c267235	1
q267375	c267236	1
q267376	c267237	1
q267377	c267238	1
q267378	c267239	1
q267379	c267240	1
q267380	c267241	1
q267381	c267242	1
q267382	c267243	1
q267383	c267244	1
q267384	c267245	1
q267385	c267246	1
q267386	c267247	1
q267387	c267248	1
q267388	c267249	1
q267389	c267250	1
q267390	c267251	1
q267391	c267252	1
q267392	c267253	1
q267393	c267254	1
q267394	c267255	1
q267395	c267256	1
q267396	c267257	1
q267397	c267258	1
q267398	c267259	1
q267399	c267260	1
q267400	c267261	1
q267401	c267262	1
q267402	c267263	1
q267403	c267264	1
q267404	c267265	1
q267405	c267266	1
q267406	c267267	1
q267407	c267268	1
q267408	c267269	1
q267409	c267270	1
q267410	c267271	1
q267411	c267272	1
q267412	c267273	1
q267413	c267274	1
q267414	c267275	1
q267415	c267276	1
q267416	c267277	1
q267417	c267278	1
q267418	c267279	1
q267419	c267280	1
q267420	c267281	1
q267421	c267282	1
q267422	c267283	1
q267423	c267284	1
q267424	c267285	1
q267425	c267286	1
q267426	c267287	1
q267427	c267288	1
q267428	c267289	1
q267429	c267290	1
q267430	c267291	1
q267431	c267292	1
q267432	c267293	1
q267433	c267294	1
q267434	c267295	1
q267435	c267296	1
q267436	c267297	1
q267437	c267298	1
q267438	c267299	1
q267439	c267300	1
q267440	c267301	1
q267441	c267302	1
q267442	c267303	1
q267443	c267304	1
q267444	c267305	1
q267445	c267306	1
q267446	c267307	1
q267447	c267308	1
q267448	c267309	1
q267449	c267310	1
q267450	c267311	1
q267451	c267312	1
q267452	c267313	1
q267453	c267314	1
q267454	c267315	1
q267455	c267316	1
q267456	c267317	1
q267457	c267318	1
q267458	c267319	1
q267459	c267320	1
q267460	c267321	1
q267461	c267322	1
q267462	c267323	1
q267463	c267324	1
q267464	c267325	1
q267465	c267326	1
q267466	c267327	1
q267467	c267328	1
q267468	c267329	1
q267469	c267330	1
q267470	c267331	1
q267471	c267332	1
q267472	c267333	1
q267473	c267334	1
q267474	c267335	1
q267475	c267336	1
q267476	c267337	1
q267477	c267338	1
q267478	c267339	1
q267479	c267340	1
q267480	c267341	1
q267481	c267342	1
q267482	c267343	1
q267483	c267344	1
q267484	c267345	1
q267485	c267346	1
q267486	c267347	1
q267487	c267348	1
q267488	c267349	1
q267489	c267350	1
q267490	c267351	1
q267491	c267352	1
q267492	c267353	1
q267493	c267354	1
q267494	c267355	1
q267495	c267356	1
q267496	c267357	1
q267497	c267358	1
q267498	c267359	1
q267499	c267360	1
q267500	c267361	1
q267501	c267362	1
q267502	c267363	1
q267503	c267364	1
q267504	c267365	1
q267505	c267366	1
q267506	c267367	1
q267507	c267368	1
q267508	c267369	1
q267509	c267370	1
q267510	c267371	1
q267511	c267372	1
q267512	c267373	1
q267513	c267374	1
q267514	c267375	1
q267515	c267376	1
q267516	c267377	1
q267517	c267378	1
q267518	c267379	1
q267519	c267380	1
q267520	c267381	1
q267521	c267382	1
q267522	c267383	1
q267523	c267384	1
q267524	c267385	1
q267525	c267386	1
q267526	c267387	1
q267527	c267388	1
q267528	c267389	1
q267529	c267390	1
q267530	c267391	1
q267531	c267392	1
q267532	c267393	1
q267533	c267394	1
q267534	c267395	1
q267535	c267396	1
q267536	c267397	1
q267537	c267398	1
q267538	c267399	1
q267539	c267400	1
q267540	c267401	1
q267541	c267402	1
q267542	c267403	1
q267543	c267404	1
q267544	c267405	1
q267545	c267406	1
q267546	c267407	1
q267547	c267408	1
q267548	c267409	1
q267549	c267410	1
q267550	c267411	1
q267551	c267412	1
q267552	c267413	1
q267553	c267414	1
q267554	c267415	1
q267555	c267416	1
q267556	c267417	1
q267557	c267418	1
q267558	c267419	1
q267559	c267420	1
q267560	c267421	1
q267561	c267422	1
q267562	c267423	1
q267563	c267424	1
q267564	c267425	1
q267565	c267426	1
q267566	c267427	1
q267567	c267428	1
q267568	c267429	1
q267569	c267430	1
q267570	c267431	1
q267571	c267432	1
q267572	c267433	1
q267573	c267434	1
q267574	c267435	1
q267575	c267436	1
q267576	c267437	1
q267577	c267438	1
q267578	c267439	1
q267579	c267440	1
q267580	c267441	1
q267581	c267442	1
q267582	c267443	1
q267583	c267444	1
q267584	c267445	1
q267585	c267446	1
q267586	c267447	1
q267587	c267448	1
q267588	c267449	1
q267589	c267450	1
q267590	c267451	1
q267591	c267452	1
q267592	c267453	1
q267593	c267454	1
q267594	c267455	1
q267595	c267456	1
q267596	c267457	1
q267597	c267458	1
q267598	c267459	1
q267599	c267460	1
q267600	c267461	1
q267601	c267462	1
q267602	c267463	1
q267603	c267464	1
q267604	c267465	1
q267605	c267466	1
q267606	c267467	1
q267607	c267468	1
q267608	c267469	1
q267609	c267470	1
q267610	c267471	1
q267611	c267472	1
q267612	c267473	1
q267613	c267474	1
q267614	c267475	1
q267615	c267476	1
q267616	c267477	1
q267617	c267478	1
q267618	c267479	1
q267619	c267480	1
q267620	c267481	1
q267621	c267482	1
q267622	c267483	1
q267623	c267484	1
q267624	c267485	1
q267625	c267486	1
q267626	c267487	1
q267627	c267488	1
q267628	c267489	1
q267629	c267490	1
q267630	c267491	1
q267631	c267492	1
q267632	c267493	1
q267633	c267494	1
q267634	c267495	1
q267635	c267496	1
q267636	c267497	1
q267637	c267498	1
q267638	c267499	1
q267639	c267500	1
q267640	c267501	1
q267641	c267502	1
q267642	c267503	1
q267643	c267504	1
q267644	c267505	1
q267645	c267506	1
q267646	c267507	1
q267647	c267508	1
q267648	c267509	1
q267649	c267510	1
q267650	c267511	1
q267651	c267512	1
q267652	c267513	1
q267653	c267514	1
q267654	c267515	1
q267655	c267516	1
q267656	c267517	1
q267657	c267518	1
q267658	c267519	1
q267659	c267520	1
q267660	c267521	1
q267661	c267522	1
q267662	c267523	1
q267663	c267524	1
q267664	c267525	1
q267665	c267526	1
q267666	c267527	1
q267667	c267528	1
q267668	c267529	1
q267669	c267530	1
q267670	c267531	1
q267671	c267532	1
q267672	c267533	1
q267673	c267534	1
q267674	c267535	1
q267675	c267536	1
q267676	c267537	1
q267677	c267538	1
q267678	c267539	1
q267679	c267540	1
q267680	c267541	1
q267681	c267542	1
q267682	c267543	1
q267683	c267544	1
q267684	c267545	1
q267685	c267546	1
q267686	c267547	1
q267687	c267548	1
q267688	c267549	1
q267689	c267550	1
q267690	c267551	1
q267691	c267552	1
q267692	c267553	1
q267693	c267554	1
q267694	c267555	1
q267695	c267556	1
q267696	c267557	1
q267697	c267558	1
q267698	c267559	1
q267699	c267560	1
q267700	c267561	1
q267701	c267562	1
q267702	c267563	1
q267703	c267564	1
q267704	c267565	1
q267705	c267566	1
q267706	c267567	1
q267707	c267568	1
q267708	c267569	1
q267709	c267570	1
q267710	c267571	1
q267711	c267572	1
q267712	c267573	1
q267713	c267574	1
q267714	c267575	1
q267715	c267576	1
q267716	c267577	1
q267717	c267578	1
q267718	c267579	1
q267719	c267580	1
q267720	c267581	1
q267721	c267582	1
q267722	c267583	1
q267723	c267584	1
q267724	c267585	1
q267725	c267586	1
q267726	c267587	1
q267727	c267588	1
q267728	c267589	1
q267729	c267590	1
q267730	c267591	1
q267731	c267592	1
q267732	c267593	1
q267733	c267594	1
q267734	c267595	1
q267735	c267596	1
q267736	c267597	1
q267737	c267598	1
q267738	c267599	1
q267739	c267600	1
q267740	c267601	1
q267741	c267602	1
q267742	c267603	1
q267743	c267604	1
q267744	c267605	1
q267745	c267606	1
q267746	c267607	1
q267747	c267608	1
q267748	c267609	1
q267749	c267610	1
q267750	c267611	1
q267751	c267612	1
q267752	c267613	1
q267753	c267614	1
q267754	c267615	1
q267755	c267616	1
q267756	c267617	1
q267757	c267618	1
q267758	c267619	1
q267759	c267620	1
q267760	c267621	1
q267761	c267622	1
q267762	c267623	1
q267763	c267624	1
q267764	c267625	1
q267765	c267626	1
q267766	c267627	1
q267767	c267628	1
q267768	c267629	1
q267769	c267630	1
q267770	c267631	1
q267771	c267632	1
q267772	c267633	1
q267773	c267634	1
q267774	c267635	1
q267775	c267636	1
q267776	c267637	1
q267777	c267638	1
q267778	c267639	1
q267779	c267640	1
q267780	c267641	1
q267781	c267642	1
q267782	c267643	1
q267783	c267644	1
q267784	c267645	1
q267785	c267646	1
q267786	c267647	1
q267787	c267648	1
q267788	c267649	1
q267789	c267650	1
q267790	c267651	1
q267791	c267652	1
q267792	c267653	1
q267793	c267654	1
q267794	c267655	1
q267795	c267656	1
q267796	c267657	1
q267797	c267658	1
q267798	c267659	1
q267799	c267660	1
q267800	c267661	1
q267801	c267662	1
q267802	c267663	1
q267803	c267664	1
q267804	c267665	1
q267805	c267666	1
q267806	c267667	1
q267807	c267668	1
q267808	c267669	1
q267809	c267670	1
q267810	c267671	1
q267811	c267672	1
q267812	c267673	1
q267813	c267674	1
q267814	c267675	1
q267815	c267676	1
q267816	c267677	1
q267817	c267678	1
q267818	c267679	1
q267819	c267680	1
q267820	c267681	1
q267821	c267682	1
q267822	c267683	1
q267823	c267684	1
q267824	c267685	1
q267825	c267686	1
q267826	c267687	1
q267827	c267688	1
q267828	c267689	1
q267829	c267690	1
q267830	c267691	1
q267831	c267692	1
q267832	c267693	1
q267833	c267694	1
q267834	c267695	1
q267835	c267696	1
q267836	c267697	1
q267837	c267698	1
q267838	c267699	1
q267839	c267700	1
q267840	c267701	1
q267841	c267702	1
q267842	c267703	1
q267843	c267704	1
q267844	c267705	1
q267845	c267706	1
q267846	c267707	1
q267847	c267708	1
q267848	c267709	1
q267849	c267710	1
q267850	c267711	1
q267851	c267712	1
q267852	c267713	1
q267853	c267714	1
q267854	c267715	1
q267855	c267716	1
q267856	c267717	1
q267857	c267718	1
q267858	c267719	1
q267859	c267720	1
q267860	c267721	1
q267861	c267722	1
q267862	c267723	1
q267863	c267724	1
q267864	c267725	1
q267865	c267726	1
q267866	c267727	1
q267867	c267728	1
q267868	c267729	1
q267869	c267730	1
q267870	c267731	1
q267871	c267732	1
q267872	c267733	1
q267873	c267734	1
q267874	c267735	1
q267875	c267736	1
q267876	c267737	1
q267877	c267738	1
q267878	c267739	1
q267879	c267740	1
q267880	c267741	1
q267881	c267742	1
q267882	c267743	1
q267883	c267744	1
q267884	c267745	1
q267885	c267746	1
q267886	c267747	1
q267887	c267748	1
q267888	c267749	1
q267889	c267750	1
q267890	c267751	1
q267891	c267752	1
q267892	c267753	1
q267893	c267754	1
q267894	c267755	1
q267895	c267756	1
q267896	c267757	1
q267897	c267758	1
q267898	c267759	1
q267899	c267760	1
q267900	c267761	1
q267901	c267762	1
q267902	c267763	1
q267903	c267764	1
q267904	c267765	1
q267905	c267766	1
q267906	c267767	1
q267907	c267768	1
q267908	c267769	1
q267909	c267770	1
q267910	c267771	1
q267911	c267772	1
q267912	c267773	1
q267913	c267774	1
q267914	c267775	1
q267915	c267776	1
q267916	c267777	1
q267917	c267778	1
q267918	c267779	1
q267919	c267780	1
q267920	c267781	1
q267921	c267782	1
q267922	c267783	1
q267923	c267784	1
q267924	c267785	1
q267925	c267786	1
q267926	c267787	1
q267927	c267788	1
q267928	c267789	1
q267929	c267790	1
q267930	c267791	1
q267931	c267792	1
q267932	c267793	1
q267933	c267794	1
q267934	c267795	1
q267935	c267796	1
q267936	c267797	1
q267937	c267798	1
q267938	c267799	1
q267939	c267800	1
q267940	c267801	1
q267941	c267802	1
q267942	c267803	1
q267943	c267804	1
q267944	c267805	1
q267945	c267806	1
q267946	c267807	1
q267947	c267808	1
q267948	c267809	1
q267949	c267810	1
q267950	c267811	1
q267951	c267812	1
q267952	c267813	1
q267953	c267814	1
q267954	c267815	1
q267955	c267816	1
q267956	c267817	1
q267957	c267818	1
q267958	c267819	1
q267959	c267820	1
q267960	c267821	1
q267961	c267822	1
q267962	c267823	1
q267963	c267824	1
q267964	c267825	1
q267965	c267826	1
q267966	c267827	1
q267967	c267828	1
q267968	c267829	1
q267969	c267830	1
q267970	c267831	1
q267971	c267832	1
q267972	c267833	1
q267973	c267834	1
q267974	c267835	1
q267975	c267836	1
q267976	c267837	1
q267977	c267838	1
q267978	c267839	1
q267979	c267840	1
q267980	c267841	1
q267981	c267842	1
q267982	c267843	1
q267983	c267844	1
q267984	c267845	1
q267985	c267846	1
q267986	c267847	1
q267987	c267848	1
q267988	c267849	1
q267989	c267850	1
q267990	c267851	1
q267991	c267852	1
q267992	c267853	1
q267993	c267854	1
q267994	c267855	1
q267995	c267856	1
q267996	c267857	1
q267997	c267858	1
q267998	c267859	1
q267999	c267860	1
q268000	c267861	1
q268001	c267862	1
q268002	c267863	1
q268003	c267864	1
q268004	c267865	1
q268005	c267866	1
q268006	c267867	1
q268007	c267868	1
q268008	c267869	1
q268009	c267870	1
q268010	c267871	1
q268011	c267872	1
q268012	c267873	1
q268013	c267874	1
q268014	c267875	1
q268015	c267876	1
q268016	c267877	1
q268017	c267878	1
q268018	c267879	1
q268019	c267880	1
q268020	c267881	1
q268021	c267882	1
q268022	c267883	1
q268023	c267884	1
q268024	c267885	1
q268025	c267886	1
q268026	c267887	1
q268027	c267888	1
q268028	c267889	1
q268029	c267890	1
q268030	c267891	1
q268031	c267892	1
q268032	c267893	1
q268033	c267894	1
q268034	c267895	1
q268035	c267896	1
q268036	c267897	1
q268037	c267898	1
q268038	c267899	1
q268039	c267900	1
q268040	c267901	1
q268041	c267902	1
q268042	c267903	1
q268043	c267904	1
q268044	c267905	1
q268045	c267906	1
q268046	c267907	1
q268047	c267908	1
q268048	c267909	1
q268049	c267910	1
q268050	c267911	1
q268051	c267912	1
q268052	c267913	1
q268053	c267914	1
q268054	c267915	1
q268055	c267916	1
q268056	c267917	1
q268057	c267918	1
q268058	c267919	1
q268059	c267920	1
q268060	c267921	1
q268061	c267922	1
q268062	c267923	1
q268063	c267924	1
q268064	c267925	1
q268065	c267926	1
q268066	c267927	1
q268067	c267928	1
q268068	c267929	1
q268069	c267930	1
q268070	c267931	1
q268071	c267932	1
q268072	c267933	1
q268073	c267934	1
q268074	c267935	1
q268075	c267936	1
q268076	c267937	1
q268077	c267938	1
q268078	c267939	1
q268079	c267940	1
q268080	c267941	1
q268081	c267942	1
q268082	c267943	1
q268083	c267944	1
q268084	c267945	1
q268085	c267946	1
q268086	c267947	1
q268087	c267948	1
q268088	c267949	1
q268089	c267950	1
q268090	c135655	1
q268091	c135654	1
q268092	c267951	1
q268093	c267952	1
q268094	c267953	1
q268095	c267954	1
q268096	c267955	1
q268097	c267956	1
q268098	c25027	1
q268099	c267957	1
q268100	c267958	1
q268101	c25028	1
q268102	c267959	1
q268103	c267960	1
q268104	c267961	1
q268105	c267962	1
q268106	c267963	1
q268107	c267964	1
q268108	c267965	1
q268109	c267966	1
q268110	c267967	1
q268111	c267968	1
q268112	c267969	1
q268113	c267970	1
q268114	c267971	1
q268115	c267972	1
q268116	c267973	1
q268117	c267974	1
q268118	c267975	1
q268119	c267976	1
q268120	c267977	1
q268121	c267978	1
q268122	c267979	1
q268123	c267980	1
q268124	c267981	1
q268125	c267982	1
q268126	c267983	1
q268127	c267984	1
q268128	c267985	1
q268129	c267986	1
q268130	c267987	1
q268131	c267988	1
q268132	c267989	1
q268133	c267990	1
q268134	c267991	1
q268135	c267992	1
q268136	c267993	1
q268137	c267994	1
q268138	c267995	1
q268139	c267996	1
q268140	c267997	1
q268141	c267998	1
q268142	c267999	1
q268143	c268000	1
q268144	c268001	1
q268145	c268002	1
q268146	c268003	1
q268147	c268004	1
q268148	c268005	1
q268149	c268006	1
q268150	c268007	1
q268151	c268008	1
q268152	c268009	1
q268153	c268010	1
q268154	c268011	1
q268155	c268012	1
q268156	c268013	1
q268157	c268014	1
q268158	c268015	1
q268159	c268016	1
q268160	c268017	1
q268161	c268018	1
q268162	c268019	1
q268163	c268020	1
q268164	c268021	1
q268165	c268022	1
q268166	c268023	1
q268167	c268024	1
q268168	c268025	1
q268169	c268026	1
q268170	c268027	1
q268171	c268028	1
q268172	c268029	1
q268173	c268030	1
q268174	c268031	1
q268175	c268032	1
q268176	c268033	1
q268177	c268034	1
q268178	c268035	1
q268179	c268036	1
q268180	c268037	1
q268181	c268038	1
q268182	c268039	1
q268183	c268040	1
q268184	c268041	1
q268185	c268042	1
q268186	c268043	1
q268187	c268044	1
q268188	c268045	1
q268189	c268046	1
q268190	c268047	1
q268191	c268048	1
q268192	c268049	1
q268193	c268050	1
q268194	c268051	1
q268195	c268052	1
q268196	c268053	1
q268197	c268054	1
q268198	c268055	1
q268199	c268056	1
q268200	c268057	1
q268201	c268058	1
q268202	c268059	1
q268203	c268060	1
q268204	c268061	1
q268205	c268062	1
q268206	c268063	1
q268207	c268064	1
q268208	c268065	1
q268209	c268066	1
q268210	c268067	1
q268211	c268068	1
q268212	c268069	1
q268213	c268070	1
q268214	c268071	1
q268215	c268072	1
q268216	c268073	1
q268217	c268074	1
q268218	c268075	1
q268219	c268076	1
q268220	c268077	1
q268221	c268078	1
q268222	c268079	1
q268223	c268080	1
q268224	c268081	1
q268225	c268082	1
q268226	c268083	1
q268227	c268084	1
q268228	c268085	1
q268229	c268086	1
q268230	c268087	1
q268231	c268088	1
q268232	c268089	1
q268233	c268090	1
q268234	c268091	1
q268235	c268092	1
q268236	c268093	1
q268237	c268094	1
q268238	c268095	1
q268239	c268096	1
q268240	c268097	1
q268241	c268098	1
q268242	c268099	1
q268243	c268100	1
q268244	c268101	1
q268245	c268102	1
q268246	c268103	1
q268247	c268104	1
q268248	c268105	1
q268249	c268106	1
q268250	c268107	1
q268251	c268108	1
q268252	c268109	1
q268253	c268110	1
q268254	c268111	1
q268255	c268112	1
q268256	c268113	1
q268257	c268114	1
q268258	c268115	1
q268259	c268116	1
q268260	c268117	1
q268261	c268118	1
q268262	c268119	1
q268263	c268120	1
q268264	c268121	1
q268265	c268122	1
q268266	c268123	1
q268267	c268124	1
q268268	c268125	1
q268269	c268126	1
q268270	c268127	1
q268271	c268128	1
q268272	c268129	1
q268273	c268130	1
q268274	c268131	1
q268275	c268132	1
q268276	c268133	1
q268277	c268134	1
q268278	c268135	1
q268279	c268136	1
q268280	c268137	1
q268281	c268138	1
q268282	c268139	1
q268283	c268140	1
q268284	c268141	1
q268285	c268142	1
q268286	c268143	1
q268287	c268144	1
q268288	c268145	1
q268289	c268146	1
q268290	c268147	1
q268291	c268148	1
q268292	c268149	1
q268293	c268150	1
q268294	c268151	1
q268295	c268152	1
q268296	c268153	1
q268297	c268154	1
q268298	c268155	1
q268299	c268156	1
q268300	c268157	1
q268301	c268158	1
q268302	c268159	1
q268303	c268160	1
q268304	c268161	1
q268305	c268162	1
q268306	c268163	1
q268307	c268164	1
q268308	c268165	1
q268309	c268166	1
q268310	c268167	1
q268311	c268168	1
q268312	c268169	1
q268313	c268170	1
q268314	c268171	1
q268315	c268172	1
q268316	c268173	1
q268317	c268174	1
q268318	c268175	1
q268319	c268176	1
q268320	c268177	1
q268321	c268178	1
q268322	c268179	1
q268323	c268180	1
q268324	c268181	1
q268325	c268182	1
q268326	c268183	1
q268327	c268184	1
q268328	c268185	1
q268329	c268186	1
q268330	c268187	1
q268331	c268188	1
q268332	c268189	1
q268333	c268190	1
q268334	c268191	1
q268335	c268192	1
q268336	c268193	1
q268337	c268194	1
q268338	c268195	1
q268339	c268196	1
q268340	c268197	1
q268341	c268198	1
q268342	c268199	1
q268343	c268200	1
q268344	c268201	1
q268345	c268202	1
q268346	c268203	1
q268347	c268204	1
q268348	c268205	1
q268349	c268206	1
q268350	c268207	1
q268351	c268208	1
q268352	c268209	1
q268353	c268210	1
q268354	c268211	1
q268355	c268212	1
q268356	c268213	1
q268357	c268214	1
q268358	c268215	1
q268359	c268216	1
q268360	c268217	1
q268361	c268218	1
q268362	c268219	1
q268363	c268220	1
q268364	c268221	1
q268365	c268222	1
q268366	c268223	1
q268367	c268224	1
q268368	c268225	1
q268369	c268226	1
q268370	c268227	1
q268371	c268228	1
q268372	c268229	1
q268373	c268230	1
q268374	c268231	1
q268375	c268232	1
q268376	c268233	1
q268377	c268234	1
q268378	c268235	1
q268379	c268236	1
q268380	c268237	1
q268381	c268238	1
q268382	c268239	1
q268383	c268240	1
q268384	c268241	1
q268385	c268242	1
q268386	c268243	1
q268387	c268244	1
q268388	c268245	1
q268389	c268246	1
q268390	c268247	1
q268391	c268248	1
q268392	c268249	1
q268393	c268250	1
q268394	c268251	1
q268395	c268252	1
q268396	c268253	1
q268397	c268254	1
q268398	c268255	1
q268399	c268256	1
q268400	c268257	1
q268401	c268258	1
q268402	c268259	1
q268403	c268260	1
q268404	c268261	1
q268405	c268262	1
q268406	c268263	1
q268407	c268264	1
q268408	c268265	1
q268409	c268266	1
q268410	c268267	1
q268411	c268268	1
q268412	c268269	1
q268413	c268270	1
q268414	c268271	1
q268415	c268272	1
q268416	c268273	1
q268417	c268274	1
q268418	c268275	1
q268419	c268276	1
q268420	c268277	1
q268421	c268278	1
q268422	c268279	1
q268423	c268280	1
q268424	c268281	1
q268425	c268282	1
q268426	c268283	1
q268427	c268284	1
q268428	c268285	1
q268429	c268286	1
q268430	c268287	1
q268431	c268288	1
q268432	c268289	1
q268433	c268290	1
q268434	c268291	1
q268435	c268292	1
q268436	c268293	1
q268437	c268294	1
q268438	c268295	1
q268439	c268296	1
q268440	c268297	1
q268441	c268298	1
q268442	c268299	1
q268443	c268300	1
q268444	c268301	1
q268445	c268302	1
q268446	c268303	1
q268447	c268304	1
q268448	c268305	1
q268449	c268306	1
q268450	c268307	1
q268451	c268308	1
q268452	c268309	1
q268453	c268310	1
q268454	c268311	1
q268455	c268312	1
q268456	c268313	1
q268457	c268314	1
q268458	c268315	1
q268459	c268316	1
q268460	c268317	1
q268461	c268318	1
q268462	c268319	1
q268463	c268320	1
q268464	c268321	1
q268465	c268322	1
q268466	c268323	1
q268467	c268324	1
q268468	c268325	1
q268469	c268326	1
q268470	c268327	1
q268471	c268328	1
q268472	c268329	1
q268473	c268330	1
q268474	c268331	1
q268475	c268332	1
q268476	c268333	1
q268477	c268334	1
q268478	c268335	1
q268479	c268336	1
q268480	c268337	1
q268481	c268338	1
q268482	c268339	1
q268483	c268340	1
q268484	c268341	1
q268485	c268342	1
q268486	c268343	1
q268487	c268344	1
q268488	c268345	1
q268489	c268346	1
q268490	c268347	1
q268491	c268348	1
q268492	c268349	1
q268493	c268350	1
q268494	c268351	1
q268495	c268352	1
q268496	c268353	1
q268497	c268354	1
q268498	c268355	1
q268499	c268356	1
q268500	c268357	1
q268501	c268358	1
q268502	c268359	1
q268503	c268360	1
q268504	c268361	1
q268505	c268362	1
q268506	c268363	1
q268507	c268364	1
q268508	c268365	1
q268509	c268366	1
q268510	c268367	1
q268511	c268368	1
q268512	c268369	1
q268513	c268370	1
q268514	c268371	1
q268515	c268372	1
q268516	c268373	1
q268517	c268374	1
q268518	c268375	1
q268519	c268376	1
q268520	c268377	1
q268521	c268378	1
q268522	c268379	1
q268523	c268380	1
q268524	c268381	1
q268525	c268382	1
q268526	c268383	1
q268527	c268384	1
q268528	c268385	1
q268529	c268386	1
q268530	c268387	1
q268531	c268388	1
q268532	c268389	1
q268533	c268390	1
q268534	c268391	1
q268535	c268392	1
q268536	c268393	1
q268537	c268394	1
q268538	c268395	1
q268539	c268396	1
q268540	c268397	1
q268541	c268398	1
q268542	c268399	1
q268543	c268400	1
q268544	c268401	1
q268545	c268402	1
q268546	c268403	1
q268547	c268404	1
q268548	c268405	1
q268549	c268406	1
q268550	c268407	1
q268551	c268408	1
q268552	c268409	1
q268553	c268410	1
q268554	c268411	1
q268555	c268412	1
q268556	c268413	1
q268557	c268414	1
q268558	c268415	1
q268559	c268416	1
q268560	c268417	1
q268561	c268418	1
q268562	c268419	1
q268563	c268420	1
q268564	c268421	1
q268565	c268422	1
q268566	c268423	1
q268567	c268424	1
q268568	c268425	1
q268569	c268426	1
q268570	c268427	1
q268571	c268428	1
q268572	c268429	1
q268573	c268430	1
q268574	c268431	1
q268575	c268432	1
q268576	c268433	1
q268577	c268434	1
q268578	c268435	1
q268579	c268436	1
q268580	c268437	1
q268581	c268438	1
q268582	c268439	1
q268583	c268440	1
q268584	c268441	1
q268585	c268442	1
q268586	c268443	1
q268587	c268444	1
q268588	c268445	1
q268589	c268446	1
q268590	c268447	1
q268591	c268448	1
q268592	c268449	1
q268593	c268450	1
q268594	c268451	1
q268595	c268452	1
q268596	c268453	1
q268597	c268454	1
q268598	c268455	1
q268599	c268456	1
q268600	c268457	1
q268601	c268458	1
q268602	c268459	1
q268603	c268460	1
q268604	c268461	1
q268605	c268462	1
q268606	c268463	1
q268607	c268464	1
q268608	c268465	1
q268609	c268466	1
q268610	c268467	1
q268611	c268468	1
q268612	c268469	1
q268613	c268470	1
q268614	c268471	1
q268615	c268472	1
q268616	c268473	1
q268617	c268474	1
q268618	c268475	1
q268619	c268476	1
q268620	c268477	1
q268621	c268478	1
q268622	c268479	1
q268623	c268480	1
q268624	c268481	1
q268625	c268482	1
q268626	c268483	1
q268627	c268484	1
q268628	c268485	1
q268629	c268486	1
q268630	c268487	1
q268631	c268488	1
q268632	c268489	1
q268633	c268490	1
q268634	c268491	1
q268635	c268492	1
q268636	c268493	1
q268637	c268494	1
q268638	c268495	1
q268639	c268496	1
q268640	c268497	1
q268641	c268498	1
q268642	c268499	1
q268643	c268500	1
q268644	c268501	1
q268645	c268502	1
q268646	c268503	1
q268647	c268504	1
q268648	c268505	1
q268649	c268506	1
q268650	c268507	1
q268651	c268508	1
q268652	c268509	1
q268653	c268510	1
q268654	c268511	1
q268655	c268512	1
q268656	c268513	1
q268657	c268514	1
q268658	c268515	1
q268659	c268516	1
q268660	c268517	1
q268661	c268518	1
q268662	c268519	1
q268663	c268520	1
q268664	c268521	1
q268665	c268522	1
q268666	c268523	1
q268667	c268524	1
q268668	c268525	1
q268669	c268526	1
q268670	c268527	1
q268671	c268528	1
q268672	c268529	1
q268673	c268530	1
q268674	c268531	1
q268675	c268532	1
q268676	c268533	1
q268677	c268534	1
q268678	c268535	1
q268679	c268536	1
q268680	c268537	1
q268681	c268538	1
q268682	c268539	1
q268683	c268540	1
q268684	c268541	1
q268685	c268542	1
q268686	c268543	1
q268687	c268544	1
q268688	c268545	1
q268689	c268546	1
q268690	c268547	1
q268691	c268548	1
q268692	c268549	1
q268693	c268550	1
q268694	c268551	1
q268695	c268552	1
q268696	c268553	1
q268697	c268554	1
q268698	c268555	1
q268699	c268556	1
q268700	c268557	1
q268701	c268558	1
q268702	c268559	1
q268703	c268560	1
q268704	c268561	1
q268705	c268562	1
q268706	c268563	1
q268707	c268564	1
q268708	c268565	1
q268709	c268566	1
q268710	c268567	1
q268711	c268568	1
q268712	c268569	1
q268713	c268570	1
q268714	c268571	1
q268715	c268572	1
q268716	c268573	1
q268717	c268574	1
q268718	c268575	1
q268719	c268576	1
q268720	c268577	1
q268721	c268578	1
q268722	c268579	1
q268723	c268580	1
q268724	c268581	1
q268725	c268582	1
q268726	c268583	1
q268727	c268584	1
q268728	c268585	1
q268729	c268586	1
q268730	c268587	1
q268731	c268588	1
q268732	c268589	1
q268733	c268590	1
q268734	c268591	1
q268735	c268592	1
q268736	c268593	1
q268737	c268594	1
q268738	c268595	1
q268739	c268596	1
q268740	c268597	1
q268741	c268598	1
q268742	c268599	1
q268743	c268600	1
q268744	c268601	1
q268745	c268602	1
q268746	c268603	1
q268747	c268604	1
q268748	c268605	1
q268749	c268606	1
q268750	c268607	1
q268751	c268608	1
q268752	c268609	1
q268753	c268610	1
q268754	c268611	1
q268755	c268612	1
q268756	c268613	1
q268757	c268614	1
q268758	c268615	1
q268759	c268616	1
q268760	c268617	1
q268761	c268618	1
q268762	c268619	1
q268763	c268620	1
q268764	c268621	1
q268765	c268622	1
q268766	c268623	1
q268767	c268624	1
q268768	c268625	1
q268769	c131083	1
q268770	c268626	1
q268771	c268627	1
q268772	c268628	1
q268773	c268629	1
q268774	c268630	1
q268775	c268631	1
q268776	c268632	1
q268777	c268633	1
q268778	c268634	1
q268779	c268635	1
q268780	c268636	1
q268781	c268637	1
q268782	c268638	1
q268783	c268639	1
q268784	c268640	1
q268785	c268641	1
q268786	c268642	1
q268787	c268643	1
q268788	c268644	1
q268789	c268645	1
q268790	c268646	1
q268791	c268647	1
q268792	c268648	1
q268793	c268649	1
q268794	c268650	1
q268795	c268651	1
q268796	c268652	1
q268797	c268653	1
q268798	c268654	1
q268799	c268655	1
q268800	c268656	1
q268801	c268657	1
q268802	c268658	1
q268803	c268659	1
q268804	c268660	1
q268805	c268661	1
q268806	c268662	1
q268807	c268663	1
q268808	c268664	1
q268809	c268665	1
q268810	c268666	1
q268811	c268667	1
q268812	c268668	1
q268813	c268669	1
q268814	c268670	1
q268815	c268671	1
q268816	c268672	1
q268817	c268673	1
q268818	c268674	1
q268819	c268675	1
q268820	c268676	1
q268821	c268677	1
q268822	c268678	1
q268823	c268679	1
q268824	c268680	1
q268825	c268681	1
q268826	c268682	1
q268827	c268683	1
q268828	c268684	1
q268829	c268685	1
q268830	c268686	1
q268831	c268687	1
q268832	c268688	1
q268833	c268689	1
q268834	c268690	1
q268835	c268691	1
q268836	c268692	1
q268837	c268693	1
q268838	c268694	1
q268839	c268695	1
q268840	c268696	1
q268841	c268697	1
q268842	c268698	1
q268843	c268699	1
q268844	c268700	1
q268845	c268701	1
q268846	c268702	1
q268847	c268703	1
q268848	c268704	1
q268849	c268705	1
q268850	c268706	1
q268851	c268707	1
q268852	c268708	1
q268853	c268709	1
q268854	c268710	1
q268855	c268711	1
q268856	c268712	1
q268857	c268713	1
q268858	c268714	1
q268859	c268715	1
q268860	c268716	1
q268861	c268717	1
q268862	c268718	1
q268863	c268719	1
q268864	c268720	1
q268865	c268721	1
q268866	c268722	1
q268867	c268723	1
q268868	c268724	1
q268869	c268725	1
q268870	c268726	1
q268871	c268727	1
q268872	c268728	1
q268873	c268729	1
q268874	c268730	1
q268875	c268731	1
q268876	c268732	1
q268877	c268733	1
q268878	c268734	1
q268879	c268735	1
q268880	c268736	1
q268881	c268737	1
q268882	c268738	1
q268883	c268739	1
q268884	c268740	1
q268885	c268741	1
q268886	c268742	1
q268887	c268743	1
q268888	c268744	1
q268889	c233166	1
q268890	c268745	1
q268891	c268746	1
q268892	c268747	1
q268893	c268748	1
q268894	c268749	1
q268895	c268750	1
q268896	c268751	1
q268897	c268752	1
q268898	c268753	1
q268899	c268754	1
q268900	c268755	1
q268901	c268756	1
q268902	c268757	1
q268903	c268758	1
q268904	c268759	1
q268905	c268760	1
q268906	c268761	1
q268907	c268762	1
q268908	c268763	1
q268909	c268764	1
q268910	c268765	1
q268911	c268766	1
q268912	c268767	1
q268913	c268768	1
q268914	c268769	1
q268915	c268770	1
q268916	c268771	1
q268917	c268772	1
q268918	c268773	1
q268919	c268774	1
q268920	c268775	1
q268921	c268776	1
q268922	c268777	1
q268923	c268778	1
q268924	c268779	1
q268925	c268780	1
q268926	c268781	1
q268927	c268782	1
q268928	c268783	1
q268929	c268784	1
q268930	c268785	1
q268931	c268786	1
q268932	c268787	1
q268933	c268788	1
q268934	c268789	1
q268935	c268790	1
q268936	c268791	1
q268937	c268792	1
q268938	c268793	1
q268939	c268794	1
q268940	c268795	1
q268941	c268796	1
q268942	c268797	1
q268943	c268798	1
q268944	c268799	1
q268945	c268800	1
q268946	c268801	1
q268947	c268802	1
q268948	c268803	1
q268949	c268804	1
q268950	c268805	1
q268951	c268806	1
q268952	c268807	1
q268953	c268808	1
q268954	c268809	1
q268955	c268810	1
q268956	c268811	1
q268957	c268812	1
q268958	c268813	1
q268959	c268814	1
q268960	c268815	1
q268961	c268816	1
q268962	c268817	1
q268963	c268818	1
q268964	c268819	1
q268965	c268820	1
q268966	c268821	1
q268967	c268822	1
q268968	c268823	1
q268969	c268824	1
q268970	c268825	1
q268971	c268826	1
q268972	c268827	1
q268973	c268828	1
q268974	c268829	1
q268975	c268830	1
q268976	c268831	1
q268977	c268832	1
q268978	c268833	1
q268979	c268834	1
q268980	c268835	1
q268981	c268836	1
q268982	c268837	1
q268983	c268838	1
q268984	c268839	1
q268985	c268840	1
q268986	c268841	1
q268987	c268842	1
q268988	c268843	1
q268989	c268844	1
q268990	c268845	1
q268991	c268846	1
q268992	c268847	1
q268993	c268848	1
q268994	c268849	1
q268995	c268850	1
q268996	c268851	1
q268997	c268852	1
q268998	c268853	1
q268999	c268854	1
q269000	c268855	1
q269001	c268856	1
q269002	c268857	1
q269003	c268858	1
q269004	c268859	1
q269005	c268860	1
q269006	c268861	1
q269007	c268862	1
q269008	c268863	1
q269009	c268864	1
q269010	c268865	1
q269011	c268866	1
q269012	c268867	1
q269013	c268868	1
q269014	c268869	1
q269015	c268870	1
q269016	c268871	1
q269017	c268872	1
q269018	c268873	1
q269019	c268874	1
q269020	c268875	1
q269021	c268876	1
q269022	c268877	1
q269023	c268878	1
q269024	c268879	1
q269025	c268880	1
q269026	c268881	1
q269027	c268882	1
q269028	c268883	1
q269029	c268884	1
q269030	c268885	1
q269031	c268886	1
q269032	c268887	1
q269033	c268888	1
q269034	c268889	1
q269035	c268890	1
q269036	c268891	1
q269037	c268892	1
q269038	c268893	1
q269039	c268894	1
q269040	c268895	1
q269041	c268896	1
q269042	c268897	1
q269043	c268898	1
q269044	c268899	1
q269045	c268900	1
q269046	c268901	1
q269047	c268902	1
q269048	c268903	1
q269049	c268904	1
q269050	c268905	1
q269051	c268906	1
q269052	c268907	1
q269053	c268908	1
q269054	c268909	1
q269055	c268910	1
q269056	c268911	1
q269057	c268912	1
q269058	c268913	1
q269059	c268914	1
q269060	c268915	1
q269061	c268916	1
q269062	c268917	1
q269063	c268918	1
q269064	c268919	1
q269065	c268920	1
q269066	c268921	1
q269067	c268922	1
q269068	c268923	1
q269069	c268924	1
q269070	c268925	1
q269071	c268926	1
q269072	c268927	1
q269073	c268928	1
q269074	c268929	1
q269075	c268930	1
q269076	c268931	1
q269077	c268932	1
q269078	c268933	1
q269079	c268934	1
q269080	c268935	1
q269081	c268936	1
q269082	c268937	1
q269083	c268938	1
q269084	c268939	1
q269085	c268940	1
q269086	c268941	1
q269087	c268942	1
q269088	c268943	1
q269089	c268944	1
q269090	c268945	1
q269091	c268946	1
q269092	c268947	1
q269093	c268948	1
q269094	c268949	1
q269095	c268950	1
q269096	c268951	1
q269097	c268952	1
q269098	c268953	1
q269099	c268954	1
q269100	c268955	1
q269101	c268956	1
q269102	c268957	1
q269103	c268958	1
q269104	c268959	1
q269105	c268960	1
q269106	c268961	1
q269107	c268962	1
q269108	c268963	1
q269109	c268964	1
q269110	c268965	1
q269111	c268966	1
q269112	c268967	1
q269113	c268968	1
q269114	c268969	1
q269115	c268970	1
q269116	c268971	1
q269117	c268972	1
q269118	c268973	1
q269119	c268974	1
q269120	c268975	1
q269121	c268976	1
q269122	c268977	1
q269123	c268978	1
q269124	c268979	1
q269125	c268980	1
q269126	c268981	1
q269127	c268982	1
q269128	c268983	1
q269129	c268984	1
q269130	c268985	1
q269131	c268986	1
q269132	c268987	1
q269133	c268988	1
q269134	c268989	1
q269135	c268990	1
q269136	c268991	1
q269137	c268992	1
q269138	c268993	1
q269139	c268994	1
q269140	c268995	1
q269141	c268996	1
q269142	c268997	1
q269143	c268998	1
q269144	c268999	1
q269145	c269000	1
q269146	c269001	1
q269147	c269002	1
q269148	c269003	1
q269149	c269004	1
q269150	c269005	1
q269151	c269006	1
q269152	c269007	1
q269153	c269008	1
q269154	c269009	1
q269155	c269010	1
q269156	c269011	1
q269157	c269012	1
q269158	c269013	1
q269159	c269014	1
q269160	c269015	1
q269161	c269016	1
q269162	c269017	1
q269163	c269018	1
q269164	c269019	1
q269165	c269020	1
q269166	c269021	1
q269167	c269022	1
q269168	c269023	1
q269169	c269024	1
q269170	c269025	1
q269171	c269026	1
q269172	c269027	1
q269173	c269028	1
q269174	c269029	1
q269175	c269030	1
q269176	c269031	1
q269177	c269032	1
q269178	c269033	1
q269179	c269034	1
q269180	c269035	1
q269181	c269036	1
q269182	c269037	1
q269183	c269038	1
q269184	c269039	1
q269185	c269040	1
q269186	c269041	1
q269187	c269042	1
q269188	c269043	1
q269189	c269044	1
q269190	c269045	1
q269191	c269046	1
q269192	c269047	1
q269193	c269048	1
q269194	c269049	1
q269195	c269050	1
q269196	c269051	1
q269197	c269052	1
q269198	c269053	1
q269199	c269054	1
q269200	c269055	1
q269201	c269056	1
q269202	c269057	1
q269203	c269058	1
q269204	c269059	1
q269205	c269060	1
q269206	c269061	1
q269207	c269062	1
q269208	c269063	1
q269209	c269064	1
q269210	c269065	1
q269211	c269066	1
q269212	c269067	1
q269213	c269068	1
q269214	c269069	1
q269215	c269070	1
q269216	c269071	1
q269217	c269072	1
q269218	c269073	1
q269219	c269074	1
q269220	c269075	1
q269221	c269076	1
q269222	c269077	1
q269223	c269078	1
q269224	c269079	1
q269225	c269080	1
q269226	c269081	1
q269227	c269082	1
q269228	c269083	1
q269229	c269084	1
q269230	c269085	1
q269231	c269086	1
q269232	c269087	1
q269233	c269088	1
q269234	c269089	1
q269235	c269090	1
q269236	c269091	1
q269237	c269092	1
q269238	c269093	1
q269239	c269094	1
q269240	c269095	1
q269241	c269096	1
q269242	c269097	1
q269243	c269098	1
q269244	c269099	1
q269245	c269100	1
q269246	c269101	1
q269247	c269102	1
q269248	c269103	1
q269249	c269104	1
q269250	c269105	1
q269251	c269106	1
q269252	c269107	1
q269253	c269108	1
q269254	c269109	1
q269255	c269110	1
q269256	c269111	1
q269257	c269112	1
q269258	c269113	1
q269259	c269114	1
q269260	c269115	1
q269261	c269116	1
q269262	c269117	1
q269263	c269118	1
q269264	c269119	1
q269265	c269120	1
q269266	c269121	1
q269267	c269122	1
q269268	c269123	1
q269269	c269124	1
q269270	c269125	1
q269271	c269126	1
q269272	c269127	1
q269273	c269128	1
q269274	c269129	1
q269275	c269130	1
q269276	c269131	1
q269277	c269132	1
q269278	c269133	1
q269279	c269134	1
q269280	c269135	1
q269281	c269136	1
q269282	c269137	1
q269283	c269138	1
q269284	c269139	1
q269285	c269140	1
q269286	c269141	1
q269287	c269142	1
q269288	c269143	1
q269289	c269144	1
q269290	c269145	1
q269291	c269146	1
q269292	c269147	1
q269293	c269148	1
q269294	c269149	1
q269295	c269150	1
q269296	c269151	1
q269297	c269152	1
q269298	c269153	1
q269299	c269154	1
q269300	c269155	1
q269301	c269156	1
q269302	c269157	1
q269303	c269158	1
q269304	c269159	1
q269305	c269160	1
q269306	c269161	1
q269307	c269162	1
q269308	c269163	1
q269309	c269164	1
q269310	c269165	1
q269311	c269166	1
q269312	c269167	1
q269313	c269168	1
q269314	c269169	1
q269315	c269170	1
q269316	c269171	1
q269317	c269172	1
q269318	c269173	1
q269319	c269174	1
q269320	c269175	1
q269321	c269176	1
q269322	c269177	1
q269323	c269178	1
q269324	c269179	1
q269325	c269180	1
q269326	c269181	1
q269327	c269182	1
q269328	c269183	1
q269329	c269184	1
q269330	c269185	1
q269331	c269186	1
q269332	c269187	1
q269333	c269188	1
q269334	c269189	1
q269335	c269190	1
q269336	c269191	1
q269337	c31032	1
q269338	c269192	1
q269339	c269193	1
q269340	c269194	1
q269341	c269195	1
q269342	c269196	1
q269343	c269197	1
q269344	c269198	1
q269345	c269199	1
q269346	c269200	1
q269347	c269201	1
q269348	c269202	1
q269349	c269203	1
q269350	c269204	1
q269351	c269205	1
q269352	c269206	1
q269353	c269207	1
q269354	c269208	1
q269355	c269209	1
q269356	c269210	1
q269357	c269211	1
q269358	c269212	1
q269359	c269213	1
q269360	c269214	1
q269361	c269215	1
q269362	c269216	1
q269363	c269217	1
q269364	c269218	1
q269365	c209852	1
q269366	c269219	1
q269367	c269220	1
q269368	c269221	1
q269369	c269222	1
q269370	c269223	1
q269371	c269224	1
q269372	c269225	1
q269373	c269226	1
q269374	c269227	1
q269375	c269228	1
q269376	c269229	1
q269377	c269230	1
q269378	c269231	1
q269379	c269232	1
q269380	c269233	1
q269381	c269234	1
q269382	c269235	1
q269383	c269236	1
q269384	c269237	1
q269385	c269238	1
q269386	c269239	1
q269387	c269240	1
q269388	c269241	1
q269389	c269242	1
q269390	c269243	1
q269391	c269244	1
q269392	c269245	1
q269393	c269246	1
q269394	c269247	1
q269395	c269248	1
q269396	c269249	1
q269397	c269250	1
q269398	c269251	1
q269399	c269252	1
q269400	c269253	1
q269401	c269254	1
q269402	c269255	1
q269403	c269256	1
q269404	c269257	1
q269405	c269258	1
q269406	c269259	1
q269407	c269260	1
q269408	c235075	1
q269409	c269261	1
q269410	c269262	1
q269411	c269263	1
q269412	c269264	1
q269413	c269265	1
q269414	c269266	1
q269415	c269267	1
q269416	c269268	1
q269417	c269269	1
q269418	c269270	1
q269419	c269271	1
q269420	c269272	1
q269421	c269273	1
q269422	c269274	1
q269423	c269275	1
q269424	c269276	1
q269425	c269277	1
q269426	c269278	1
q269427	c269279	1
q269428	c269280	1
q269429	c269281	1
q269430	c269282	1
q269431	c269283	1
q269432	c269284	1
q269433	c269285	1
q269434	c269286	1
q269435	c269287	1
q269436	c269288	1
q269437	c269289	1
q269438	c269290	1
q269439	c269291	1
q269440	c269292	1
q269441	c269293	1
q269442	c269294	1
q269443	c269295	1
q269444	c269296	1
q269445	c269297	1
q269446	c269298	1
q269447	c269299	1
q269448	c269300	1
q269449	c269301	1
q269450	c269302	1
q269451	c269303	1
q269452	c269304	1
q269453	c269305	1
q269454	c269306	1
q269455	c269307	1
q269456	c269308	1
q269457	c269309	1
q269458	c269310	1
q269459	c269311	1
q269460	c269312	1
q269461	c269313	1
q269462	c269314	1
q269463	c269315	1
q269464	c269316	1
q269465	c269317	1
q269466	c269318	1
q269467	c269319	1
q269468	c269320	1
q269469	c269321	1
q269470	c269322	1
q269471	c269323	1
q269472	c269324	1
q269473	c269325	1
q269474	c269326	1
q269475	c269327	1
q269476	c269328	1
q269477	c269329	1
q269478	c269330	1
q269479	c269331	1
q269480	c269332	1
q269481	c269333	1
q269482	c269334	1
q269483	c269335	1
q269484	c269336	1
q269485	c269337	1
q269486	c269338	1
q269487	c269339	1
q269488	c269340	1
q269489	c269341	1
q269490	c269342	1
q269491	c269343	1
q269492	c269344	1
q269493	c269345	1
q269494	c269346	1
q269495	c269347	1
q269496	c269348	1
q269497	c269349	1
q269498	c269350	1
q269499	c269351	1
q269500	c269352	1
q269501	c269353	1
q269502	c269354	1
q269503	c269355	1
q269504	c269356	1
q269505	c269357	1
q269506	c269358	1
q269507	c269359	1
q269508	c269360	1
q269509	c269361	1
q269510	c269362	1
q269511	c269363	1
q269512	c269364	1
q269513	c269365	1
q269514	c269366	1
q269515	c269367	1
q269516	c269368	1
q269517	c269369	1
q269518	c269370	1
q269519	c269371	1
q269520	c269372	1
q269521	c269373	1
q269522	c269374	1
q269523	c269375	1
q269524	c269376	1
q269525	c269377	1
q269526	c269378	1
q269527	c269379	1
q269528	c269380	1
q269529	c269381	1
q269530	c269382	1
q269531	c269383	1
q269532	c269384	1
q269533	c269385	1
q269534	c269386	1
q269535	c269387	1
q269536	c269388	1
q269537	c269389	1
q269538	c269390	1
q269539	c269391	1
q269540	c269392	1
q269541	c269393	1
q269542	c269394	1
q269543	c269395	1
q269544	c269396	1
q269545	c269397	1
q269546	c269398	1
q269547	c269399	1
q269548	c269400	1
q269549	c269401	1
q269550	c269402	1
q269551	c269403	1
q269552	c269404	1
q269553	c269405	1
q269554	c269406	1
q269555	c269407	1
q269556	c269408	1
q269557	c269409	1
q269558	c269410	1
q269559	c269411	1
q269560	c269412	1
q269561	c269413	1
q269562	c269414	1
q269563	c269415	1
q269564	c269416	1
q269565	c269417	1
q269566	c269418	1
q269567	c269419	1
q269568	c269420	1
q269569	c269421	1
q269570	c269422	1
q269571	c269423	1
q269572	c269424	1
q269573	c269425	1
q269574	c269426	1
q269575	c269427	1
q269576	c269428	1
q269577	c269429	1
q269578	c269430	1
q269579	c269431	1
q269580	c269432	1
q269581	c269433	1
q269582	c269434	1
q269583	c269435	1
q269584	c269436	1
q269585	c269437	1
q269586	c269438	1
q269587	c269439	1
q269588	c269440	1
q269589	c269441	1
q269590	c269442	1
q269591	c269443	1
q269592	c269444	1
q269593	c269445	1
q269594	c269446	1
q269595	c269447	1
q269596	c269448	1
q269597	c269449	1
q269598	c269450	1
q269599	c269451	1
q269600	c269452	1
q269601	c269453	1
q269602	c269454	1
q269603	c269455	1
q269604	c269456	1
q269605	c269457	1
q269606	c269458	1
q269607	c269459	1
q269608	c269460	1
q269609	c269461	1
q269610	c269462	1
q269611	c269463	1
q269612	c269464	1
q269613	c269465	1
q269614	c269466	1
q269615	c269467	1
q269616	c269468	1
q269617	c269469	1
q269618	c269470	1
q269619	c269471	1
q269620	c269472	1
q269621	c269473	1
q269622	c269474	1
q269623	c269475	1
q269624	c269476	1
q269625	c269477	1
q269626	c269478	1
q269627	c269479	1
q269628	c269480	1
q269629	c269481	1
q269630	c269482	1
q269631	c269483	1
q269632	c269484	1
q269633	c269485	1
q269634	c269486	1
q269635	c269487	1
q269636	c269488	1
q269637	c269489	1
q269638	c269490	1
q269639	c269491	1
q269640	c269492	1
q269641	c269493	1
q269642	c269494	1
q269643	c269495	1
q269644	c269496	1
q269645	c269497	1
q269646	c269498	1
q269647	c269499	1
q269648	c269500	1
q269649	c269501	1
q269650	c269502	1
q269651	c269503	1
q269652	c269504	1
q269653	c269505	1
q269654	c269506	1
q269655	c269507	1
q269656	c269508	1
q269657	c269509	1
q269658	c269510	1
q269659	c269511	1
q269660	c269512	1
q269661	c269513	1
q269662	c269514	1
q269663	c269515	1
q269664	c269516	1
q269665	c269517	1
q269666	c269518	1
q269667	c269519	1
q269668	c269520	1
q269669	c269521	1
q269670	c269522	1
q269671	c269523	1
q269672	c269524	1
q269673	c269525	1
q269674	c269526	1
q269675	c269527	1
q269676	c269528	1
q269677	c269529	1
q269678	c269530	1
q269679	c269531	1
q269680	c269532	1
q269681	c269533	1
q269682	c269534	1
q269683	c269535	1
q269684	c269536	1
q269685	c269537	1
q269686	c269538	1
q269687	c269539	1
q269688	c269540	1
q269689	c269541	1
q269690	c269542	1
q269691	c269543	1
q269692	c269544	1
q269693	c269545	1
q269694	c269546	1
q269695	c269547	1
q269696	c269548	1
q269697	c269549	1
q269698	c269550	1
q269699	c269551	1
q269700	c269552	1
q269701	c269553	1
q269702	c269554	1
q269703	c269555	1
q269704	c269556	1
q269705	c269557	1
q269706	c269558	1
q269707	c269559	1
q269708	c269560	1
q269709	c269561	1
q269710	c269562	1
q269711	c269563	1
q269712	c269564	1
q269713	c269565	1
q269714	c269566	1
q269715	c269567	1
q269716	c269568	1
q269717	c269569	1
q269718	c269570	1
q269719	c269571	1
q269720	c269572	1
q269721	c269573	1
q269722	c269574	1
q269723	c269575	1
q269724	c269576	1
q269725	c269577	1
q269726	c269578	1
q269727	c269579	1
q269728	c269580	1
q269729	c269581	1
q269730	c269582	1
q269731	c269583	1
q269732	c269584	1
q269733	c269585	1
q269734	c269586	1
q269735	c269587	1
q269736	c269588	1
q269737	c269589	1
q269738	c269590	1
q269739	c269591	1
q269740	c269592	1
q269741	c269593	1
q269742	c269594	1
q269743	c269595	1
q269744	c269596	1
q269745	c269597	1
q269746	c269598	1
q269747	c269599	1
q269748	c269600	1
q269749	c269601	1
q269750	c269602	1
q269751	c269603	1
q269752	c269604	1
q269753	c269605	1
q269754	c269606	1
q269755	c269607	1
q269756	c269608	1
q269757	c269609	1
q269758	c269610	1
q269759	c269611	1
q269760	c269612	1
q269761	c269613	1
q269762	c269614	1
q269763	c269615	1
q269764	c269616	1
q269765	c269617	1
q269766	c269618	1
q269767	c269619	1
q269768	c269620	1
q269769	c269621	1
q269770	c269622	1
q269771	c269623	1
q269772	c269624	1
q269773	c269625	1
q269774	c269626	1
q269775	c269627	1
q269776	c269628	1
q269777	c269629	1
q269778	c269630	1
q269779	c269631	1
q269780	c269632	1
q269781	c269633	1
q269782	c269634	1
q269783	c269635	1
q269784	c269636	1
q269785	c269637	1
q269786	c269638	1
q269787	c269639	1
q269788	c269640	1
q269789	c269641	1
q269790	c269642	1
q269791	c269643	1
q269792	c269644	1
q269793	c269645	1
q269794	c269646	1
q269795	c269647	1
q269796	c269648	1
q269797	c269649	1
q269798	c269650	1
q269799	c269651	1
q269800	c269652	1
q269801	c269653	1
q269802	c269654	1
q269803	c269655	1
q269804	c269656	1
q269805	c269657	1
q269806	c269658	1
q269807	c269659	1
q269808	c269660	1
q269809	c269661	1
q269810	c269662	1
q269811	c269663	1
q269812	c269664	1
q269813	c269665	1
q269814	c269666	1
q269815	c269667	1
q269816	c269668	1
q269817	c269669	1
q269818	c269670	1
q269819	c269671	1
q269820	c269672	1
q269821	c269673	1
q269822	c269674	1
q269823	c269675	1
q269824	c269676	1
q269825	c269677	1
q269826	c269678	1
q269827	c269679	1
q269828	c269680	1
q269829	c269681	1
q269830	c269682	1
q269831	c269683	1
q269832	c269684	1
q269833	c269685	1
q269834	c269686	1
q269835	c269687	1
q269836	c269688	1
q269837	c269689	1
q269838	c269690	1
q269839	c269691	1
q269840	c269692	1
q269841	c269693	1
q269842	c269694	1
q269843	c269695	1
q269844	c269696	1
q269845	c269697	1
q269846	c269698	1
q269847	c269699	1
q269848	c269700	1
q269849	c269701	1
q269850	c269702	1
q269851	c269703	1
q269852	c269704	1
q269853	c269705	1
q269854	c269706	1
q269855	c269707	1
q269856	c269708	1
q269857	c269709	1
q269858	c269710	1
q269859	c269711	1
q269860	c269712	1
q269861	c269713	1
q269862	c269714	1
q269863	c269715	1
q269864	c269716	1
q269865	c269717	1
q269866	c269718	1
q269867	c269719	1
q269868	c269720	1
q269869	c269721	1
q269870	c269722	1
q269871	c269723	1
q269872	c269724	1
q269873	c269725	1
q269874	c269726	1
q269875	c269727	1
q269876	c269728	1
q269877	c269729	1
q269878	c269730	1
q269879	c269731	1
q269880	c269732	1
q269881	c269733	1
q269882	c269734	1
q269883	c269735	1
q269884	c269736	1
q269885	c269737	1
q269886	c269738	1
q269887	c269739	1
q269888	c269740	1
q269889	c269741	1
q269890	c269742	1
q269891	c269743	1
q269892	c269744	1
q269893	c269745	1
q269894	c269746	1
q269895	c269747	1
q269896	c269748	1
q269897	c269749	1
q269898	c269750	1
q269899	c269751	1
q269900	c269752	1
q269901	c269753	1
q269902	c269754	1
q269903	c269755	1
q269904	c269756	1
q269905	c269757	1
q269906	c269758	1
q269907	c269759	1
q269908	c269760	1
q269909	c269761	1
q269910	c269762	1
q269911	c269763	1
q269912	c269764	1
q269913	c269765	1
q269914	c269766	1
q269915	c269767	1
q269916	c269768	1
q269917	c269769	1
q269918	c269770	1
q269919	c269771	1
q269920	c269772	1
q269921	c269773	1
q269922	c269774	1
q269923	c269775	1
q269924	c269776	1
q269925	c269777	1
q269926	c269778	1
q269927	c269779	1
q269928	c269780	1
q269929	c269781	1
q269930	c269782	1
q269931	c269783	1
q269932	c269784	1
q269933	c269785	1
q269934	c269786	1
q269935	c269787	1
q269936	c269788	1
q269937	c269789	1
q269938	c269790	1
q269939	c269791	1
q269940	c269792	1
q269941	c269793	1
q269942	c269794	1
q269943	c269795	1
q269944	c269796	1
q269945	c269797	1
q269946	c269798	1
q269947	c269799	1
q269948	c269800	1
q269949	c269801	1
q269950	c269802	1
q269951	c269803	1
q269952	c269804	1
q269953	c269805	1
q269954	c269806	1
q269955	c269807	1
q269956	c269808	1
q269957	c269809	1
q269958	c269810	1
q269959	c269811	1
q269960	c269812	1
q269961	c269813	1
q269962	c269814	1
q269963	c269815	1
q269964	c269816	1
q269965	c269817	1
q269966	c269818	1
q269967	c269819	1
q269968	c269820	1
q269969	c269821	1
q269970	c269822	1
q269971	c269823	1
q269972	c269824	1
q269973	c269825	1
q269974	c269826	1
q269975	c269827	1
q269976	c269828	1
q269977	c269829	1
q269978	c269830	1
q269979	c269831	1
q269980	c269832	1
q269981	c269833	1
q269982	c269834	1
q269983	c269835	1
q269984	c269836	1
q269985	c269837	1
q269986	c269838	1
q269987	c269839	1
q269988	c269840	1
q269989	c269841	1
q269990	c269842	1
q269991	c269843	1
q269992	c269844	1
q269993	c269845	1
q269994	c269846	1
q269995	c269847	1
q269996	c269848	1
q269997	c269849	1
q269998	c269850	1
q269999	c269851	1
q270000	c269852	1
q270001	c269853	1
q270002	c269854	1
q270003	c269855	1
q270004	c269856	1
q270005	c269857	1
q270006	c269858	1
q270007	c269859	1
q270008	c269860	1
q270009	c269861	1
q270010	c269862	1
q270011	c269863	1
q270012	c269864	1
q270013	c269865	1
q270014	c269866	1
q270015	c269867	1
q270016	c269868	1
q270017	c269869	1
q270018	c269870	1
q270019	c269871	1
q270020	c269872	1
q270021	c269873	1
q270022	c269874	1
q270023	c269875	1
q270024	c269876	1
q270025	c269877	1
q270026	c269878	1
q270027	c269879	1
q270028	c269880	1
q270029	c269881	1
q270030	c269882	1
q270031	c269883	1
q270032	c269884	1
q270033	c269885	1
q270034	c269886	1
q270035	c269887	1
q270036	c269888	1
q270037	c269889	1
q270038	c269890	1
q270039	c269891	1
q270040	c269892	1
q270041	c269893	1
q270042	c269894	1
q270043	c269895	1
q270044	c269896	1
q270045	c269897	1
q270046	c269898	1
q270047	c269899	1
q270048	c269900	1
q270049	c269901	1
q270050	c269902	1
q270051	c269903	1
q270052	c269904	1
q270053	c269905	1
q270054	c269906	1
q270055	c269907	1
q270056	c269908	1
q270057	c269909	1
q270058	c269910	1
q270059	c269911	1
q270060	c269912	1
q270061	c269913	1
q270062	c269914	1
q270063	c269915	1
q270064	c269916	1
q270065	c269917	1
q270066	c269918	1
q270067	c269919	1
q270068	c269920	1
q270069	c269921	1
q270070	c269922	1
q270071	c269923	1
q270072	c269924	1
q270073	c269925	1
q270074	c112729	1
q270075	c269926	1
q270076	c269927	1
q270077	c269928	1
q270078	c269929	1
q270079	c269930	1
q270080	c269931	1
q270081	c269932	1
q270082	c269933	1
q270083	c269934	1
q270084	c269935	1
q270085	c269936	1
q270086	c269937	1
q270087	c269938	1
q270088	c269939	1
q270089	c269940	1
q270090	c269941	1
q270091	c269942	1
q270092	c269943	1
q270093	c269944	1
q270094	c269945	1
q270095	c269946	1
q270096	c269947	1
q270097	c269948	1
q270098	c269949	1
q270099	c269950	1
q270100	c269951	1
q270101	c269952	1
q270102	c269953	1
q270103	c269954	1
q270104	c269955	1
q270105	c269956	1
q270106	c269957	1
q270107	c269958	1
q270108	c269959	1
q270109	c269960	1
q270110	c269961	1
q270111	c269962	1
q270112	c269963	1
q270113	c269964	1
q270114	c269965	1
q270115	c269966	1
q270116	c269967	1
q270117	c269968	1
q270118	c269969	1
q270119	c269970	1
q270120	c269971	1
q270121	c269972	1
q270122	c269973	1
q270123	c269974	1
q270124	c269975	1
q270125	c269976	1
q270126	c269977	1
q270127	c269978	1
q270128	c269979	1
q270129	c269980	1
q270130	c269981	1
q270131	c269982	1
q270132	c269983	1
q270133	c269984	1
q270134	c269985	1
q270135	c269986	1
q270136	c269987	1
q270137	c269988	1
q270138	c269989	1
q270139	c269990	1
q270140	c269991	1
q270141	c269992	1
q270142	c269993	1
q270143	c269994	1
q270144	c269995	1
q270145	c269996	1
q270146	c269997	1
q270147	c269998	1
q270148	c269999	1
q270149	c270000	1
q270150	c270001	1
q270151	c270002	1
q270152	c270003	1
q270153	c270004	1
q270154	c270005	1
q270155	c270006	1
q270156	c270007	1
q270157	c270008	1
q270158	c270009	1
q270159	c270010	1
q270160	c270011	1
q270161	c270012	1
q270162	c270013	1
q270163	c270014	1
q270164	c270015	1
q270165	c270016	1
q270166	c270017	1
q270167	c270018	1
q270168	c270019	1
q270169	c270020	1
q270170	c270021	1
q270171	c270022	1
q270172	c270023	1
q270173	c270024	1
q270174	c270025	1
q270175	c270026	1
q270176	c270027	1
q270177	c12602	1
q270178	c270028	1
q270179	c270029	1
q270180	c270030	1
q270181	c270031	1
q270182	c270032	1
q270183	c270033	1
q270184	c12600	1
q270185	c270034	1
q270186	c270035	1
q270187	c270036	1
q270188	c270037	1
q270189	c270038	1
q270190	c12598	1
q270191	c270039	1
q270192	c12605	1
q270193	c270040	1
q270194	c270041	1
q270195	c270042	1
q270196	c270043	1
q270197	c270044	1
q270198	c270045	1
q270199	c270046	1
q270200	c270047	1
q270201	c270048	1
q270202	c270049	1
q270203	c270050	1
q270204	c270051	1
q270205	c270052	1
q270206	c270053	1
q270207	c270054	1
q270208	c270055	1
q270209	c270056	1
q270210	c270057	1
q270211	c270058	1
q270212	c270059	1
q270213	c270060	1
q270214	c270061	1
q270215	c270062	1
q270216	c270063	1
q270217	c270064	1
q270218	c270065	1
q270219	c270066	1
q270220	c270067	1
q270221	c270068	1
q270222	c270069	1
q270223	c270070	1
q270224	c270071	1
q270225	c270072	1
q270226	c270073	1
q270227	c270074	1
q270228	c270075	1
q270229	c270076	1
q270230	c270077	1
q270231	c270078	1
q270232	c270079	1
q270233	c270080	1
q270234	c270081	1
q270235	c270082	1
q270236	c270083	1
q270237	c270084	1
q270238	c270085	1
q270239	c270086	1
q270240	c270087	1
q270241	c270088	1
q270242	c270089	1
q270243	c270090	1
q270244	c270091	1
q270245	c270092	1
q270246	c270093	1
q270247	c270094	1
q270248	c270095	1
q270249	c270096	1
q270250	c270097	1
q270251	c270098	1
q270252	c270099	1
q270253	c270100	1
q270254	c270101	1
q270255	c270102	1
q270256	c270103	1
q270257	c270104	1
q270258	c270105	1
q270259	c270106	1
q270260	c270107	1
q270261	c270108	1
q270262	c270109	1
q270263	c270110	1
q270264	c270111	1
q270265	c270112	1
q270266	c270113	1
q270267	c270114	1
q270268	c270115	1
q270269	c270116	1
q270270	c270117	1
q270271	c270118	1
q270272	c270119	1
q270273	c270120	1
q270274	c270121	1
q270275	c270122	1
q270276	c270123	1
q270277	c270124	1
q270278	c270125	1
q270279	c270126	1
q270280	c270127	1
q270281	c270128	1
q270282	c270129	1
q270283	c270130	1
q270284	c270131	1
q270285	c270132	1
q270286	c270133	1
q270287	c270134	1
q270288	c270135	1
q270289	c270136	1
q270290	c270137	1
q270291	c270138	1
q270292	c270139	1
q270293	c270140	1
q270294	c270141	1
q270295	c270142	1
q270296	c270143	1
q270297	c270144	1
q270298	c270145	1
q270299	c270146	1
q270300	c270147	1
q270301	c270148	1
q270302	c270149	1
q270303	c270150	1
q270304	c270151	1
q270305	c270152	1
q270306	c270153	1
q270307	c270154	1
q270308	c270155	1
q270309	c270156	1
q270310	c270157	1
q270311	c270158	1
q270312	c270159	1
q270313	c270160	1
q270314	c270161	1
q270315	c270162	1
q270316	c270163	1
q270317	c270164	1
q270318	c270165	1
q270319	c270166	1
q270320	c270167	1
q270321	c270168	1
q270322	c270169	1
q270323	c270170	1
q270324	c270171	1
q270325	c270172	1
q270326	c270173	1
q270327	c270174	1
q270328	c270175	1
q270329	c270176	1
q270330	c270177	1
q270331	c270178	1
q270332	c270179	1
q270333	c270180	1
q270334	c270181	1
q270335	c270182	1
q270336	c270183	1
q270337	c270184	1
q270338	c270185	1
q270339	c270186	1
q270340	c270187	1
q270341	c270188	1
q270342	c270189	1
q270343	c270190	1
q270344	c270191	1
q270345	c270192	1
q270346	c270193	1
q270347	c270194	1
q270348	c270195	1
q270349	c270196	1
q270350	c270197	1
q270351	c270198	1
q270352	c270199	1
q270353	c270200	1
q270354	c270201	1
q270355	c270202	1
q270356	c270203	1
q270357	c270204	1
q270358	c270205	1
q270359	c270206	1
q270360	c270207	1
q270361	c270208	1
q270362	c270209	1
q270363	c270210	1
q270364	c270211	1
q270365	c270212	1
q270366	c270213	1
q270367	c270214	1
q270368	c270215	1
q270369	c270216	1
q270370	c270217	1
q270371	c270218	1
q270372	c270219	1
q270373	c270220	1
q270374	c270221	1
q270375	c270222	1
q270376	c270223	1
q270377	c270224	1
q270378	c270225	1
q270379	c270226	1
q270380	c270227	1
q270381	c270228	1
q270382	c270229	1
q270383	c270230	1
q270384	c270231	1
q270385	c270232	1
q270386	c270233	1
q270387	c270234	1
q270388	c270235	1
q270389	c270236	1
q270390	c270237	1
q270391	c270238	1
q270392	c270239	1
q270393	c270240	1
q270394	c270241	1
q270395	c270242	1
q270396	c270243	1
q270397	c270244	1
q270398	c270245	1
q270399	c270246	1
q270400	c270247	1
q270401	c270248	1
q270402	c270249	1
q270403	c270250	1
q270404	c270251	1
q270405	c270252	1
q270406	c270253	1
q270407	c270254	1
q270408	c270255	1
q270409	c270256	1
q270410	c270257	1
q270411	c270258	1
q270412	c270259	1
q270413	c270260	1
q270414	c270261	1
q270415	c270262	1
q270416	c270263	1
q270417	c270264	1
q270418	c270265	1
q270419	c270266	1
q270420	c270267	1
q270421	c270268	1
q270422	c270269	1
q270423	c270270	1
q270424	c270271	1
q270425	c270272	1
q270426	c270273	1
q270427	c270274	1
q270428	c270275	1
q270429	c270276	1
q270430	c270277	1
q270431	c270278	1
q270432	c270279	1
q270433	c270280	1
q270434	c270281	1
q270435	c270282	1
q270436	c270283	1
q270437	c270284	1
q270438	c270285	1
q270439	c270286	1
q270440	c270287	1
q270441	c270288	1
q270442	c270289	1
q270443	c270290	1
q270444	c270291	1
q270445	c270292	1
q270446	c270293	1
q270447	c270294	1
q270448	c270295	1
q270449	c178973	1
q270450	c270296	1
q270451	c270297	1
q270452	c270298	1
q270453	c270299	1
q270454	c270300	1
q270455	c270301	1
q270456	c270302	1
q270457	c270303	1
q270458	c270304	1
q270459	c270305	1
q270460	c270306	1
q270461	c270307	1
q270462	c270308	1
q270463	c270309	1
q270464	c270310	1
q270465	c270311	1
q270466	c270312	1
q270467	c270313	1
q270468	c270314	1
q270469	c270315	1
q270470	c270316	1
q270471	c270317	1
q270472	c270318	1
q270473	c270319	1
q270474	c270320	1
q270475	c270321	1
q270476	c270322	1
q270477	c270323	1
q270478	c270324	1
q270479	c270325	1
q270480	c270326	1
q270481	c270327	1
q270482	c270328	1
q270483	c270329	1
q270484	c270330	1
q270485	c270331	1
q270486	c270332	1
q270487	c270333	1
q270488	c270334	1
q270489	c270335	1
q270490	c270336	1
q270491	c270337	1
q270492	c270338	1
q270493	c270339	1
q270494	c270340	1
q270495	c270341	1
q270496	c270342	1
q270497	c270343	1
q270498	c270344	1
q270499	c270345	1
q270500	c270346	1
q270501	c270347	1
q270502	c270348	1
q270503	c270349	1
q270504	c270350	1
q270505	c270351	1
q270506	c270352	1
q270507	c270353	1
q270508	c270354	1
q270509	c270355	1
q270510	c270356	1
q270511	c270357	1
q270512	c270358	1
q270513	c270359	1
q270514	c270360	1
q270515	c270361	1
q270516	c270362	1
q270517	c270363	1
q270518	c270364	1
q270519	c270365	1
q270520	c270366	1
q270521	c270367	1
q270522	c270368	1
q270523	c270369	1
q270524	c270370	1
q270525	c270371	1
q270526	c270372	1
q270527	c270373	1
q270528	c270374	1
q270529	c270375	1
q270530	c270376	1
q270531	c270377	1
q270532	c270378	1
q270533	c270379	1
q270534	c270380	1
q270535	c270381	1
q270536	c270382	1
q270537	c270383	1
q270538	c270384	1
q270539	c270385	1
q270540	c270386	1
q270541	c270387	1
q270542	c270388	1
q270543	c270389	1
q270544	c270390	1
q270545	c270391	1
q270546	c270392	1
q270547	c270393	1
q270548	c270394	1
q270549	c270395	1
q270550	c270396	1
q270551	c270397	1
q270552	c270398	1
q270553	c270399	1
q270554	c270400	1
q270555	c270401	1
q270556	c270402	1
q270557	c270403	1
q270558	c270404	1
q270559	c270405	1
q270560	c270406	1
q270561	c270407	1
q270562	c270408	1
q270563	c270409	1
q270564	c270410	1
q270565	c270411	1
q270566	c270412	1
q270567	c270413	1
q270568	c270414	1
q270569	c270415	1
q270570	c270416	1
q270571	c270417	1
q270572	c270418	1
q270573	c270419	1
q270574	c270420	1
q270575	c270421	1
q270576	c270422	1
q270577	c270423	1
q270578	c270424	1
q270579	c270425	1
q270580	c270426	1
q270581	c270427	1
q270582	c270428	1
q270583	c270429	1
q270584	c270430	1
q270585	c270431	1
q270586	c270432	1
q270587	c270433	1
q270588	c270434	1
q270589	c270435	1
q270590	c270436	1
q270591	c270437	1
q270592	c270438	1
q270593	c270439	1
q270594	c270440	1
q270595	c270441	1
q270596	c270442	1
q270597	c270443	1
q270598	c270444	1
q270599	c270445	1
q270600	c270446	1
q270601	c270447	1
q270602	c270448	1
q270603	c270449	1
q270604	c270450	1
q270605	c270451	1
q270606	c270452	1
q270607	c270453	1
q270608	c270454	1
q270609	c270455	1
q270610	c270456	1
q270611	c270457	1
q270612	c270458	1
q270613	c270459	1
q270614	c270460	1
q270615	c270461	1
q270616	c270462	1
q270617	c270463	1
q270618	c270464	1
q270619	c270465	1
q270620	c270466	1
q270621	c270467	1
q270622	c270468	1
q270623	c270469	1
q270624	c270470	1
q270625	c270471	1
q270626	c270472	1
q270627	c270473	1
q270628	c270474	1
q270629	c270475	1
q270630	c270476	1
q270631	c270477	1
q270632	c270478	1
q270633	c270479	1
q270634	c270480	1
q270635	c270481	1
q270636	c270482	1
q270637	c270483	1
q270638	c270484	1
q270639	c270485	1
q270640	c270486	1
q270641	c270487	1
q270642	c270488	1
q270643	c270489	1
q270644	c270490	1
q270645	c270491	1
q270646	c270492	1
q270647	c270493	1
q270648	c270494	1
q270649	c270495	1
q270650	c270496	1
q270651	c270497	1
q270652	c270498	1
q270653	c270499	1
q270654	c270500	1
q270655	c8465	1
q270656	c270501	1
q270657	c270502	1
q270658	c270503	1
q270659	c270504	1
q270660	c270505	1
q270661	c270506	1
q270662	c270507	1
q270663	c270508	1
q270664	c270509	1
q270665	c270510	1
q270666	c270511	1
q270667	c270512	1
q270668	c1109	1
q270669	c270513	1
q270670	c270514	1
q270671	c270515	1
q270672	c270516	1
q270673	c270517	1
q270674	c270518	1
q270675	c270519	1
q270676	c270520	1
q270677	c270521	1
q270678	c270522	1
q270679	c270523	1
q270680	c270524	1
q270681	c270525	1
q270682	c270526	1
q270683	c270527	1
q270684	c270528	1
q270685	c270529	1
q270686	c270530	1
q270687	c270531	1
q270688	c270532	1
q270689	c270533	1
q270690	c270534	1
q270691	c270535	1
q270692	c270536	1
q270693	c270537	1
q270694	c270538	1
q270695	c270539	1
q270696	c270540	1
q270697	c270541	1
q270698	c270542	1
q270699	c270543	1
q270700	c270544	1
q270701	c270545	1
q270702	c270546	1
q270703	c60963	1
q270704	c270547	1
q270705	c270548	1
q270706	c270549	1
q270707	c270550	1
q270708	c270551	1
q270709	c270552	1
q270710	c270553	1
q270711	c270554	1
q270712	c270555	1
q270713	c270556	1
q270714	c270557	1
q270715	c270558	1
q270716	c270559	1
q270717	c270560	1
q270718	c270561	1
q270719	c270562	1
q270720	c270563	1
q270721	c270564	1
q270722	c270565	1
q270723	c270566	1
q270724	c270567	1
q270725	c270568	1
q270726	c270569	1
q270727	c270570	1
q270728	c270571	1
q270729	c270572	1
q270730	c270573	1
q270731	c270574	1
q270732	c270575	1
q270733	c270576	1
q270734	c270577	1
q270735	c270578	1
q270736	c270579	1
q270737	c270580	1
q270738	c270581	1
q270739	c270582	1
q270740	c270583	1
q270741	c270584	1
q270742	c270585	1
q270743	c270586	1
q270744	c270587	1
q270745	c270588	1
q270746	c270589	1
q270747	c270590	1
q270748	c270591	1
q270749	c270592	1
q270750	c270593	1
q270751	c270594	1
q270752	c270595	1
q270753	c270596	1
q270754	c270597	1
q270755	c270598	1
q270756	c270599	1
q270757	c270600	1
q270758	c270601	1
q270759	c270602	1
q270760	c270603	1
q270761	c270604	1
q270762	c270605	1
q270763	c270606	1
q270764	c270607	1
q270765	c270608	1
q270766	c270609	1
q270767	c270610	1
q270768	c270611	1
q270769	c270612	1
q270770	c270613	1
q270771	c270614	1
q270772	c270615	1
q270773	c270616	1
q270774	c270617	1
q270775	c270618	1
q270776	c270619	1
q270777	c270620	1
q270778	c270621	1
q270779	c270622	1
q270780	c270623	1
q270781	c270624	1
q270782	c270625	1
q270783	c270626	1
q270784	c270627	1
q270785	c270628	1
q270786	c270629	1
q270787	c270630	1
q270788	c270631	1
q270789	c270632	1
q270790	c270633	1
q270791	c270634	1
q270792	c270635	1
q270793	c270636	1
q270794	c270637	1
q270795	c270638	1
q270796	c270639	1
q270797	c270640	1
q270798	c270641	1
q270799	c270642	1
q270800	c270643	1
q270801	c270644	1
q270802	c270645	1
q270803	c270646	1
q270804	c270647	1
q270805	c270648	1
q270806	c270649	1
q270807	c270650	1
q270808	c270651	1
q270809	c270652	1
q270810	c270653	1
q270811	c270654	1
q270812	c270655	1
q270813	c270656	1
q270814	c270657	1
q270815	c270658	1
q270816	c270659	1
q270817	c270660	1
q270818	c270661	1
q270819	c270662	1
q270820	c270663	1
q270821	c270664	1
q270822	c270665	1
q270823	c270666	1
q270824	c270667	1
q270825	c270668	1
q270826	c270669	1
q270827	c270670	1
q270828	c270671	1
q270829	c270672	1
q270830	c270673	1
q270831	c270674	1
q270832	c270675	1
q270833	c270676	1
q270834	c270677	1
q270835	c270678	1
q270836	c270679	1
q270837	c270680	1
q270838	c270681	1
q270839	c270682	1
q270840	c270683	1
q270841	c270684	1
q270842	c270685	1
q270843	c270686	1
q270844	c270687	1
q270845	c270688	1
q270846	c270689	1
q270847	c270690	1
q270848	c270691	1
q270849	c270692	1
q270850	c270693	1
q270851	c270694	1
q270852	c270695	1
q270853	c270696	1
q270854	c270697	1
q270855	c270698	1
q270856	c270699	1
q270857	c270700	1
q270858	c270701	1
q270859	c270702	1
q270860	c270703	1
q270861	c270704	1
q270862	c270705	1
q270863	c270706	1
q270864	c270707	1
q270865	c270708	1
q270866	c270709	1
q270867	c270710	1
q270868	c270711	1
q270869	c270712	1
q270870	c270713	1
q270871	c270714	1
q270872	c270715	1
q270873	c270716	1
q270874	c270717	1
q270875	c270718	1
q270876	c270719	1
q270877	c270720	1
q270878	c270721	1
q270879	c270722	1
q270880	c270723	1
q270881	c270724	1
q270882	c270725	1
q270883	c270726	1
q270884	c270727	1
q270885	c270728	1
q270886	c270729	1
q270887	c270730	1
q270888	c270731	1
q270889	c270732	1
q270890	c270733	1
q270891	c270734	1
q270892	c270735	1
q270893	c270736	1
q270894	c270737	1
q270895	c270738	1
q270896	c270739	1
q270897	c270740	1
q270898	c270741	1
q270899	c270742	1
q270900	c270743	1
q270901	c270744	1
q270902	c270745	1
q270903	c270746	1
q270904	c270747	1
q270905	c270748	1
q270906	c270749	1
q270907	c270750	1
q270908	c270751	1
q270909	c270752	1
q270910	c270753	1
q270911	c270754	1
q270912	c270755	1
q270913	c270756	1
q270914	c270757	1
q270915	c270758	1
q270916	c270759	1
q270917	c270760	1
q270918	c270761	1
q270919	c270762	1
q270920	c270763	1
q270921	c270764	1
q270922	c270765	1
q270923	c270766	1
q270924	c270767	1
q270925	c270768	1
q270926	c270769	1
q270927	c270770	1
q270928	c270771	1
q270929	c270772	1
q270930	c270773	1
q270931	c270774	1
q270932	c270775	1
q270933	c21908	1
q270934	c270776	1
q270935	c270777	1
q270936	c270778	1
q270937	c270779	1
q270938	c270780	1
q270939	c270781	1
q270940	c270782	1
q270941	c270783	1
q270942	c270784	1
q270943	c270785	1
q270944	c270786	1
q270945	c270787	1
q270946	c270788	1
q270947	c270789	1
q270948	c270790	1
q270949	c270791	1
q270950	c270792	1
q270951	c270793	1
q270952	c270794	1
q270953	c270795	1
q270954	c270796	1
q270955	c270797	1
q270956	c270798	1
q270957	c270799	1
q270958	c270800	1
q270959	c270801	1
q270960	c270802	1
q270961	c270803	1
q270962	c270804	1
q270963	c270805	1
q270964	c270806	1
q270965	c270807	1
q270966	c270808	1
q270967	c270809	1
q270968	c270810	1
q270969	c270811	1
q270970	c270812	1
q270971	c270813	1
q270972	c270814	1
q270973	c270815	1
q270974	c270816	1
q270975	c270817	1
q270976	c270818	1
q270977	c270819	1
q270978	c270820	1
q270979	c270821	1
q270980	c270822	1
q270981	c270823	1
q270982	c270824	1
q270983	c270825	1
q270984	c270826	1
q270985	c270827	1
q270986	c270828	1
q270987	c270829	1
q270988	c270830	1
q270989	c270831	1
q270990	c270832	1
q270991	c270833	1
q270992	c270834	1
q270993	c270835	1
q270994	c270836	1
q270995	c270837	1
q270996	c270838	1
q270997	c270839	1
q270998	c270840	1
q270999	c270841	1
q271000	c270842	1
q271001	c270843	1
q271002	c270844	1
q271003	c270845	1
q271004	c270846	1
q271005	c270847	1
q271006	c270848	1
q271007	c270849	1
q271008	c270850	1
q271009	c270851	1
q271010	c270852	1
q271011	c270853	1
q271012	c270854	1
q271013	c270855	1
q271014	c270856	1
q271015	c263341	1
q271016	c270857	1
q271017	c270858	1
q271018	c270859	1
q271019	c270860	1
q271020	c270861	1
q271021	c270862	1
q271022	c270863	1
q271023	c270864	1
q271024	c270865	1
q271025	c270866	1
q271026	c270867	1
q271027	c270868	1
q271028	c270869	1
q271029	c270870	1
q271030	c270871	1
q271031	c270872	1
q271032	c270873	1
q271033	c270874	1
q271034	c270875	1
q271035	c270876	1
q271036	c270877	1
q271037	c270878	1
q271038	c270879	1
q271039	c270880	1
q271040	c270881	1
q271041	c270882	1
q271042	c270883	1
q271043	c270884	1
q271044	c270885	1
q271045	c270886	1
q271046	c270887	1
q271047	c270888	1
q271048	c270889	1
q271049	c270890	1
q271050	c270891	1
q271051	c270892	1
q271052	c270893	1
q271053	c270894	1
q271054	c270895	1
q271055	c270896	1
q271056	c270897	1
q271057	c270898	1
q271058	c270899	1
q271059	c270900	1
q271060	c270901	1
q271061	c270902	1
q271062	c270903	1
q271063	c270904	1
q271064	c270905	1
q271065	c270906	1
q271066	c270907	1
q271067	c270908	1
q271068	c270909	1
q271069	c270910	1
q271070	c270911	1
q271071	c270912	1
q271072	c270913	1
q271073	c270914	1
q271074	c270915	1
q271075	c270916	1
q271076	c270917	1
q271077	c270918	1
q271078	c270919	1
q271079	c270920	1
q271080	c270921	1
q271081	c270922	1
q271082	c270923	1
q271083	c270924	1
q271084	c270925	1
q271085	c270926	1
q271086	c270927	1
q271087	c270928	1
q271088	c270929	1
q271089	c270930	1
q271090	c270931	1
q271091	c270932	1
q271092	c270933	1
q271093	c270934	1
q271094	c270935	1
q271095	c270936	1
q271096	c270937	1
q271097	c270938	1
q271098	c270939	1
q271099	c270940	1
q271100	c270941	1
q271101	c270942	1
q271102	c270943	1
q271103	c270944	1
q271104	c270945	1
q271105	c270946	1
q271106	c270947	1
q271107	c270948	1
q271108	c270949	1
q271109	c270950	1
q271110	c270951	1
q271111	c270952	1
q271112	c270953	1
q271113	c270954	1
q271114	c270955	1
q271115	c270956	1
q271116	c270957	1
q271117	c270958	1
q271118	c270959	1
q271119	c270960	1
q271120	c270961	1
q271121	c270962	1
q271122	c270963	1
q271123	c270964	1
q271124	c270965	1
q271125	c270966	1
q271126	c270967	1
q271127	c270968	1
q271128	c270969	1
q271129	c270970	1
q271130	c270971	1
q271131	c270972	1
q271132	c270973	1
q271133	c270974	1
q271134	c270975	1
q271135	c270976	1
q271136	c270977	1
q271137	c270978	1
q271138	c270979	1
q271139	c270980	1
q271140	c270981	1
q271141	c270982	1
q271142	c270983	1
q271143	c270984	1
q271144	c270985	1
q271145	c270986	1
q271146	c270987	1
q271147	c270988	1
q271148	c270989	1
q271149	c270990	1
q271150	c270991	1
q271151	c270992	1
q271152	c270993	1
q271153	c270994	1
q271154	c270995	1
q271155	c270996	1
q271156	c270997	1
q271157	c270998	1
q271158	c270999	1
q271159	c271000	1
q271160	c271001	1
q271161	c271002	1
q271162	c271003	1
q271163	c271004	1
q271164	c271005	1
q271165	c271006	1
q271166	c271007	1
q271167	c271008	1
q271168	c271009	1
q271169	c271010	1
q271170	c271011	1
q271171	c271012	1
q271172	c271013	1
q271173	c271014	1
q271174	c271015	1
q271175	c271016	1
q271176	c271017	1
q271177	c271018	1
q271178	c271019	1
q271179	c271020	1
q271180	c271021	1
q271181	c271022	1
q271182	c271023	1
q271183	c271024	1
q271184	c271025	1
q271185	c271026	1
q271186	c271027	1
q271187	c271028	1
q271188	c271029	1
q271189	c271030	1
q271190	c271031	1
q271191	c271032	1
q271192	c271033	1
q271193	c271034	1
q271194	c271035	1
q271195	c271036	1
q271196	c271037	1
q271197	c271038	1
q271198	c271039	1
q271199	c271040	1
q271200	c271041	1
q271201	c271042	1
q271202	c271043	1
q271203	c271044	1
q271204	c271045	1
q271205	c251574	1
q271206	c271046	1
q271207	c271047	1
q271208	c271048	1
q271209	c251575	1
q271210	c271049	1
q271211	c271050	1
q271212	c271051	1
q271213	c271052	1
q271214	c271053	1
q271215	c271054	1
q271216	c271055	1
q271217	c271056	1
q271218	c152195	1
q271219	c271057	1
q271220	c271058	1
q271221	c271059	1
q271222	c271060	1
q271223	c271061	1
q271224	c271062	1
q271225	c271063	1
q271226	c271064	1
q271227	c271065	1
q271228	c271066	1
q271229	c271067	1
q271230	c271068	1
q271231	c271069	1
q271232	c271070	1
q271233	c271071	1
q271234	c271072	1
q271235	c271073	1
q271236	c271074	1
q271237	c271075	1
q271238	c271076	1
q271239	c271077	1
q271240	c271078	1
q271241	c271079	1
q271242	c271080	1
q271243	c271081	1
q271244	c271082	1
q271245	c271083	1
q271246	c271084	1
q271247	c271085	1
q271248	c271086	1
q271249	c271087	1
q271250	c271088	1
q271251	c271089	1
q271252	c271090	1
q271253	c271091	1
q271254	c271092	1
q271255	c271093	1
q271256	c271094	1
q271257	c271095	1
q271258	c271096	1
q271259	c271097	1
q271260	c271098	1
q271261	c271099	1
q271262	c271100	1
q271263	c271101	1
q271264	c271102	1
q271265	c271103	1
q271266	c271104	1
q271267	c271105	1
q271268	c271106	1
q271269	c271107	1
q271270	c271108	1
q271271	c271109	1
q271272	c271110	1
q271273	c271111	1
q271274	c271112	1
q271275	c271113	1
q271276	c271114	1
q271277	c271115	1
q271278	c271116	1
q271279	c271117	1
q271280	c271118	1
q271281	c271119	1
q271282	c271120	1
q271283	c271121	1
q271284	c271122	1
q271285	c271123	1
q271286	c271124	1
q271287	c271125	1
q271288	c271126	1
q271289	c271127	1
q271290	c271128	1
q271291	c271129	1
q271292	c271130	1
q271293	c271131	1
q271294	c271132	1
q271295	c271133	1
q271296	c271134	1
q271297	c271135	1
q271298	c271136	1
q271299	c271137	1
q271300	c271138	1
q271301	c271139	1
q271302	c271140	1
q271303	c271141	1
q271304	c271142	1
q271305	c271143	1
q271306	c271144	1
q271307	c271145	1
q271308	c271146	1
q271309	c271147	1
q271310	c271148	1
q271311	c271149	1
q271312	c271150	1
q271313	c271151	1
q271314	c271152	1
q271315	c271153	1
q271316	c271154	1
q271317	c271155	1
q271318	c271156	1
q271319	c271157	1
q271320	c271158	1
q271321	c271159	1
q271322	c271160	1
q271323	c271161	1
q271324	c271162	1
q271325	c271163	1
q271326	c271164	1
q271327	c271165	1
q271328	c271166	1
q271329	c271167	1
q271330	c271168	1
q271331	c271169	1
q271332	c271170	1
q271333	c271171	1
q271334	c271172	1
q271335	c271173	1
q271336	c271174	1
q271337	c271175	1
q271338	c271176	1
q271339	c271177	1
q271340	c271178	1
q271341	c271179	1
q271342	c271180	1
q271343	c271181	1
q271344	c271182	1
q271345	c271183	1
q271346	c271184	1
q271347	c271185	1
q271348	c271186	1
q271349	c271187	1
q271350	c154066	1
q271351	c271188	1
q271352	c271189	1
q271353	c154076	1
q271354	c271190	1
q271355	c271191	1
q271356	c271192	1
q271357	c271193	1
q271358	c271194	1
q271359	c271195	1
q271360	c271196	1
q271361	c271197	1
q271362	c271198	1
q271363	c271199	1
q271364	c271200	1
q271365	c271201	1
q271366	c271202	1
q271367	c271203	1
q271368	c271204	1
q271369	c271205	1
q271370	c271206	1
q271371	c271207	1
q271372	c271208	1
q271373	c271209	1
q271374	c271210	1
q271375	c271211	1
q271376	c271212	1
q271377	c271213	1
q271378	c271214	1
q271379	c271215	1
q271380	c271216	1
q271381	c271217	1
q271382	c271218	1
q271383	c271219	1
q271384	c271220	1
q271385	c271221	1
q271386	c271222	1
q271387	c271223	1
q271388	c271224	1
q271389	c271225	1
q271390	c271226	1
q271391	c271227	1
q271392	c271228	1
q271393	c271229	1
q271394	c271230	1
q271395	c271231	1
q271396	c271232	1
q271397	c271233	1
q271398	c271234	1
q271399	c271235	1
q271400	c271236	1
q271401	c271237	1
q271402	c271238	1
q271403	c271239	1
q271404	c271240	1
q271405	c271241	1
q271406	c271242	1
q271407	c271243	1
q271408	c271244	1
q271409	c271245	1
q271410	c271246	1
q271411	c271247	1
q271412	c271248	1
q271413	c271249	1
q271414	c271250	1
q271415	c271251	1
q271416	c271252	1
q271417	c271253	1
q271418	c271254	1
q271419	c271255	1
q271420	c271256	1
q271421	c271257	1
q271422	c271258	1
q271423	c271259	1
q271424	c271260	1
q271425	c271261	1
q271426	c271262	1
q271427	c271263	1
q271428	c271264	1
q271429	c271265	1
q271430	c271266	1
q271431	c271267	1
q271432	c271268	1
q271433	c271269	1
q271434	c271270	1
q271435	c6852	1
q271436	c271271	1
q271437	c271272	1
q271438	c271273	1
q271439	c271274	1
q271440	c271275	1
q271441	c271276	1
q271442	c271277	1
q271443	c271278	1
q271444	c22529	1
q271445	c271279	1
q271446	c271280	1
q271447	c271281	1
q271448	c271282	1
q271449	c3613	1
q271450	c271283	1
q271451	c271284	1
q271452	c271285	1
q271453	c271286	1
q271454	c271287	1
q271455	c271288	1
q271456	c271289	1
q271457	c271290	1
q271458	c271291	1
q271459	c271292	1
q271460	c271293	1
q271461	c271294	1
q271462	c271295	1
q271463	c271296	1
q271464	c271297	1
q271465	c271298	1
q271466	c271299	1
q271467	c271300	1
q271468	c271301	1
q271469	c271302	1
q271470	c186199	1
q271471	c186205	1
q271472	c271303	1
q271473	c271304	1
q271474	c271305	1
q271475	c271306	1
q271476	c271307	1
q271477	c271308	1
q271478	c271309	1
q271479	c271310	1
q271480	c271311	1
q271481	c271312	1
q271482	c271313	1
q271483	c271314	1
q271484	c271315	1
q271485	c271316	1
q271486	c271317	1
q271487	c271318	1
q271488	c271319	1
q271489	c271320	1
q271490	c271321	1
q271491	c271322	1
q271492	c271323	1
q271493	c271324	1
q271494	c271325	1
q271495	c271326	1
q271496	c271327	1
q271497	c271328	1
q271498	c271329	1
q271499	c271330	1
q271500	c271331	1
q271501	c271332	1
q271502	c271333	1
q271503	c271334	1
q271504	c271335	1
q271505	c271336	1
q271506	c271337	1
q271507	c271338	1
q271508	c271339	1
q271509	c271340	1
q271510	c271341	1
q271511	c271342	1
q271512	c271343	1
q271513	c271344	1
q271514	c271345	1
q271515	c271346	1
q271516	c271347	1
q271517	c271348	1
q271518	c271349	1
q271519	c271350	1
q271520	c271351	1
q271521	c271352	1
q271522	c271353	1
q271523	c271354	1
q271524	c271355	1
q271525	c271356	1
q271526	c271357	1
q271527	c271358	1
q271528	c271359	1
q271529	c271360	1
q271530	c271361	1
q271531	c271362	1
q271532	c271363	1
q271533	c271364	1
q271534	c271365	1
q271535	c271366	1
q271536	c271367	1
q271537	c271368	1
q271538	c271369	1
q271539	c271370	1
q271540	c271371	1
q271541	c271372	1
q271542	c271373	1
q271543	c271374	1
q271544	c271375	1
q271545	c271376	1
q271546	c271377	1
q271547	c271378	1
q271548	c271379	1
q271549	c271380	1
q271550	c271381	1
q271551	c271382	1
q271552	c271383	1
q271553	c271384	1
q271554	c271385	1
q271555	c271386	1
q271556	c271387	1
q271557	c271388	1
q271558	c271389	1
q271559	c271390	1
q271560	c271391	1
q271561	c271392	1
q271562	c271393	1
q271563	c271394	1
q271564	c271395	1
q271565	c271396	1
q271566	c271397	1
q271567	c271398	1
q271568	c271399	1
q271569	c271400	1
q271570	c271401	1
q271571	c271402	1
q271572	c271403	1
q271573	c271404	1
q271574	c271405	1
q271575	c271406	1
q271576	c271407	1
q271577	c271408	1
q271578	c271409	1
q271579	c271410	1
q271580	c271411	1
q271581	c271412	1
q271582	c271413	1
q271583	c271414	1
q271584	c271415	1
q271585	c271416	1
q271586	c271417	1
q271587	c271418	1
q271588	c271419	1
q271589	c271420	1
q271590	c271421	1
q271591	c271422	1
q271592	c271423	1
q271593	c271424	1
q271594	c271425	1
q271595	c271426	1
q271596	c271427	1
q271597	c271428	1
q271598	c271429	1
q271599	c271430	1
q271600	c271431	1
q271601	c271432	1
q271602	c271433	1
q271603	c271434	1
q271604	c271435	1
q271605	c271436	1
q271606	c271437	1
q271607	c271438	1
q271608	c240937	1
q271609	c271439	1
q271610	c271440	1
q271611	c271441	1
q271612	c271442	1
q271613	c271443	1
q271614	c271444	1
q271615	c271445	1
q271616	c271446	1
q271617	c271447	1
q271618	c271448	1
q271619	c271449	1
q271620	c271450	1
q271621	c271451	1
q271622	c271452	1
q271623	c271453	1
q271624	c271454	1
q271625	c271455	1
q271626	c271456	1
q271627	c271457	1
q271628	c271458	1
q271629	c271459	1
q271630	c271460	1
q271631	c271461	1
q271632	c271462	1
q271633	c271463	1
q271634	c271464	1
q271635	c271465	1
q271636	c271466	1
q271637	c271467	1
q271638	c271468	1
q271639	c271469	1
q271640	c271470	1
q271641	c271471	1
q271642	c271472	1
q271643	c271473	1
q271644	c271474	1
q271645	c271475	1
q271646	c271476	1
q271647	c271477	1
q271648	c271478	1
q271649	c271479	1
q271650	c271480	1
q271651	c271481	1
q271652	c271482	1
q271653	c271483	1
q271654	c271484	1
q271655	c271485	1
q271656	c271486	1
q271657	c271487	1
q271658	c271488	1
q271659	c271489	1
q271660	c271490	1
q271661	c271491	1
q271662	c271492	1
q271663	c271493	1
q271664	c271494	1
q271665	c271495	1
q271666	c271496	1
q271667	c271497	1
q271668	c271498	1
q271669	c271499	1
q271670	c271500	1
q271671	c271501	1
q271672	c271502	1
q271673	c271503	1
q271674	c271504	1
q271675	c271505	1
q271676	c271506	1
q271677	c271507	1
q271678	c271508	1
q271679	c271509	1
q271680	c271510	1
q271681	c271511	1
q271682	c271512	1
q271683	c271513	1
q271684	c271514	1
q271685	c271515	1
q271686	c271516	1
q271687	c271517	1
q271688	c271518	1
q271689	c271519	1
q271690	c271520	1
q271691	c271521	1
q271692	c271522	1
q271693	c271523	1
q271694	c271524	1
q271695	c271525	1
q271696	c271526	1
q271697	c271527	1
q271698	c271528	1
q271699	c271529	1
q271700	c271530	1
q271701	c271531	1
q271702	c271532	1
q271703	c271533	1
q271704	c271534	1
q271705	c271535	1
q271706	c271536	1
q271707	c271537	1
q271708	c271538	1
q271709	c271539	1
q271710	c271540	1
q271711	c271541	1
q271712	c271542	1
q271713	c271543	1
q271714	c271544	1
q271715	c271545	1
q271716	c271546	1
q271717	c271547	1
q271718	c271548	1
q271719	c271549	1
q271720	c271550	1
q271721	c271551	1
q271722	c271552	1
q271723	c271553	1
q271724	c271554	1
q271725	c271555	1
q271726	c271556	1
q271727	c271557	1
q271728	c271558	1
q271729	c271559	1
q271730	c271560	1
q271731	c271561	1
q271732	c271562	1
q271733	c271563	1
q271734	c271564	1
q271735	c271565	1
q271736	c271566	1
q271737	c271567	1
q271738	c271568	1
q271739	c271569	1
q271740	c271570	1
q271741	c271571	1
q271742	c271572	1
q271743	c271573	1
q271744	c271574	1
q271745	c271575	1
q271746	c271576	1
q271747	c271577	1
q271748	c271578	1
q271749	c271579	1
q271750	c271580	1
q271751	c271581	1
q271752	c271582	1
q271753	c271583	1
q271754	c271584	1
q271755	c271585	1
q271756	c271586	1
q271757	c271587	1
q271758	c271588	1
q271759	c271589	1
q271760	c271590	1
q271761	c271591	1
q271762	c271592	1
q271763	c271593	1
q271764	c271594	1
q271765	c271595	1
q271766	c271596	1
q271767	c271597	1
q271768	c271598	1
q271769	c271599	1
q271770	c271600	1
q271771	c271601	1
q271772	c271602	1
q271773	c271603	1
q271774	c271604	1
q271775	c271605	1
q271776	c271606	1
q271777	c271607	1
q271778	c271608	1
q271779	c271609	1
q271780	c271610	1
q271781	c271611	1
q271782	c271612	1
q271783	c271613	1
q271784	c271614	1
q271785	c271615	1
q271786	c271616	1
q271787	c271617	1
q271788	c271618	1
q271789	c271619	1
q271790	c271620	1
q271791	c271621	1
q271792	c271622	1
q271793	c271623	1
q271794	c271624	1
q271795	c271625	1
q271796	c271626	1
q271797	c271627	1
q271798	c271628	1
q271799	c271629	1
q271800	c271630	1
q271801	c271631	1
q271802	c271632	1
q271803	c271633	1
q271804	c271634	1
q271805	c271635	1
q271806	c271636	1
q271807	c271637	1
q271808	c271638	1
q271809	c271639	1
q271810	c271640	1
q271811	c271641	1
q271812	c271642	1
q271813	c271643	1
q271814	c271644	1
q271815	c271645	1
q271816	c271646	1
q271817	c271647	1
q271818	c271648	1
q271819	c271649	1
q271820	c271650	1
q271821	c271651	1
q271822	c271652	1
q271823	c271653	1
q271824	c271654	1
q271825	c271655	1
q271826	c271656	1
q271827	c271657	1
q271828	c271658	1
q271829	c271659	1
q271830	c271660	1
q271831	c271661	1
q271832	c271662	1
q271833	c271663	1
q271834	c271664	1
q271835	c271665	1
q271836	c271666	1
q271837	c271667	1
q271838	c271668	1
q271839	c271669	1
q271840	c271670	1
q271841	c271671	1
q271842	c271672	1
q271843	c271673	1
q271844	c271674	1
q271845	c271675	1
q271846	c271676	1
q271847	c271677	1
q271848	c271678	1
q271849	c271679	1
q271850	c271680	1
q271851	c271681	1
q271852	c271682	1
q271853	c271683	1
q271854	c271684	1
q271855	c271685	1
q271856	c271686	1
q271857	c271687	1
q271858	c271688	1
q271859	c271689	1
q271860	c271690	1
q271861	c271691	1
q271862	c271692	1
q271863	c271693	1
q271864	c271694	1
q271865	c271695	1
q271866	c271696	1
q271867	c271697	1
q271868	c271698	1
q271869	c271699	1
q271870	c271700	1
q271871	c271701	1
q271872	c271702	1
q271873	c271703	1
q271874	c271704	1
q271875	c271705	1
q271876	c271706	1
q271877	c271707	1
q271878	c271708	1
q271879	c271709	1
q271880	c182790	1
q271881	c271710	1
q271882	c271711	1
q271883	c271712	1
q271884	c271713	1
q271885	c271714	1
q271886	c271715	1
q271887	c271716	1
q271888	c271717	1
q271889	c271718	1
q271890	c271719	1
q271891	c271720	1
q271892	c271721	1
q271893	c271722	1
q271894	c271723	1
q271895	c271724	1
q271896	c271725	1
q271897	c271726	1
q271898	c271727	1
q271899	c271728	1
q271900	c271729	1
q271901	c109483	1
q271902	c271730	1
q271903	c271731	1
q271904	c271732	1
q271905	c271733	1
q271906	c271734	1
q271907	c271735	1
q271908	c271736	1
q271909	c271737	1
q271910	c271738	1
q271911	c271739	1
q271912	c271740	1
q271913	c271741	1
q271914	c271742	1
q271915	c271743	1
q271916	c271744	1
q271917	c271745	1
q271918	c271746	1
q271919	c271747	1
q271920	c271748	1
q271921	c271749	1
q271922	c21266	1
q271923	c271750	1
q271924	c271751	1
q271925	c271752	1
q271926	c271753	1
q271927	c271754	1
q271928	c271755	1
q271929	c271756	1
q271930	c271757	1
q271931	c271758	1
q271932	c271759	1
q271933	c271760	1
q271934	c271761	1
q271935	c271762	1
q271936	c271763	1
q271937	c271764	1
q271938	c271765	1
q271939	c271766	1
q271940	c271767	1
q271941	c271768	1
q271942	c271769	1
q271943	c271770	1
q271944	c271771	1
q271945	c271772	1
q271946	c271773	1
q271947	c271774	1
q271948	c271775	1
q271949	c271776	1
q271950	c271777	1
q271951	c271778	1
q271952	c271779	1
q271953	c271780	1
q271954	c271781	1
q271955	c271782	1
q271956	c271783	1
q271957	c271784	1
q271958	c271785	1
q271959	c271786	1
q271960	c271787	1
q271961	c271788	1
q271962	c271789	1
q271963	c271790	1
q271964	c271791	1
q271965	c271792	1
q271966	c271793	1
q271967	c271794	1
q271968	c271795	1
q271969	c271796	1
q271970	c271797	1
q271971	c271798	1
q271972	c271799	1
q271973	c271800	1
q271974	c271801	1
q271975	c271802	1
q271976	c271803	1
q271977	c271804	1
q271978	c271805	1
q271979	c271806	1
q271980	c271807	1
q271981	c271808	1
q271982	c271809	1
q271983	c271810	1
q271984	c271811	1
q271985	c271812	1
q271986	c271813	1
q271987	c271814	1
q271988	c271815	1
q271989	c271816	1
q271990	c271817	1
q271991	c271818	1
q271992	c271819	1
q271993	c271820	1
q271994	c271821	1
q271995	c271822	1
q271996	c271823	1
q271997	c271824	1
q271998	c271825	1
q271999	c271826	1
q272000	c271827	1
q272001	c271828	1
q272002	c271829	1
q272003	c271830	1
q272004	c271831	1
q272005	c271832	1
q272006	c271833	1
q272007	c271834	1
q272008	c271835	1
q272009	c271836	1
q272010	c271837	1
q272011	c271838	1
q272012	c271839	1
q272013	c271840	1
q272014	c271841	1
q272015	c271842	1
q272016	c271843	1
q272017	c271844	1
q272018	c271845	1
q272019	c271846	1
q272020	c271847	1
q272021	c271848	1
q272022	c271849	1
q272023	c271850	1
q272024	c271851	1
q272025	c271852	1
q272026	c271853	1
q272027	c271854	1
q272028	c254776	1
q272029	c271855	1
q272030	c254777	1
q272031	c271856	1
q272032	c271857	1
q272033	c271858	1
q272034	c271859	1
q272035	c271860	1
q272036	c271861	1
q272037	c271862	1
q272038	c271863	1
q272039	c271864	1
q272040	c271865	1
q272041	c271866	1
q272042	c271867	1
q272043	c271868	1
q272044	c271869	1
q272045	c271870	1
q272046	c271871	1
q272047	c271872	1
q272048	c271873	1
q272049	c271874	1
q272050	c271875	1
q272051	c271876	1
q272052	c271877	1
q272053	c271878	1
q272054	c271879	1
q272055	c271880	1
q272056	c271881	1
q272057	c271882	1
q272058	c271883	1
q272059	c271884	1
q272060	c271885	1
q272061	c271886	1
q272062	c271887	1
q272063	c271888	1
q272064	c271889	1
q272065	c271890	1
q272066	c271891	1
q272067	c271892	1
q272068	c271893	1
q272069	c271894	1
q272070	c271895	1
q272071	c271896	1
q272072	c271897	1
q272073	c271898	1
q272074	c271899	1
q272075	c271900	1
q272076	c271901	1
q272077	c271902	1
q272078	c271903	1
q272079	c271904	1
q272080	c271905	1
q272081	c271906	1
q272082	c271907	1
q272083	c271908	1
q272084	c271909	1
q272085	c271910	1
q272086	c271911	1
q272087	c271912	1
q272088	c271913	1
q272089	c271914	1
q272090	c271915	1
q272091	c271916	1
q272092	c271917	1
q272093	c271918	1
q272094	c271919	1
q272095	c271920	1
q272096	c271921	1
q272097	c271922	1
q272098	c271923	1
q272099	c271924	1
q272100	c271925	1
q272101	c271926	1
q272102	c271927	1
q272103	c271928	1
q272104	c271929	1
q272105	c271930	1
q272106	c271931	1
q272107	c271932	1
q272108	c271933	1
q272109	c271934	1
q272110	c271935	1
q272111	c271936	1
q272112	c271937	1
q272113	c271938	1
q272114	c271939	1
q272115	c271940	1
q272116	c271941	1
q272117	c271942	1
q272118	c271943	1
q272119	c271944	1
q272120	c271945	1
q272121	c271946	1
q272122	c271947	1
q272123	c271948	1
q272124	c271949	1
q272125	c271950	1
q272126	c271951	1
q272127	c271952	1
q272128	c271953	1
q272129	c271954	1
q272130	c271955	1
q272131	c271956	1
q272132	c271957	1
q272133	c271958	1
q272134	c271959	1
q272135	c271960	1
q272136	c271961	1
q272137	c271962	1
q272138	c271963	1
q272139	c271964	1
q272140	c271965	1
q272141	c271966	1
q272142	c271967	1
q272143	c271968	1
q272144	c271969	1
q272145	c271970	1
q272146	c271971	1
q272147	c271972	1
q272148	c271973	1
q272149	c271974	1
q272150	c271975	1
q272151	c271976	1
q272152	c271977	1
q272153	c271978	1
q272154	c271979	1
q272155	c271980	1
q272156	c271981	1
q272157	c271982	1
q272158	c271983	1
q272159	c271984	1
q272160	c271985	1
q272161	c271986	1
q272162	c271987	1
q272163	c271988	1
q272164	c271989	1
q272165	c271990	1
q272166	c271991	1
q272167	c271992	1
q272168	c271993	1
q272169	c271994	1
q272170	c271995	1
q272171	c271996	1
q272172	c271997	1
q272173	c271998	1
q272174	c271999	1
q272175	c272000	1
q272176	c272001	1
q272177	c272002	1
q272178	c272003	1
q272179	c272004	1
q272180	c272005	1
q272181	c272006	1
q272182	c272007	1
q272183	c272008	1
q272184	c272009	1
q272185	c272010	1
q272186	c272011	1
q272187	c272012	1
q272188	c272013	1
q272189	c272014	1
q272190	c272015	1
q272191	c272016	1
q272192	c272017	1
q272193	c272018	1
q272194	c272019	1
q272195	c272020	1
q272196	c272021	1
q272197	c272022	1
q272198	c272023	1
q272199	c272024	1
q272200	c272025	1
q272201	c272026	1
q272202	c272027	1
q272203	c272028	1
q272204	c272029	1
q272205	c272030	1
q272206	c272031	1
q272207	c272032	1
q272208	c272033	1
q272209	c272034	1
q272210	c272035	1
q272211	c272036	1
q272212	c272037	1
q272213	c272038	1
q272214	c272039	1
q272215	c272040	1
q272216	c272041	1
q272217	c272042	1
q272218	c272043	1
q272219	c272044	1
q272220	c272045	1
q272221	c272046	1
q272222	c272047	1
q272223	c272048	1
q272224	c272049	1
q272225	c272050	1
q272226	c272051	1
q272227	c272052	1
q272228	c272053	1
q272229	c272054	1
q272230	c272055	1
q272231	c272056	1
q272232	c272057	1
q272233	c272058	1
q272234	c272059	1
q272235	c272060	1
q272236	c272061	1
q272237	c272062	1
q272238	c272063	1
q272239	c272064	1
q272240	c272065	1
q272241	c272066	1
q272242	c272067	1
q272243	c272068	1
q272244	c272069	1
q272245	c272070	1
q272246	c272071	1
q272247	c272072	1
q272248	c272073	1
q272249	c272074	1
q272250	c272075	1
q272251	c272076	1
q272252	c272077	1
q272253	c272078	1
q272254	c272079	1
q272255	c272080	1
q272256	c272081	1
q272257	c272082	1
q272258	c272083	1
q272259	c272084	1
q272260	c272085	1
q272261	c272086	1
q272262	c272087	1
q272263	c272088	1
q272264	c272089	1
q272265	c272090	1
q272266	c272091	1
q272267	c272092	1
q272268	c272093	1
q272269	c272094	1
q272270	c272095	1
q272271	c272096	1
q272272	c272097	1
q272273	c272098	1
q272274	c220222	1
q272275	c272099	1
q272276	c272100	1
q272277	c272101	1
q272278	c272102	1
q272279	c220227	1
q272280	c272103	1
q272281	c272104	1
q272282	c272105	1
q272283	c272106	1
q272284	c272107	1
q272285	c272108	1
q272286	c272109	1
q272287	c272110	1
q272288	c272111	1
q272289	c272112	1
q272290	c272113	1
q272291	c272114	1
q272292	c272115	1
q272293	c272116	1
q272294	c272117	1
q272295	c272118	1
q272296	c272119	1
q272297	c272120	1
q272298	c272121	1
q272299	c272122	1
q272300	c272123	1
q272301	c272124	1
q272302	c272125	1
q272303	c272126	1
q272304	c272127	1
q272305	c272128	1
q272306	c272129	1
q272307	c272130	1
q272308	c272131	1
q272309	c272132	1
q272310	c272133	1
q272311	c272134	1
q272312	c272135	1
q272313	c272136	1
q272314	c272137	1
q272315	c272138	1
q272316	c272139	1
q272317	c272140	1
q272318	c272141	1
q272319	c272142	1
q272320	c272143	1
q272321	c272144	1
q272322	c272145	1
q272323	c272146	1
q272324	c272147	1
q272325	c272148	1
q272326	c272149	1
q272327	c272150	1
q272328	c272151	1
q272329	c272152	1
q272330	c272153	1
q272331	c272154	1
q272332	c272155	1
q272333	c272156	1
q272334	c272157	1
q272335	c272158	1
q272336	c272159	1
q272337	c272160	1
q272338	c272161	1
q272339	c272162	1
q272340	c272163	1
q272341	c272164	1
q272342	c272165	1
q272343	c272166	1
q272344	c272167	1
q272345	c272168	1
q272346	c272169	1
q272347	c272170	1
q272348	c272171	1
q272349	c272172	1
q272350	c272173	1
q272351	c272174	1
q272352	c272175	1
q272353	c272176	1
q272354	c272177	1
q272355	c272178	1
q272356	c272179	1
q272357	c3815	1
q272358	c272180	1
q272359	c3816	1
q272360	c272181	1
q272361	c272182	1
q272362	c272183	1
q272363	c272184	1
q272364	c272185	1
q272365	c272186	1
q272366	c272187	1
q272367	c272188	1
q272368	c272189	1
q272369	c272190	1
q272370	c272191	1
q272371	c272192	1
q272372	c272193	1
q272373	c272194	1
q272374	c272195	1
q272375	c272196	1
q272376	c272197	1
q272377	c272198	1
q272378	c272199	1
q272379	c272200	1
q272380	c272201	1
q272381	c272202	1
q272382	c272203	1
q272383	c272204	1
q272384	c272205	1
q272385	c272206	1
q272386	c272207	1
q272387	c272208	1
q272388	c272209	1
q272389	c272210	1
q272390	c272211	1
q272391	c272212	1
q272392	c272213	1
q272393	c272214	1
q272394	c272215	1
q272395	c272216	1
q272396	c272217	1
q272397	c272218	1
q272398	c272219	1
q272399	c272220	1
q272400	c272221	1
q272401	c272222	1
q272402	c272223	1
q272403	c272224	1
q272404	c272225	1
q272405	c272226	1
q272406	c272227	1
q272407	c272228	1
q272408	c272229	1
q272409	c272230	1
q272410	c272231	1
q272411	c272232	1
q272412	c272233	1
q272413	c272234	1
q272414	c272235	1
q272415	c272236	1
q272416	c272237	1
q272417	c272238	1
q272418	c272239	1
q272419	c272240	1
q272420	c272241	1
q272421	c272242	1
q272422	c272243	1
q272423	c272244	1
q272424	c272245	1
q272425	c272246	1
q272426	c272247	1
q272427	c272248	1
q272428	c272249	1
q272429	c272250	1
q272430	c272251	1
q272431	c272252	1
q272432	c272253	1
q272433	c272254	1
q272434	c272255	1
q272435	c272256	1
q272436	c272257	1
q272437	c272258	1
q272438	c272259	1
q272439	c272260	1
q272440	c272261	1
q272441	c272262	1
q272442	c272263	1
q272443	c272264	1
q272444	c272265	1
q272445	c272266	1
q272446	c272267	1
q272447	c272268	1
q272448	c272269	1
q272449	c272270	1
q272450	c272271	1
q272451	c272272	1
q272452	c272273	1
q272453	c272274	1
q272454	c272275	1
q272455	c272276	1
q272456	c272277	1
q272457	c272278	1
q272458	c272279	1
q272459	c272280	1
q272460	c272281	1
q272461	c272282	1
q272462	c272283	1
q272463	c272284	1
q272464	c272285	1
q272465	c272286	1
q272466	c272287	1
q272467	c272288	1
q272468	c272289	1
q272469	c272290	1
q272470	c272291	1
q272471	c272292	1
q272472	c272293	1
q272473	c272294	1
q272474	c272295	1
q272475	c272296	1
q272476	c272297	1
q272477	c272298	1
q272478	c272299	1
q272479	c272300	1
q272480	c272301	1
q272481	c272302	1
q272482	c272303	1
q272483	c272304	1
q272484	c272305	1
q272485	c272306	1
q272486	c272307	1
q272487	c272308	1
q272488	c272309	1
q272489	c272310	1
q272490	c272311	1
q272491	c272312	1
q272492	c272313	1
q272493	c272314	1
q272494	c272315	1
q272495	c272316	1
q272496	c272317	1
q272497	c272318	1
q272498	c272319	1
q272499	c272320	1
q272500	c272321	1
q272501	c272322	1
q272502	c272323	1
q272503	c272324	1
q272504	c272325	1
q272505	c272326	1
q272506	c272327	1
q272507	c272328	1
q272508	c272329	1
q272509	c272330	1
q272510	c272331	1
q272511	c272332	1
q272512	c272333	1
q272513	c272334	1
q272514	c272335	1
q272515	c272336	1
q272516	c272337	1
q272517	c272338	1
q272518	c272339	1
q272519	c272340	1
q272520	c272341	1
q272521	c272342	1
q272522	c272343	1
q272523	c272344	1
q272524	c272345	1
q272525	c272346	1
q272526	c272347	1
q272527	c272348	1
q272528	c272349	1
q272529	c272350	1
q272530	c272351	1
q272531	c272352	1
q272532	c272353	1
q272533	c272354	1
q272534	c272355	1
q272535	c272356	1
q272536	c272357	1
q272537	c272358	1
q272538	c272359	1
q272539	c272360	1
q272540	c272361	1
q272541	c272362	1
q272542	c272363	1
q272543	c272364	1
q272544	c272365	1
q272545	c272366	1
q272546	c272367	1
q272547	c272368	1
q272548	c272369	1
q272549	c272370	1
q272550	c272371	1
q272551	c272372	1
q272552	c272373	1
q272553	c272374	1
q272554	c272375	1
q272555	c272376	1
q272556	c272377	1
q272557	c272378	1
q272558	c272379	1
q272559	c272380	1
q272560	c272381	1
q272561	c272382	1
q272562	c272383	1
q272563	c272384	1
q272564	c272385	1
q272565	c272386	1
q272566	c272387	1
q272567	c272388	1
q272568	c272389	1
q272569	c272390	1
q272570	c272391	1
q272571	c272392	1
q272572	c272393	1
q272573	c272394	1
q272574	c272395	1
q272575	c272396	1
q272576	c272397	1
q272577	c272398	1
q272578	c272399	1
q272579	c272400	1
q272580	c272401	1
q272581	c272402	1
q272582	c272403	1
q272583	c272404	1
q272584	c272405	1
q272585	c272406	1
q272586	c272407	1
q272587	c272408	1
q272588	c272409	1
q272589	c272410	1
q272590	c272411	1
q272591	c272412	1
q272592	c272413	1
q272593	c272414	1
q272594	c272415	1
q272595	c272416	1
q272596	c272417	1
q272597	c272418	1
q272598	c272419	1
q272599	c272420	1
q272600	c272421	1
q272601	c272422	1
q272602	c272423	1
q272603	c272424	1
q272604	c272425	1
q272605	c272426	1
q272606	c272427	1
q272607	c272428	1
q272608	c272429	1
q272609	c272430	1
q272610	c272431	1
q272611	c272432	1
q272612	c272433	1
q272613	c272434	1
q272614	c272435	1
q272615	c272436	1
q272616	c272437	1
q272617	c272438	1
q272618	c272439	1
q272619	c272440	1
q272620	c272441	1
q272621	c272442	1
q272622	c272443	1
q272623	c272444	1
q272624	c272445	1
q272625	c272446	1
q272626	c272447	1
q272627	c272448	1
q272628	c272449	1
q272629	c272450	1
q272630	c272451	1
q272631	c272452	1
q272632	c272453	1
q272633	c272454	1
q272634	c272455	1
q272635	c272456	1
q272636	c272457	1
q272637	c272458	1
q272638	c272459	1
q272639	c272460	1
q272640	c272461	1
q272641	c272462	1
q272642	c272463	1
q272643	c272464	1
q272644	c272465	1
q272645	c272466	1
q272646	c272467	1
q272647	c272468	1
q272648	c272469	1
q272649	c272470	1
q272650	c272471	1
q272651	c272472	1
q272652	c272473	1
q272653	c272474	1
q272654	c272475	1
q272655	c272476	1
q272656	c272477	1
q272657	c272478	1
q272658	c272479	1
q272659	c272480	1
q272660	c272481	1
q272661	c272482	1
q272662	c272483	1
q272663	c272484	1
q272664	c272485	1
q272665	c272486	1
q272666	c272487	1
q272667	c272488	1
q272668	c272489	1
q272669	c272490	1
q272670	c272491	1
q272671	c272492	1
q272672	c272493	1
q272673	c272494	1
q272674	c272495	1
q272675	c272496	1
q272676	c272497	1
q272677	c272498	1
q272678	c272499	1
q272679	c272500	1
q272680	c272501	1
q272681	c272502	1
q272682	c272503	1
q272683	c272504	1
q272684	c272505	1
q272685	c272506	1
q272686	c272507	1
q272687	c272508	1
q272688	c272509	1
q272689	c272510	1
q272690	c272511	1
q272691	c272512	1
q272692	c272513	1
q272693	c272514	1
q272694	c272515	1
q272695	c272516	1
q272696	c272517	1
q272697	c272518	1
q272698	c272519	1
q272699	c272520	1
q272700	c272521	1
q272701	c272522	1
q272702	c272523	1
q272703	c272524	1
q272704	c272525	1
q272705	c272526	1
q272706	c272527	1
q272707	c272528	1
q272708	c272529	1
q272709	c272530	1
q272710	c272531	1
q272711	c272532	1
q272712	c272533	1
q272713	c272534	1
q272714	c272535	1
q272715	c272536	1
q272716	c272537	1
q272717	c272538	1
q272718	c272539	1
q272719	c272540	1
q272720	c272541	1
q272721	c272542	1
q272722	c272543	1
q272723	c272544	1
q272724	c272545	1
q272725	c272546	1
q272726	c272547	1
q272727	c272548	1
q272728	c272549	1
q272729	c272550	1
q272730	c272551	1
q272731	c272552	1
q272732	c272553	1
q272733	c272554	1
q272734	c272555	1
q272735	c272556	1
q272736	c272557	1
q272737	c272558	1
q272738	c272559	1
q272739	c272560	1
q272740	c272561	1
q272741	c272562	1
q272742	c272563	1
q272743	c272564	1
q272744	c272565	1
q272745	c272566	1
q272746	c272567	1
q272747	c272568	1
q272748	c272569	1
q272749	c272570	1
q272750	c272571	1
q272751	c272572	1
q272752	c272573	1
q272753	c272574	1
q272754	c272575	1
q272755	c272576	1
q272756	c272577	1
q272757	c272578	1
q272758	c272579	1
q272759	c272580	1
q272760	c272581	1
q272761	c272582	1
q272762	c272583	1
q272763	c272584	1
q272764	c272585	1
q272765	c272586	1
q272766	c272587	1
q272767	c272588	1
q272768	c272589	1
q272769	c272590	1
q272770	c272591	1
q272771	c272592	1
q272772	c272593	1
q272773	c272594	1
q272774	c272595	1
q272775	c272596	1
q272776	c272597	1
q272777	c272598	1
q272778	c272599	1
q272779	c272600	1
q272780	c272601	1
q272781	c272602	1
q272782	c272603	1
q272783	c272604	1
q272784	c272605	1
q272785	c272606	1
q272786	c272607	1
q272787	c272608	1
q272788	c272609	1
q272789	c272610	1
q272790	c272611	1
q272791	c272612	1
q272792	c272613	1
q272793	c272614	1
q272794	c272615	1
q272795	c272616	1
q272796	c272617	1
q272797	c272618	1
q272798	c272619	1
q272799	c272620	1
q272800	c272621	1
q272801	c272622	1
q272802	c272623	1
q272803	c272624	1
q272804	c272625	1
q272805	c272626	1
q272806	c272627	1
q272807	c272628	1
q272808	c272629	1
q272809	c272630	1
q272810	c272631	1
q272811	c272632	1
q272812	c272633	1
q272813	c272634	1
q272814	c272635	1
q272815	c272636	1
q272816	c272637	1
q272817	c272638	1
q272818	c272639	1
q272819	c272640	1
q272820	c272641	1
q272821	c272642	1
q272822	c272643	1
q272823	c272644	1
q272824	c272645	1
q272825	c272646	1
q272826	c272647	1
q272827	c272648	1
q272828	c272649	1
q272829	c272650	1
q272830	c272651	1
q272831	c272652	1
q272832	c272653	1
q272833	c272654	1
q272834	c272655	1
q272835	c272656	1
q272836	c272657	1
q272837	c272658	1
q272838	c272659	1
q272839	c272660	1
q272840	c272661	1
q272841	c272662	1
q272842	c272663	1
q272843	c272664	1
q272844	c272665	1
q272845	c272666	1
q272846	c272667	1
q272847	c272668	1
q272848	c272669	1
q272849	c272670	1
q272850	c272671	1
q272851	c272672	1
q272852	c272673	1
q272853	c272674	1
q272854	c272675	1
q272855	c272676	1
q272856	c272677	1
q272857	c272678	1
q272858	c272679	1
q272859	c272680	1
q272860	c272681	1
q272861	c272682	1
q272862	c272683	1
q272863	c272684	1
q272864	c272685	1
q272865	c272686	1
q272866	c272687	1
q272867	c272688	1
q272868	c272689	1
q272869	c272690	1
q272870	c272691	1
q272871	c272692	1
q272872	c272693	1
q272873	c272694	1
q272874	c272695	1
q272875	c272696	1
q272876	c272697	1
q272877	c272698	1
q272878	c272699	1
q272879	c272700	1
q272880	c272701	1
q272881	c272702	1
q272882	c272703	1
q272883	c272704	1
q272884	c272705	1
q272885	c272706	1
q272886	c272707	1
q272887	c272708	1
q272888	c272709	1
q272889	c272710	1
q272890	c272711	1
q272891	c272712	1
q272892	c272713	1
q272893	c272714	1
q272894	c272715	1
q272895	c272716	1
q272896	c272717	1
q272897	c272718	1
q272898	c272719	1
q272899	c272720	1
q272900	c272721	1
q272901	c272722	1
q272902	c272723	1
q272903	c272724	1
q272904	c272725	1
q272905	c272726	1
q272906	c272727	1
q272907	c272728	1
q272908	c272729	1
q272909	c272730	1
q272910	c272731	1
q272911	c272732	1
q272912	c272733	1
q272913	c272734	1
q272914	c272735	1
q272915	c272736	1
q272916	c272737	1
q272917	c272738	1
q272918	c272739	1
q272919	c272740	1
q272920	c272741	1
q272921	c272742	1
q272922	c272743	1
q272923	c272744	1
q272924	c272745	1
q272925	c272746	1
q272926	c272747	1
q272927	c272748	1
q272928	c272749	1
q272929	c272750	1
q272930	c272751	1
q272931	c272752	1
q272932	c272753	1
q272933	c272754	1
q272934	c272755	1
q272935	c272756	1
q272936	c272757	1
q272937	c272758	1
q272938	c272759	1
q272939	c272760	1
q272940	c272761	1
q272941	c272762	1
q272942	c272763	1
q272943	c272764	1
q272944	c272765	1
q272945	c272766	1
q272946	c272767	1
q272947	c272768	1
q272948	c272769	1
q272949	c272770	1
q272950	c272771	1
q272951	c272772	1
q272952	c272773	1
q272953	c272774	1
q272954	c272775	1
q272955	c272776	1
q272956	c272777	1
q272957	c272778	1
q272958	c272779	1
q272959	c272780	1
q272960	c272781	1
q272961	c272782	1
q272962	c272783	1
q272963	c272784	1
q272964	c272785	1
q272965	c272786	1
q272966	c272787	1
q272967	c272788	1
q272968	c272789	1
q272969	c272790	1
q272970	c272791	1
q272971	c272792	1
q272972	c272793	1
q272973	c272794	1
q272974	c272795	1
q272975	c272796	1
q272976	c272797	1
q272977	c272798	1
q272978	c272799	1
q272979	c272800	1
q272980	c272801	1
q272981	c272802	1
q272982	c272803	1
q272983	c272804	1
q272984	c272805	1
q272985	c272806	1
q272986	c272807	1
q272987	c272808	1
q272988	c272809	1
q272989	c272810	1
q272990	c272811	1
q272991	c272812	1
q272992	c272813	1
q272993	c272814	1
q272994	c272815	1
q272995	c272816	1
q272996	c272817	1
q272997	c272818	1
q272998	c272819	1
q272999	c272820	1
q273000	c272821	1
q273001	c272822	1
q273002	c272823	1
q273003	c272824	1
q273004	c272825	1
q273005	c272826	1
q273006	c272827	1
q273007	c272828	1
q273008	c272829	1
q273009	c272830	1
q273010	c272831	1
q273011	c272832	1
q273012	c272833	1
q273013	c272834	1
q273014	c272835	1
q273015	c272836	1
q273016	c272837	1
q273017	c272838	1
q273018	c272839	1
q273019	c272840	1
q273020	c272841	1
q273021	c272842	1
q273022	c272843	1
q273023	c272844	1
q273024	c272845	1
q273025	c272846	1
q273026	c272847	1
q273027	c272848	1
q273028	c272849	1
q273029	c272850	1
q273030	c272851	1
q273031	c272852	1
q273032	c272853	1
q273033	c272854	1
q273034	c272855	1
q273035	c272856	1
q273036	c272857	1
q273037	c272858	1
q273038	c272859	1
q273039	c272860	1
q273040	c272861	1
q273041	c272862	1
q273042	c272863	1
q273043	c272864	1
q273044	c272865	1
q273045	c272866	1
q273046	c272867	1
q273047	c272868	1
q273048	c272869	1
q273049	c272870	1
q273050	c272871	1
q273051	c272872	1
q273052	c272873	1
q273053	c272874	1
q273054	c272875	1
q273055	c272876	1
q273056	c272877	1
q273057	c272878	1
q273058	c272879	1
q273059	c272880	1
q273060	c272881	1
q273061	c272882	1
q273062	c272883	1
q273063	c272884	1
q273064	c272885	1
q273065	c272886	1
q273066	c272887	1
q273067	c272888	1
q273068	c272889	1
q273069	c272890	1
q273070	c272891	1
q273071	c272892	1
q273072	c272893	1
q273073	c272894	1
q273074	c272895	1
q273075	c272896	1
q273076	c272897	1
q273077	c272898	1
q273078	c272899	1
q273079	c272900	1
q273080	c272901	1
q273081	c272902	1
q273082	c272903	1
q273083	c272904	1
q273084	c272905	1
q273085	c272906	1
q273086	c272907	1
q273087	c272908	1
q273088	c272909	1
q273089	c272910	1
q273090	c272911	1
q273091	c272912	1
q273092	c272913	1
q273093	c272914	1
q273094	c272915	1
q273095	c272916	1
q273096	c272917	1
q273097	c272918	1
q273098	c272919	1
q273099	c272920	1
q273100	c83604	1
q273101	c83605	1
q273102	c272921	1
q273103	c272922	1
q273104	c272923	1
q273105	c272924	1
q273106	c272925	1
q273107	c272926	1
q273108	c272927	1
q273109	c272928	1
q273110	c272929	1
q273111	c272930	1
q273112	c272931	1
q273113	c272932	1
q273114	c272933	1
q273115	c272934	1
q273116	c272935	1
q273117	c272936	1
q273118	c272937	1
q273119	c272938	1
q273120	c272939	1
q273121	c272940	1
q273122	c272941	1
q273123	c272942	1
q273124	c272943	1
q273125	c272944	1
q273126	c272945	1
q273127	c272946	1
q273128	c272947	1
q273129	c272948	1
q273130	c272949	1
q273131	c272950	1
q273132	c272951	1
q273133	c272952	1
q273134	c272953	1
q273135	c272954	1
q273136	c272955	1
q273137	c272956	1
q273138	c272957	1
q273139	c272958	1
q273140	c272959	1
q273141	c272960	1
q273142	c272961	1
q273143	c272962	1
q273144	c272963	1
q273145	c272964	1
q273146	c272965	1
q273147	c272966	1
q273148	c272967	1
q273149	c272968	1
q273150	c272969	1
q273151	c272970	1
q273152	c272971	1
q273153	c272972	1
q273154	c272973	1
q273155	c272974	1
q273156	c272975	1
q273157	c272976	1
q273158	c272977	1
q273159	c272978	1
q273160	c272979	1
q273161	c272980	1
q273162	c272981	1
q273163	c272982	1
q273164	c272983	1
q273165	c272984	1
q273166	c272985	1
q273167	c272986	1
q273168	c272987	1
q273169	c272988	1
q273170	c272989	1
q273171	c272990	1
q273172	c272991	1
q273173	c272992	1
q273174	c272993	1
q273175	c272994	1
q273176	c272995	1
q273177	c272996	1
q273178	c272997	1
q273179	c272998	1
q273180	c272999	1
q273181	c273000	1
q273182	c273001	1
q273183	c273002	1
q273184	c273003	1
q273185	c273004	1
q273186	c273005	1
q273187	c273006	1
q273188	c273007	1
q273189	c273008	1
q273190	c273009	1
q273191	c273010	1
q273192	c273011	1
q273193	c273012	1
q273194	c273013	1
q273195	c273014	1
q273196	c273015	1
q273197	c273016	1
q273198	c273017	1
q273199	c273018	1
q273200	c273019	1
q273201	c273020	1
q273202	c273021	1
q273203	c273022	1
q273204	c273023	1
q273205	c273024	1
q273206	c273025	1
q273207	c273026	1
q273208	c273027	1
q273209	c273028	1
q273210	c273029	1
q273211	c273030	1
q273212	c273031	1
q273213	c273032	1
q273214	c273033	1
q273215	c273034	1
q273216	c273035	1
q273217	c273036	1
q273218	c273037	1
q273219	c273038	1
q273220	c273039	1
q273221	c273040	1
q273222	c273041	1
q273223	c273042	1
q273224	c273043	1
q273225	c273044	1
q273226	c273045	1
q273227	c273046	1
q273228	c273047	1
q273229	c273048	1
q273230	c273049	1
q273231	c273050	1
q273232	c273051	1
q273233	c273052	1
q273234	c273053	1
q273235	c273054	1
q273236	c273055	1
q273237	c273056	1
q273238	c273057	1
q273239	c273058	1
q273240	c273059	1
q273241	c273060	1
q273242	c273061	1
q273243	c273062	1
q273244	c273063	1
q273245	c273064	1
q273246	c273065	1
q273247	c273066	1
q273248	c273067	1
q273249	c273068	1
q273250	c273069	1
q273251	c273070	1
q273252	c273071	1
q273253	c273072	1
q273254	c273073	1
q273255	c273074	1
q273256	c273075	1
q273257	c273076	1
q273258	c273077	1
q273259	c273078	1
q273260	c273079	1
q273261	c273080	1
q273262	c273081	1
q273263	c273082	1
q273264	c273083	1
q273265	c273084	1
q273266	c273085	1
q273267	c273086	1
q273268	c273087	1
q273269	c273088	1
q273270	c273089	1
q273271	c273090	1
q273272	c273091	1
q273273	c273092	1
q273274	c273093	1
q273275	c273094	1
q273276	c273095	1
q273277	c273096	1
q273278	c273097	1
q273279	c273098	1
q273280	c273099	1
q273281	c273100	1
q273282	c273101	1
q273283	c273102	1
q273284	c273103	1
q273285	c273104	1
q273286	c273105	1
q273287	c273106	1
q273288	c273107	1
q273289	c273108	1
q273290	c273109	1
q273291	c273110	1
q273292	c273111	1
q273293	c273112	1
q273294	c273113	1
q273295	c273114	1
q273296	c273115	1
q273297	c65762	1
q273298	c273116	1
q273299	c273117	1
q273300	c273118	1
q273301	c273119	1
q273302	c273120	1
q273303	c273121	1
q273304	c273122	1
q273305	c273123	1
q273306	c273124	1
q273307	c273125	1
q273308	c273126	1
q273309	c273127	1
q273310	c273128	1
q273311	c273129	1
q273312	c273130	1
q273313	c273131	1
q273314	c273132	1
q273315	c273133	1
q273316	c273134	1
q273317	c273135	1
q273318	c273136	1
q273319	c273137	1
q273320	c273138	1
q273321	c273139	1
q273322	c273140	1
q273323	c273141	1
q273324	c273142	1
q273325	c273143	1
q273326	c273144	1
q273327	c273145	1
q273328	c273146	1
q273329	c273147	1
q273330	c273148	1
q273331	c273149	1
q273332	c273150	1
q273333	c273151	1
q273334	c273152	1
q273335	c273153	1
q273336	c273154	1
q273337	c273155	1
q273338	c273156	1
q273339	c273157	1
q273340	c273158	1
q273341	c273159	1
q273342	c273160	1
q273343	c273161	1
q273344	c273162	1
q273345	c273163	1
q273346	c273164	1
q273347	c273165	1
q273348	c273166	1
q273349	c273167	1
q273350	c273168	1
q273351	c273169	1
q273352	c273170	1
q273353	c273171	1
q273354	c273172	1
q273355	c273173	1
q273356	c273174	1
q273357	c273175	1
q273358	c273176	1
q273359	c273177	1
q273360	c273178	1
q273361	c273179	1
q273362	c273180	1
q273363	c273181	1
q273364	c273182	1
q273365	c273183	1
q273366	c273184	1
q273367	c273185	1
q273368	c273186	1
q273369	c273187	1
q273370	c273188	1
q273371	c273189	1
q273372	c273190	1
q273373	c273191	1
q273374	c273192	1
q273375	c273193	1
q273376	c273194	1
q273377	c273195	1
q273378	c273196	1
q273379	c273197	1
q273380	c273198	1
q273381	c273199	1
q273382	c273200	1
q273383	c273201	1
q273384	c273202	1
q273385	c273203	1
q273386	c273204	1
q273387	c273205	1
q273388	c273206	1
q273389	c273207	1
q273390	c273208	1
q273391	c273209	1
q273392	c273210	1
q273393	c273211	1
q273394	c273212	1
q273395	c273213	1
q273396	c273214	1
q273397	c273215	1
q273398	c273216	1
q273399	c273217	1
q273400	c273218	1
q273401	c273219	1
q273402	c273220	1
q273403	c273221	1
q273404	c273222	1
q273405	c273223	1
q273406	c273224	1
q273407	c273225	1
q273408	c273226	1
q273409	c273227	1
q273410	c273228	1
q273411	c273229	1
q273412	c273230	1
q273413	c273231	1
q273414	c273232	1
q273415	c273233	1
q273416	c273234	1
q273417	c273235	1
q273418	c273236	1
q273419	c273237	1
q273420	c273238	1
q273421	c273239	1
q273422	c273240	1
q273423	c273241	1
q273424	c273242	1
q273425	c273243	1
q273426	c273244	1
q273427	c273245	1
q273428	c273246	1
q273429	c273247	1
q273430	c273248	1
q273431	c273249	1
q273432	c273250	1
q273433	c273251	1
q273434	c273252	1
q273435	c273253	1
q273436	c273254	1
q273437	c273255	1
q273438	c273256	1
q273439	c273257	1
q273440	c273258	1
q273441	c273259	1
q273442	c273260	1
q273443	c273261	1
q273444	c273262	1
q273445	c273263	1
q273446	c273264	1
q273447	c273265	1
q273448	c273266	1
q273449	c273267	1
q273450	c273268	1
q273451	c273269	1
q273452	c273270	1
q273453	c273271	1
q273454	c273272	1
q273455	c273273	1
q273456	c273274	1
q273457	c273275	1
q273458	c273276	1
q273459	c273277	1
q273460	c273278	1
q273461	c273279	1
q273462	c273280	1
q273463	c273281	1
q273464	c273282	1
q273465	c273283	1
q273466	c273284	1
q273467	c273285	1
q273468	c273286	1
q273469	c273287	1
q273470	c273288	1
q273471	c273289	1
q273472	c273290	1
q273473	c273291	1
q273474	c273292	1
q273475	c273293	1
q273476	c273294	1
q273477	c273295	1
q273478	c273296	1
q273479	c273297	1
q273480	c273298	1
q273481	c273299	1
q273482	c273300	1
q273483	c273301	1
q273484	c273302	1
q273485	c273303	1
q273486	c273304	1
q273487	c273305	1
q273488	c273306	1
q273489	c273307	1
q273490	c273308	1
q273491	c273309	1
q273492	c273310	1
q273493	c273311	1
q273494	c273312	1
q273495	c273313	1
q273496	c273314	1
q273497	c273315	1
q273498	c273316	1
q273499	c273317	1
q273500	c273318	1
q273501	c273319	1
q273502	c273320	1
q273503	c273321	1
q273504	c273322	1
q273505	c273323	1
q273506	c273324	1
q273507	c273325	1
q273508	c273326	1
q273509	c273327	1
q273510	c273328	1
q273511	c273329	1
q273512	c273330	1
q273513	c273331	1
q273514	c273332	1
q273515	c273333	1
q273516	c273334	1
q273517	c273335	1
q273518	c273336	1
q273519	c273337	1
q273520	c273338	1
q273521	c273339	1
q273522	c273340	1
q273523	c273341	1
q273524	c273342	1
q273525	c273343	1
q273526	c273344	1
q273527	c273345	1
q273528	c273346	1
q273529	c273347	1
q273530	c273348	1
q273531	c273349	1
q273532	c273350	1
q273533	c273351	1
q273534	c273352	1
q273535	c273353	1
q273536	c273354	1
q273537	c273355	1
q273538	c273356	1
q273539	c273357	1
q273540	c273358	1
q273541	c273359	1
q273542	c273360	1
q273543	c273361	1
q273544	c273362	1
q273545	c273363	1
q273546	c273364	1
q273547	c273365	1
q273548	c273366	1
q273549	c273367	1
q273550	c273368	1
q273551	c273369	1
q273552	c273370	1
q273553	c273371	1
q273554	c273372	1
q273555	c273373	1
q273556	c273374	1
q273557	c273375	1
q273558	c273376	1
q273559	c273377	1
q273560	c273378	1
q273561	c273379	1
q273562	c273380	1
q273563	c273381	1
q273564	c273382	1
q273565	c273383	1
q273566	c273384	1
q273567	c273385	1
q273568	c273386	1
q273569	c273387	1
q273570	c273388	1
q273571	c273389	1
q273572	c273390	1
q273573	c273391	1
q273574	c273392	1
q273575	c273393	1
q273576	c273394	1
q273577	c273395	1
q273578	c273396	1
q273579	c273397	1
q273580	c273398	1
q273581	c273399	1
q273582	c273400	1
q273583	c273401	1
q273584	c273402	1
q273585	c273403	1
q273586	c273404	1
q273587	c273405	1
q273588	c273406	1
q273589	c273407	1
q273590	c273408	1
q273591	c273409	1
q273592	c273410	1
q273593	c273411	1
q273594	c273412	1
q273595	c273413	1
q273596	c273414	1
q273597	c273415	1
q273598	c273416	1
q273599	c273417	1
q273600	c273418	1
q273601	c273419	1
q273602	c273420	1
q273603	c273421	1
q273604	c273422	1
q273605	c273423	1
q273606	c273424	1
q273607	c273425	1
q273608	c273426	1
q273609	c273427	1
q273610	c273428	1
q273611	c273429	1
q273612	c273430	1
q273613	c273431	1
q273614	c273432	1
q273615	c273433	1
q273616	c273434	1
q273617	c273435	1
q273618	c273436	1
q273619	c273437	1
q273620	c273438	1
q273621	c273439	1
q273622	c273440	1
q273623	c273441	1
q273624	c273442	1
q273625	c273443	1
q273626	c273444	1
q273627	c273445	1
q273628	c273446	1
q273629	c273447	1
q273630	c273448	1
q273631	c273449	1
q273632	c273450	1
q273633	c273451	1
q273634	c273452	1
q273635	c273453	1
q273636	c273454	1
q273637	c273455	1
q273638	c273456	1
q273639	c273457	1
q273640	c273458	1
q273641	c273459	1
q273642	c273460	1
q273643	c273461	1
q273644	c273462	1
q273645	c273463	1
q273646	c273464	1
q273647	c273465	1
q273648	c273466	1
q273649	c273467	1
q273650	c273468	1
q273651	c273469	1
q273652	c273470	1
q273653	c273471	1
q273654	c273472	1
q273655	c273473	1
q273656	c273474	1
q273657	c273475	1
q273658	c273476	1
q273659	c273477	1
q273660	c273478	1
q273661	c273479	1
q273662	c273480	1
q273663	c273481	1
q273664	c273482	1
q273665	c273483	1
q273666	c273484	1
q273667	c273485	1
q273668	c273486	1
q273669	c273487	1
q273670	c273488	1
q273671	c273489	1
q273672	c273490	1
q273673	c273491	1
q273674	c273492	1
q273675	c273493	1
q273676	c273494	1
q273677	c273495	1
q273678	c273496	1
q273679	c273497	1
q273680	c273498	1
q273681	c273499	1
q273682	c273500	1
q273683	c273501	1
q273684	c273502	1
q273685	c273503	1
q273686	c273504	1
q273687	c273505	1
q273688	c273506	1
q273689	c273507	1
q273690	c273508	1
q273691	c273509	1
q273692	c273510	1
q273693	c273511	1
q273694	c273512	1
q273695	c273513	1
q273696	c273514	1
q273697	c273515	1
q273698	c273516	1
q273699	c273517	1
q273700	c273518	1
q273701	c273519	1
q273702	c273520	1
q273703	c273521	1
q273704	c273522	1
q273705	c273523	1
q273706	c273524	1
q273707	c273525	1
q273708	c273526	1
q273709	c273527	1
q273710	c273528	1
q273711	c273529	1
q273712	c273530	1
q273713	c273531	1
q273714	c273532	1
q273715	c273533	1
q273716	c273534	1
q273717	c273535	1
q273718	c273536	1
q273719	c273537	1
q273720	c273538	1
q273721	c273539	1
q273722	c273540	1
q273723	c273541	1
q273724	c273542	1
q273725	c273543	1
q273726	c273544	1
q273727	c273545	1
q273728	c273546	1
q273729	c273547	1
q273730	c273548	1
q273731	c273549	1
q273732	c273550	1
q273733	c273551	1
q273734	c273552	1
q273735	c273553	1
q273736	c273554	1
q273737	c273555	1
q273738	c273556	1
q273739	c273557	1
q273740	c273558	1
q273741	c273559	1
q273742	c273560	1
q273743	c273561	1
q273744	c273562	1
q273745	c273563	1
q273746	c273564	1
q273747	c273565	1
q273748	c273566	1
q273749	c273567	1
q273750	c273568	1
q273751	c273569	1
q273752	c273570	1
q273753	c273571	1
q273754	c273572	1
q273755	c273573	1
q273756	c273574	1
q273757	c273575	1
q273758	c273576	1
q273759	c273577	1
q273760	c273578	1
q273761	c273579	1
q273762	c273580	1
q273763	c273581	1
q273764	c273582	1
q273765	c273583	1
q273766	c273584	1
q273767	c273585	1
q273768	c273586	1
q273769	c273587	1
q273770	c273588	1
q273771	c273589	1
q273772	c273590	1
q273773	c273591	1
q273774	c273592	1
q273775	c273593	1
q273776	c273594	1
q273777	c273595	1
q273778	c273596	1
q273779	c273597	1
q273780	c273598	1
q273781	c273599	1
q273782	c273600	1
q273783	c273601	1
q273784	c273602	1
q273785	c273603	1
q273786	c273604	1
q273787	c273605	1
q273788	c273606	1
q273789	c273607	1
q273790	c273608	1
q273791	c273609	1
q273792	c273610	1
q273793	c273611	1
q273794	c273612	1
q273795	c273613	1
q273796	c273614	1
q273797	c273615	1
q273798	c273616	1
q273799	c273617	1
q273800	c273618	1
q273801	c273619	1
q273802	c273620	1
q273803	c273621	1
q273804	c273622	1
q273805	c273623	1
q273806	c273624	1
q273807	c273625	1
q273808	c273626	1
q273809	c273627	1
q273810	c273628	1
q273811	c273629	1
q273812	c273630	1
q273813	c273631	1
q273814	c273632	1
q273815	c273633	1
q273816	c273634	1
q273817	c273635	1
q273818	c273636	1
q273819	c273637	1
q273820	c273638	1
q273821	c273639	1
q273822	c273640	1
q273823	c273641	1
q273824	c273642	1
q273825	c273643	1
q273826	c273644	1
q273827	c273645	1
q273828	c273646	1
q273829	c273647	1
q273830	c273648	1
q273831	c273649	1
q273832	c273650	1
q273833	c273651	1
q273834	c273652	1
q273835	c273653	1
q273836	c273654	1
q273837	c273655	1
q273838	c273656	1
q273839	c273657	1
q273840	c273658	1
q273841	c273659	1
q273842	c273660	1
q273843	c273661	1
q273844	c273662	1
q273845	c273663	1
q273846	c273664	1
q273847	c273665	1
q273848	c273666	1
q273849	c273667	1
q273850	c273668	1
q273851	c273669	1
q273852	c273670	1
q273853	c273671	1
q273854	c273672	1
q273855	c273673	1
q273856	c273674	1
q273857	c273675	1
q273858	c273676	1
q273859	c273677	1
q273860	c273678	1
q273861	c273679	1
q273862	c273680	1
q273863	c273681	1
q273864	c273682	1
q273865	c273683	1
q273866	c273684	1
q273867	c273685	1
q273868	c273686	1
q273869	c273687	1
q273870	c273688	1
q273871	c273689	1
q273872	c273690	1
q273873	c273691	1
q273874	c273692	1
q273875	c273693	1
q273876	c273694	1
q273877	c273695	1
q273878	c273696	1
q273879	c273697	1
q273880	c273698	1
q273881	c273699	1
q273882	c273700	1
q273883	c273701	1
q273884	c273702	1
q273885	c273703	1
q273886	c273704	1
q273887	c273705	1
q273888	c273706	1
q273889	c273707	1
q273890	c273708	1
q273891	c273709	1
q273892	c273710	1
q273893	c273711	1
q273894	c273712	1
q273895	c273713	1
q273896	c273714	1
q273897	c273715	1
q273898	c273716	1
q273899	c273717	1
q273900	c273718	1
q273901	c273719	1
q273902	c273720	1
q273903	c273721	1
q273904	c273722	1
q273905	c273723	1
q273906	c273724	1
q273907	c273725	1
q273908	c273726	1
q273909	c273727	1
q273910	c273728	1
q273911	c273729	1
q273912	c273730	1
q273913	c273731	1
q273914	c273732	1
q273915	c273733	1
q273916	c273734	1
q273917	c273735	1
q273918	c273736	1
q273919	c273737	1
q273920	c273738	1
q273921	c273739	1
q273922	c273740	1
q273923	c273741	1
q273924	c273742	1
q273925	c273743	1
q273926	c273744	1
q273927	c273745	1
q273928	c273746	1
q273929	c273747	1
q273930	c273748	1
q273931	c273749	1
q273932	c273750	1
q273933	c273751	1
q273934	c273752	1
q273935	c273753	1
q273936	c273754	1
q273937	c273755	1
q273938	c273756	1
q273939	c273757	1
q273940	c273758	1
q273941	c273759	1
q273942	c273760	1
q273943	c273761	1
q273944	c273762	1
q273945	c53788	1
q273946	c273763	1
q273947	c273764	1
q273948	c273765	1
q273949	c273766	1
q273950	c273767	1
q273951	c273768	1
q273952	c273769	1
q273953	c273770	1
q273954	c273771	1
q273955	c273772	1
q273956	c273773	1
q273957	c273774	1
q273958	c273775	1
q273959	c273776	1
q273960	c273777	1
q273961	c273778	1
q273962	c273779	1
q273963	c273780	1
q273964	c273781	1
q273965	c273782	1
q273966	c273783	1
q273967	c273784	1
q273968	c273785	1
q273969	c273786	1
q273970	c273787	1
q273971	c273788	1
q273972	c273789	1
q273973	c273790	1
q273974	c273791	1
q273975	c273792	1
q273976	c273793	1
q273977	c273794	1
q273978	c273795	1
q273979	c273796	1
q273980	c273797	1
q273981	c273798	1
q273982	c273799	1
q273983	c273800	1
q273984	c273801	1
q273985	c273802	1
q273986	c273803	1
q273987	c273804	1
q273988	c273805	1
q273989	c273806	1
q273990	c273807	1
q273991	c273808	1
q273992	c273809	1
q273993	c273810	1
q273994	c273811	1
q273995	c273812	1
q273996	c273813	1
q273997	c273814	1
q273998	c273815	1
q273999	c273816	1
q274000	c273817	1
q274001	c273818	1
q274002	c273819	1
q274003	c273820	1
q274004	c273821	1
q274005	c273822	1
q274006	c273823	1
q274007	c273824	1
q274008	c273825	1
q274009	c273826	1
q274010	c273827	1
q274011	c273828	1
q274012	c273829	1
q274013	c273830	1
q274014	c273831	1
q274015	c273832	1
q274016	c273833	1
q274017	c273834	1
q274018	c273835	1
q274019	c273836	1
q274020	c273837	1
q274021	c273838	1
q274022	c273839	1
q274023	c273840	1
q274024	c273841	1
q274025	c273842	1
q274026	c273843	1
q274027	c273844	1
q274028	c273845	1
q274029	c273846	1
q274030	c273847	1
q274031	c273848	1
q274032	c273849	1
q274033	c273850	1
q274034	c273851	1
q274035	c273852	1
q274036	c273853	1
q274037	c273854	1
q274038	c273855	1
q274039	c273856	1
q274040	c273857	1
q274041	c273858	1
q274042	c273859	1
q274043	c273860	1
q274044	c273861	1
q274045	c273862	1
q274046	c273863	1
q274047	c273864	1
q274048	c273865	1
q274049	c273866	1
q274050	c273867	1
q274051	c273868	1
q274052	c273869	1
q274053	c273870	1
q274054	c273871	1
q274055	c273872	1
q274056	c273873	1
q274057	c273874	1
q274058	c273875	1
q274059	c273876	1
q274060	c273877	1
q274061	c273878	1
q274062	c273879	1
q274063	c273880	1
q274064	c273881	1
q274065	c273882	1
q274066	c273883	1
q274067	c273884	1
q274068	c273885	1
q274069	c273886	1
q274070	c273887	1
q274071	c273888	1
q274072	c273889	1
q274073	c273890	1
q274074	c273891	1
q274075	c273892	1
q274076	c273893	1
q274077	c273894	1
q274078	c273895	1
q274079	c273896	1
q274080	c273897	1
q274081	c273898	1
q274082	c273899	1
q274083	c273900	1
q274084	c273901	1
q274085	c273902	1
q274086	c273903	1
q274087	c273904	1
q274088	c273905	1
q274089	c273906	1
q274090	c273907	1
q274091	c273908	1
q274092	c273909	1
q274093	c273910	1
q274094	c273911	1
q274095	c273912	1
q274096	c273913	1
q274097	c273914	1
q274098	c273915	1
q274099	c273916	1
q274100	c273917	1
q274101	c273918	1
q274102	c273919	1
q274103	c273920	1
q274104	c273921	1
q274105	c273922	1
q274106	c273923	1
q274107	c273924	1
q274108	c273925	1
q274109	c273926	1
q274110	c273927	1
q274111	c273928	1
q274112	c273929	1
q274113	c273930	1
q274114	c273931	1
q274115	c273932	1
q274116	c273933	1
q274117	c273934	1
q274118	c273935	1
q274119	c273936	1
q274120	c273937	1
q274121	c273938	1
q274122	c273939	1
q274123	c273940	1
q274124	c273941	1
q274125	c273942	1
q274126	c273943	1
q274127	c273944	1
q274128	c273945	1
q274129	c273946	1
q274130	c273947	1
q274131	c273948	1
q274132	c273949	1
q274133	c273950	1
q274134	c273951	1
q274135	c273952	1
q274136	c273953	1
q274137	c273954	1
q274138	c273955	1
q274139	c273956	1
q274140	c273957	1
q274141	c273958	1
q274142	c273959	1
q274143	c273960	1
q274144	c273961	1
q274145	c273962	1
q274146	c273963	1
q274147	c273964	1
q274148	c273965	1
q274149	c273966	1
q274150	c273967	1
q274151	c273968	1
q274152	c273969	1
q274153	c273970	1
q274154	c273971	1
q274155	c273972	1
q274156	c273973	1
q274157	c273974	1
q274158	c273975	1
q274159	c273976	1
q274160	c273977	1
q274161	c273978	1
q274162	c273979	1
q274163	c273980	1
q274164	c273981	1
q274165	c273982	1
q274166	c273983	1
q274167	c273984	1
q274168	c273985	1
q274169	c273986	1
q274170	c273987	1
q274171	c273988	1
q274172	c273989	1
q274173	c273990	1
q274174	c273991	1
q274175	c273992	1
q274176	c273993	1
q274177	c273994	1
q274178	c273995	1
q274179	c273996	1
q274180	c273997	1
q274181	c273998	1
q274182	c273999	1
q274183	c274000	1
q274184	c274001	1
q274185	c274002	1
q274186	c274003	1
q274187	c274004	1
q274188	c274005	1
q274189	c274006	1
q274190	c274007	1
q274191	c274008	1
q274192	c274009	1
q274193	c274010	1
q274194	c274011	1
q274195	c274012	1
q274196	c274013	1
q274197	c274014	1
q274198	c274015	1
q274199	c274016	1
q274200	c274017	1
q274201	c274018	1
q274202	c274019	1
q274203	c274020	1
q274204	c274021	1
q274205	c274022	1
q274206	c274023	1
q274207	c274024	1
q274208	c274025	1
q274209	c274026	1
q274210	c274027	1
q274211	c274028	1
q274212	c274029	1
q274213	c274030	1
q274214	c274031	1
q274215	c274032	1
q274216	c274033	1
q274217	c274034	1
q274218	c274035	1
q274219	c274036	1
q274220	c274037	1
q274221	c274038	1
q274222	c274039	1
q274223	c274040	1
q274224	c274041	1
q274225	c274042	1
q274226	c274043	1
q274227	c274044	1
q274228	c274045	1
q274229	c274046	1
q274230	c274047	1
q274231	c274048	1
q274232	c274049	1
q274233	c274050	1
q274234	c274051	1
q274235	c274052	1
q274236	c274053	1
q274237	c274054	1
q274238	c274055	1
q274239	c274056	1
q274240	c274057	1
q274241	c274058	1
q274242	c274059	1
q274243	c274060	1
q274244	c274061	1
q274245	c274062	1
q274246	c274063	1
q274247	c274064	1
q274248	c274065	1
q274249	c274066	1
q274250	c274067	1
q274251	c274068	1
q274252	c274069	1
q274253	c274070	1
q274254	c274071	1
q274255	c274072	1
q274256	c274073	1
q274257	c274074	1
q274258	c274075	1
q274259	c274076	1
q274260	c274077	1
q274261	c274078	1
q274262	c274079	1
q274263	c274080	1
q274264	c274081	1
q274265	c274082	1
q274266	c274083	1
q274267	c274084	1
q274268	c274085	1
q274269	c274086	1
q274270	c274087	1
q274271	c274088	1
q274272	c274089	1
q274273	c274090	1
q274274	c274091	1
q274275	c274092	1
q274276	c274093	1
q274277	c274094	1
q274278	c274095	1
q274279	c274096	1
q274280	c274097	1
q274281	c274098	1
q274282	c274099	1
q274283	c274100	1
q274284	c274101	1
q274285	c274102	1
q274286	c274103	1
q274287	c274104	1
q274288	c274105	1
q274289	c274106	1
q274290	c274107	1
q274291	c274108	1
q274292	c274109	1
q274293	c274110	1
q274294	c274111	1
q274295	c274112	1
q274296	c274113	1
q274297	c274114	1
q274298	c274115	1
q274299	c274116	1
q274300	c274117	1
q274301	c274118	1
q274302	c274119	1
q274303	c274120	1
q274304	c274121	1
q274305	c274122	1
q274306	c274123	1
q274307	c274124	1
q274308	c274125	1
q274309	c274126	1
q274310	c274127	1
q274311	c274128	1
q274312	c274129	1
q274313	c274130	1
q274314	c274131	1
q274315	c274132	1
q274316	c274133	1
q274317	c274134	1
q274318	c274135	1
q274319	c274136	1
q274320	c274137	1
q274321	c274138	1
q274322	c274139	1
q274323	c274140	1
q274324	c274141	1
q274325	c274142	1
q274326	c274143	1
q274327	c274144	1
q274328	c274145	1
q274329	c274146	1
q274330	c274147	1
q274331	c274148	1
q274332	c274149	1
q274333	c274150	1
q274334	c274151	1
q274335	c274152	1
q274336	c274153	1
q274337	c274154	1
q274338	c274155	1
q274339	c274156	1
q274340	c274157	1
q274341	c274158	1
q274342	c274159	1
q274343	c274160	1
q274344	c274161	1
q274345	c274162	1
q274346	c274163	1
q274347	c274164	1
q274348	c274165	1
q274349	c274166	1
q274350	c274167	1
q274351	c274168	1
q274352	c274169	1
q274353	c274170	1
q274354	c274171	1
q274355	c274172	1
q274356	c274173	1
q274357	c274174	1
q274358	c274175	1
q274359	c274176	1
q274360	c274177	1
q274361	c274178	1
q274362	c274179	1
q274363	c274180	1
q274364	c274181	1
q274365	c274182	1
q274366	c274183	1
q274367	c274184	1
q274368	c274185	1
q274369	c274186	1
q274370	c274187	1
q274371	c274188	1
q274372	c274189	1
q274373	c274190	1
q274374	c274191	1
q274375	c274192	1
q274376	c274193	1
q274377	c274194	1
q274378	c274195	1
q274379	c274196	1
q274380	c274197	1
q274381	c274198	1
q274382	c274199	1
q274383	c274200	1
q274384	c274201	1
q274385	c274202	1
q274386	c274203	1
q274387	c274204	1
q274388	c274205	1
q274389	c274206	1
q274390	c274207	1
q274391	c274208	1
q274392	c274209	1
q274393	c274210	1
q274394	c274211	1
q274395	c274212	1
q274396	c274213	1
q274397	c274214	1
q274398	c274215	1
q274399	c274216	1
q274400	c274217	1
q274401	c274218	1
q274402	c274219	1
q274403	c274220	1
q274404	c274221	1
q274405	c274222	1
q274406	c274223	1
q274407	c274224	1
q274408	c274225	1
q274409	c274226	1
q274410	c274227	1
q274411	c274228	1
q274412	c274229	1
q274413	c274230	1
q274414	c274231	1
q274415	c274232	1
q274416	c274233	1
q274417	c274234	1
q274418	c274235	1
q274419	c274236	1
q274420	c274237	1
q274421	c274238	1
q274422	c274239	1
q274423	c274240	1
q274424	c274241	1
q274425	c274242	1
q274426	c274243	1
q274427	c274244	1
q274428	c274245	1
q274429	c274246	1
q274430	c274247	1
q274431	c274248	1
q274432	c274249	1
q274433	c274250	1
q274434	c274251	1
q274435	c274252	1
q274436	c274253	1
q274437	c274254	1
q274438	c274255	1
q274439	c274256	1
q274440	c274257	1
q274441	c274258	1
q274442	c274259	1
q274443	c274260	1
q274444	c274261	1
q274445	c274262	1
q274446	c274263	1
q274447	c274264	1
q274448	c274265	1
q274449	c274266	1
q274450	c274267	1
q274451	c274268	1
q274452	c274269	1
q274453	c274270	1
q274454	c274271	1
q274455	c274272	1
q274456	c274273	1
q274457	c274274	1
q274458	c274275	1
q274459	c274276	1
q274460	c274277	1
q274461	c274278	1
q274462	c274279	1
q274463	c274280	1
q274464	c274281	1
q274465	c274282	1
q274466	c274283	1
q274467	c274284	1
q274468	c274285	1
q274469	c274286	1
q274470	c274287	1
q274471	c274288	1
q274472	c274289	1
q274473	c274290	1
q274474	c274291	1
q274475	c274292	1
q274476	c274293	1
q274477	c274294	1
q274478	c274295	1
q274479	c274296	1
q274480	c274297	1
q274481	c274298	1
q274482	c274299	1
q274483	c274300	1
q274484	c274301	1
q274485	c274302	1
q274486	c274303	1
q274487	c274304	1
q274488	c274305	1
q274489	c274306	1
q274490	c274307	1
q274491	c274308	1
q274492	c274309	1
q274493	c274310	1
q274494	c274311	1
q274495	c274312	1
q274496	c274313	1
q274497	c274314	1
q274498	c274315	1
q274499	c274316	1
q274500	c274317	1
q274501	c274318	1
q274502	c274319	1
q274503	c274320	1
q274504	c274321	1
q274505	c274322	1
q274506	c274323	1
q274507	c274324	1
q274508	c274325	1
q274509	c274326	1
q274510	c274327	1
q274511	c274328	1
q274512	c274329	1
q274513	c274330	1
q274514	c274331	1
q274515	c274332	1
q274516	c274333	1
q274517	c274334	1
q274518	c274335	1
q274519	c274336	1
q274520	c274337	1
q274521	c274338	1
q274522	c274339	1
q274523	c274340	1
q274524	c274341	1
q274525	c274342	1
q274526	c274343	1
q274527	c274344	1
q274528	c274345	1
q274529	c274346	1
q274530	c274347	1
q274531	c274348	1
q274532	c274349	1
q274533	c274350	1
q274534	c274351	1
q274535	c274352	1
q274536	c274353	1
q274537	c274354	1
q274538	c274355	1
q274539	c274356	1
q274540	c274357	1
q274541	c274358	1
q274542	c274359	1
q274543	c274360	1
q274544	c274361	1
q274545	c274362	1
q274546	c274363	1
q274547	c274364	1
q274548	c274365	1
q274549	c274366	1
q274550	c274367	1
q274551	c274368	1
q274552	c274369	1
q274553	c274370	1
q274554	c274371	1
q274555	c274372	1
q274556	c274373	1
q274557	c274374	1
q274558	c274375	1
q274559	c274376	1
q274560	c274377	1
q274561	c274378	1
q274562	c274379	1
q274563	c274380	1
q274564	c274381	1
q274565	c274382	1
q274566	c274383	1
q274567	c274384	1
q274568	c274385	1
q274569	c274386	1
q274570	c274387	1
q274571	c274388	1
q274572	c274389	1
q274573	c274390	1
q274574	c274391	1
q274575	c274392	1
q274576	c274393	1
q274577	c274394	1
q274578	c274395	1
q274579	c274396	1
q274580	c274397	1
q274581	c274398	1
q274582	c274399	1
q274583	c274400	1
q274584	c274401	1
q274585	c274402	1
q274586	c274403	1
q274587	c274404	1
q274588	c274405	1
q274589	c274406	1
q274590	c274407	1
q274591	c274408	1
q274592	c274409	1
q274593	c274410	1
q274594	c274411	1
q274595	c274412	1
q274596	c274413	1
q274597	c274414	1
q274598	c274415	1
q274599	c274416	1
q274600	c274417	1
q274601	c274418	1
q274602	c274419	1
q274603	c274420	1
q274604	c274421	1
q274605	c274422	1
q274606	c274423	1
q274607	c274424	1
q274608	c274425	1
q274609	c274426	1
q274610	c274427	1
q274611	c274428	1
q274612	c274429	1
q274613	c274430	1
q274614	c274431	1
q274615	c274432	1
q274616	c274433	1
q274617	c274434	1
q274618	c274435	1
q274619	c274436	1
q274620	c274437	1
q274621	c274438	1
q274622	c274439	1
q274623	c274440	1
q274624	c274441	1
q274625	c274442	1
q274626	c274443	1
q274627	c274444	1
q274628	c274445	1
q274629	c274446	1
q274630	c274447	1
q274631	c274448	1
q274632	c274449	1
q274633	c274450	1
q274634	c274451	1
q274635	c274452	1
q274636	c274453	1
q274637	c274454	1
q274638	c274455	1
q274639	c274456	1
q274640	c274457	1
q274641	c274458	1
q274642	c274459	1
q274643	c274460	1
q274644	c274461	1
q274645	c274462	1
q274646	c274463	1
q274647	c274464	1
q274648	c274465	1
q274649	c274466	1
q274650	c274467	1
q274651	c274468	1
q274652	c274469	1
q274653	c274470	1
q274654	c274471	1
q274655	c274472	1
q274656	c274473	1
q274657	c274474	1
q274658	c274475	1
q274659	c274476	1
q274660	c274477	1
q274661	c274478	1
q274662	c274479	1
q274663	c274480	1
q274664	c274481	1
q274665	c274482	1
q274666	c274483	1
q274667	c274484	1
q274668	c274485	1
q274669	c274486	1
q274670	c274487	1
q274671	c274488	1
q274672	c274489	1
q274673	c274490	1
q274674	c274491	1
q274675	c274492	1
q274676	c274493	1
q274677	c274494	1
q274678	c274495	1
q274679	c274496	1
q274680	c274497	1
q274681	c274498	1
q274682	c274499	1
q274683	c274500	1
q274684	c274501	1
q274685	c274502	1
q274686	c274503	1
q274687	c274504	1
q274688	c274505	1
q274689	c274506	1
q274690	c274507	1
q274691	c274508	1
q274692	c274509	1
q274693	c274510	1
q274694	c274511	1
q274695	c274512	1
q274696	c274513	1
q274697	c274514	1
q274698	c274515	1
q274699	c274516	1
q274700	c274517	1
q274701	c274518	1
q274702	c274519	1
q274703	c274520	1
q274704	c274521	1
q274705	c274522	1
q274706	c274523	1
q274707	c274524	1
q274708	c274525	1
q274709	c274526	1
q274710	c274527	1
q274711	c274528	1
q274712	c274529	1
q274713	c274530	1
q274714	c274531	1
q274715	c274532	1
q274716	c274533	1
q274717	c274534	1
q274718	c274535	1
q274719	c274536	1
q274720	c274537	1
q274721	c274538	1
q274722	c274539	1
q274723	c274540	1
q274724	c274541	1
q274725	c274542	1
q274726	c274543	1
q274727	c274544	1
q274728	c274545	1
q274729	c274546	1
q274730	c274547	1
q274731	c274548	1
q274732	c274549	1
q274733	c274550	1
q274734	c274551	1
q274735	c274552	1
q274736	c274553	1
q274737	c274554	1
q274738	c274555	1
q274739	c274556	1
q274740	c274557	1
q274741	c274558	1
q274742	c274559	1
q274743	c274560	1
q274744	c274561	1
q274745	c274562	1
q274746	c274563	1
q274747	c274564	1
q274748	c274565	1
q274749	c274566	1
q274750	c274567	1
q274751	c274568	1
q274752	c274569	1
q274753	c274570	1
q274754	c274571	1
q274755	c274572	1
q274756	c274573	1
q274757	c274574	1
q274758	c274575	1
q274759	c274576	1
q274760	c274577	1
q274761	c274578	1
q274762	c274579	1
q274763	c274580	1
q274764	c274581	1
q274765	c274582	1
q274766	c274583	1
q274767	c274584	1
q274768	c274585	1
q274769	c274586	1
q274770	c274587	1
q274771	c274588	1
q274772	c274589	1
q274773	c274590	1
q274774	c274591	1
q274775	c274592	1
q274776	c274593	1
q274777	c274594	1
q274778	c274595	1
q274779	c274596	1
q274780	c274597	1
q274781	c274598	1
q274782	c274599	1
q274783	c274600	1
q274784	c274601	1
q274785	c274602	1
q274786	c274603	1
q274787	c274604	1
q274788	c274605	1
q274789	c274606	1
q274790	c274607	1
q274791	c274608	1
q274792	c274609	1
q274793	c274610	1
q274794	c274611	1
q274795	c274612	1
q274796	c274613	1
q274797	c274614	1
q274798	c274615	1
q274799	c274616	1
q274800	c274617	1
q274801	c274618	1
q274802	c274619	1
q274803	c274620	1
q274804	c274621	1
q274805	c274622	1
q274806	c274623	1
q274807	c274624	1
q274808	c274625	1
q274809	c274626	1
q274810	c274627	1
q274811	c274628	1
q274812	c274629	1
q274813	c274630	1
q274814	c274631	1
q274815	c274632	1
q274816	c274633	1
q274817	c274634	1
q274818	c274635	1
q274819	c274636	1
q274820	c274637	1
q274821	c274638	1
q274822	c274639	1
q274823	c274640	1
q274824	c274641	1
q274825	c274642	1
q274826	c274643	1
q274827	c274644	1
q274828	c274645	1
q274829	c274646	1
q274830	c274647	1
q274831	c274648	1
q274832	c274649	1
q274833	c274650	1
q274834	c274651	1
q274835	c274652	1
q274836	c274653	1
q274837	c274654	1
q274838	c274655	1
q274839	c274656	1
q274840	c274657	1
q274841	c274658	1
q274842	c274659	1
q274843	c274660	1
q274844	c274661	1
q274845	c274662	1
q274846	c274663	1
q274847	c274664	1
q274848	c274665	1
q274849	c274666	1
q274850	c274667	1
q274851	c274668	1
q274852	c274669	1
q274853	c274670	1
q274854	c274671	1
q274855	c274672	1
q274856	c274673	1
q274857	c274674	1
q274858	c274675	1
q274859	c274676	1
q274860	c274677	1
q274861	c274678	1
q274862	c274679	1
q274863	c274680	1
q274864	c274681	1
q274865	c274682	1
q274866	c274683	1
q274867	c274684	1
q274868	c274685	1
q274869	c274686	1
q274870	c274687	1
q274871	c274688	1
q274872	c274689	1
q274873	c274690	1
q274874	c274691	1
q274875	c274692	1
q274876	c274693	1
q274877	c274694	1
q274878	c274695	1
q274879	c274696	1
q274880	c274697	1
q274881	c274698	1
q274882	c274699	1
q274883	c274700	1
q274884	c274701	1
q274885	c274702	1
q274886	c274703	1
q274887	c274704	1
q274888	c274705	1
q274889	c274706	1
q274890	c274707	1
q274891	c274708	1
q274892	c274709	1
q274893	c274710	1
q274894	c274711	1
q274895	c274712	1
q274896	c274713	1
q274897	c274714	1
q274898	c274715	1
q274899	c274716	1
q274900	c274717	1
q274901	c274718	1
q274902	c274719	1
q274903	c274720	1
q274904	c274721	1
q274905	c274722	1
q274906	c274723	1
q274907	c274724	1
q274908	c274725	1
q274909	c274726	1
q274910	c274727	1
q274911	c274728	1
q274912	c274729	1
q274913	c274730	1
q274914	c274731	1
q274915	c274732	1
q274916	c274733	1
q274917	c274734	1
q274918	c274735	1
q274919	c274736	1
q274920	c274737	1
q274921	c274738	1
q274922	c274739	1
q274923	c274740	1
q274924	c274741	1
q274925	c274742	1
q274926	c274743	1
q274927	c274744	1
q274928	c274745	1
q274929	c274746	1
q274930	c274747	1
q274931	c274748	1
q274932	c274749	1
q274933	c274750	1
q274934	c274751	1
q274935	c274752	1
q274936	c274753	1
q274937	c274754	1
q274938	c274755	1
q274939	c274756	1
q274940	c274757	1
q274941	c274758	1
q274942	c274759	1
q274943	c274760	1
q274944	c274761	1
q274945	c274762	1
q274946	c274763	1
q274947	c274764	1
q274948	c274765	1
q274949	c274766	1
q274950	c274767	1
q274951	c274768	1
q274952	c274769	1
q274953	c274770	1
q274954	c274771	1
q274955	c274772	1
q274956	c274773	1
q274957	c274774	1
q274958	c274775	1
q274959	c274776	1
q274960	c274777	1
q274961	c274778	1
q274962	c274779	1
q274963	c274780	1
q274964	c274781	1
q274965	c274782	1
q274966	c274783	1
q274967	c274784	1
q274968	c274785	1
q274969	c274786	1
q274970	c274787	1
q274971	c274788	1
q274972	c274789	1
q274973	c274790	1
q274974	c274791	1
q274975	c274792	1
q274976	c274793	1
q274977	c274794	1
q274978	c274795	1
q274979	c274796	1
q274980	c274797	1
q274981	c274798	1
q274982	c274799	1
q274983	c274800	1
q274984	c274801	1
q274985	c274802	1
q274986	c274803	1
q274987	c274804	1
q274988	c274805	1
q274989	c274806	1
q274990	c274807	1
q274991	c274808	1
q274992	c274809	1
q274993	c274810	1
q274994	c274811	1
q274995	c274812	1
q274996	c274813	1
q274997	c274814	1
q274998	c274815	1
q274999	c274816	1
q275000	c274817	1
q275001	c274818	1
q275002	c274819	1
q275003	c274820	1
q275004	c274821	1
q275005	c274822	1
q275006	c274823	1
q275007	c274824	1
q275008	c274825	1
q275009	c274826	1
q275010	c274827	1
q275011	c274828	1
q275012	c274829	1
q275013	c274830	1
q275014	c274831	1
q275015	c274832	1
q275016	c274833	1
q275017	c274834	1
q275018	c274835	1
q275019	c274836	1
q275020	c274837	1
q275021	c274838	1
q275022	c274839	1
q275023	c274840	1
q275024	c274841	1
q275025	c274842	1
q275026	c33229	1
q275027	c274843	1
q275028	c274844	1
q275029	c274845	1
q275030	c274846	1
q275031	c274847	1
q275032	c274848	1
q275033	c274849	1
q275034	c274850	1
q275035	c274851	1
q275036	c274852	1
q275037	c274853	1
q275038	c274854	1
q275039	c274855	1
q275040	c274856	1
q275041	c274857	1
q275042	c274858	1
q275043	c195615	1
q275044	c274859	1
q275045	c195618	1
q275046	c274860	1
q275047	c274861	1
q275048	c274862	1
q275049	c274863	1
q275050	c274864	1
q275051	c274865	1
q275052	c274866	1
q275053	c274867	1
q275054	c274868	1
q275055	c274869	1
q275056	c274870	1
q275057	c274871	1
q275058	c274872	1
q275059	c274873	1
q275060	c274874	1
q275061	c274875	1
q275062	c274876	1
q275063	c274877	1
q275064	c274878	1
q275065	c274879	1
q275066	c274880	1
q275067	c274881	1
q275068	c274882	1
q275069	c274883	1
q275070	c274884	1
q275071	c274885	1
q275072	c274886	1
q275073	c274887	1
q275074	c274888	1
q275075	c274889	1
q275076	c274890	1
q275077	c274891	1
q275078	c274892	1
q275079	c274893	1
q275080	c274894	1
q275081	c274895	1
q275082	c274896	1
q275083	c274897	1
q275084	c274898	1
q275085	c274899	1
q275086	c274900	1
q275087	c274901	1
q275088	c274902	1
q275089	c274903	1
q275090	c231942	1
q275091	c274904	1
q275092	c274905	1
q275093	c274906	1
q275094	c274907	1
q275095	c274908	1
q275096	c274909	1
q275097	c274910	1
q275098	c274911	1
q275099	c274912	1
q275100	c274913	1
q275101	c274914	1
q275102	c274915	1
q275103	c274916	1
q275104	c274917	1
q275105	c274918	1
q275106	c274919	1
q275107	c274920	1
q275108	c274921	1
q275109	c274922	1
q275110	c274923	1
q275111	c274924	1
q275112	c274925	1
q275113	c274926	1
q275114	c274927	1
q275115	c274928	1
q275116	c274929	1
q275117	c274930	1
q275118	c274931	1
q275119	c274932	1
q275120	c274933	1
q275121	c274934	1
q275122	c274935	1
q275123	c274936	1
q275124	c274937	1
q275125	c274938	1
q275126	c274939	1
q275127	c274940	1
q275128	c274941	1
q275129	c274942	1
q275130	c274943	1
q275131	c274944	1
q275132	c274945	1
q275133	c274946	1
q275134	c274947	1
q275135	c274948	1
q275136	c274949	1
q275137	c274950	1
q275138	c274951	1
q275139	c274952	1
q275140	c274953	1
q275141	c274954	1
q275142	c274955	1
q275143	c274956	1
q275144	c274957	1
q275145	c274958	1
q275146	c274959	1
q275147	c274960	1
q275148	c274961	1
q275149	c274962	1
q275150	c274963	1
q275151	c274964	1
q275152	c274965	1
q275153	c274966	1
q275154	c274967	1
q275155	c274968	1
q275156	c274969	1
q275157	c274970	1
q275158	c274971	1
q275159	c274972	1
q275160	c274973	1
q275161	c274974	1
q275162	c274975	1
q275163	c274976	1
q275164	c274977	1
q275165	c274978	1
q275166	c274979	1
q275167	c274980	1
q275168	c274981	1
q275169	c274982	1
q275170	c274983	1
q275171	c274984	1
q275172	c274985	1
q275173	c274986	1
q275174	c274987	1
q275175	c274988	1
q275176	c274989	1
q275177	c274990	1
q275178	c274991	1
q275179	c274992	1
q275180	c274993	1
q275181	c274994	1
q275182	c274995	1
q275183	c274996	1
q275184	c274997	1
q275185	c274998	1
q275186	c274999	1
q275187	c275000	1
q275188	c275001	1
q275189	c275002	1
q275190	c275003	1
q275191	c275004	1
q275192	c275005	1
q275193	c275006	1
q275194	c275007	1
q275195	c275008	1
q275196	c275009	1
q275197	c275010	1
q275198	c275011	1
q275199	c275012	1
q275200	c275013	1
q275201	c275014	1
q275202	c275015	1
q275203	c275016	1
q275204	c275017	1
q275205	c275018	1
q275206	c275019	1
q275207	c275020	1
q275208	c275021	1
q275209	c275022	1
q275210	c275023	1
q275211	c275024	1
q275212	c275025	1
q275213	c275026	1
q275214	c275027	1
q275215	c275028	1
q275216	c275029	1
q275217	c275030	1
q275218	c275031	1
q275219	c275032	1
q275220	c275033	1
q275221	c275034	1
q275222	c275035	1
q275223	c275036	1
q275224	c275037	1
q275225	c275038	1
q275226	c275039	1
q275227	c275040	1
q275228	c275041	1
q275229	c275042	1
q275230	c275043	1
q275231	c275044	1
q275232	c275045	1
q275233	c275046	1
q275234	c275047	1
q275235	c275048	1
q275236	c275049	1
q275237	c275050	1
q275238	c275051	1
q275239	c275052	1
q275240	c275053	1
q275241	c275054	1
q275242	c275055	1
q275243	c275056	1
q275244	c275057	1
q275245	c275058	1
q275246	c275059	1
q275247	c275060	1
q275248	c275061	1
q275249	c275062	1
q275250	c275063	1
q275251	c275064	1
q275252	c275065	1
q275253	c275066	1
q275254	c275067	1
q275255	c275068	1
q275256	c275069	1
q275257	c275070	1
q275258	c275071	1
q275259	c275072	1
q275260	c275073	1
q275261	c275074	1
q275262	c275075	1
q275263	c275076	1
q275264	c275077	1
q275265	c275078	1
q275266	c275079	1
q275267	c275080	1
q275268	c275081	1
q275269	c275082	1
q275270	c275083	1
q275271	c275084	1
q275272	c275085	1
q275273	c275086	1
q275274	c275087	1
q275275	c275088	1
q275276	c275089	1
q275277	c275090	1
q275278	c275091	1
q275279	c275092	1
q275280	c275093	1
q275281	c275094	1
q275282	c275095	1
q275283	c275096	1
q275284	c275097	1
q275285	c275098	1
q275286	c275099	1
q275287	c275100	1
q275288	c96938	1
q275289	c275101	1
q275290	c275102	1
q275291	c275103	1
q275292	c275104	1
q275293	c275105	1
q275294	c275106	1
q275295	c275107	1
q275296	c275108	1
q275297	c275109	1
q275298	c275110	1
q275299	c275111	1
q275300	c275112	1
q275301	c275113	1
q275302	c275114	1
q275303	c275115	1
q275304	c275116	1
q275305	c275117	1
q275306	c275118	1
q275307	c275119	1
q275308	c275120	1
q275309	c275121	1
q275310	c275122	1
q275311	c275123	1
q275312	c275124	1
q275313	c275125	1
q275314	c275126	1
q275315	c275127	1
q275316	c275128	1
q275317	c275129	1
q275318	c275130	1
q275319	c275131	1
q275320	c275132	1
q275321	c275133	1
q275322	c275134	1
q275323	c275135	1
q275324	c275136	1
q275325	c275137	1
q275326	c275138	1
q275327	c275139	1
q275328	c275140	1
q275329	c275141	1
q275330	c275142	1
q275331	c275143	1
q275332	c275144	1
q275333	c275145	1
q275334	c275146	1
q275335	c275147	1
q275336	c275148	1
q275337	c275149	1
q275338	c275150	1
q275339	c275151	1
q275340	c275152	1
q275341	c275153	1
q275342	c275154	1
q275343	c275155	1
q275344	c275156	1
q275345	c275157	1
q275346	c275158	1
q275347	c275159	1
q275348	c275160	1
q275349	c275161	1
q275350	c275162	1
q275351	c275163	1
q275352	c275164	1
q275353	c275165	1
q275354	c275166	1
q275355	c275167	1
q275356	c275168	1
q275357	c275169	1
q275358	c275170	1
q275359	c275171	1
q275360	c275172	1
q275361	c275173	1
q275362	c275174	1
q275363	c275175	1
q275364	c275176	1
q275365	c275177	1
q275366	c275178	1
q275367	c275179	1
q275368	c275180	1
q275369	c275181	1
q275370	c275182	1
q275371	c275183	1
q275372	c275184	1
q275373	c275185	1
q275374	c275186	1
q275375	c275187	1
q275376	c275188	1
q275377	c275189	1
q275378	c275190	1
q275379	c275191	1
q275380	c275192	1
q275381	c275193	1
q275382	c275194	1
q275383	c275195	1
q275384	c275196	1
q275385	c275197	1
q275386	c275198	1
q275387	c275199	1
q275388	c275200	1
q275389	c275201	1
q275390	c275202	1
q275391	c275203	1
q275392	c275204	1
q275393	c275205	1
q275394	c275206	1
q275395	c275207	1
q275396	c275208	1
q275397	c275209	1
q275398	c275210	1
q275399	c275211	1
q275400	c275212	1
q275401	c275213	1
q275402	c275214	1
q275403	c275215	1
q275404	c275216	1
q275405	c275217	1
q275406	c107484	1
q275407	c275218	1
q275408	c56594	1
q275409	c275219	1
q275410	c275220	1
q275411	c275221	1
q275412	c275222	1
q275413	c275223	1
q275414	c275224	1
q275415	c275225	1
q275416	c275226	1
q275417	c275227	1
q275418	c275228	1
q275419	c275229	1
q275420	c275230	1
q275421	c275231	1
q275422	c275232	1
q275423	c275233	1
q275424	c275234	1
q275425	c275235	1
q275426	c275236	1
q275427	c275237	1
q275428	c275238	1
q275429	c275239	1
q275430	c275240	1
q275431	c275241	1
q275432	c275242	1
q275433	c275243	1
q275434	c275244	1
q275435	c275245	1
q275436	c275246	1
q275437	c275247	1
q275438	c275248	1
q275439	c275249	1
q275440	c275250	1
q275441	c275251	1
q275442	c275252	1
q275443	c275253	1
q275444	c275254	1
q275445	c275255	1
q275446	c275256	1
q275447	c275257	1
q275448	c275258	1
q275449	c275259	1
q275450	c275260	1
q275451	c275261	1
q275452	c275262	1
q275453	c275263	1
q275454	c275264	1
q275455	c275265	1
q275456	c275266	1
q275457	c275267	1
q275458	c275268	1
q275459	c275269	1
q275460	c275270	1
q275461	c275271	1
q275462	c275272	1
q275463	c275273	1
q275464	c275274	1
q275465	c275275	1
q275466	c275276	1
q275467	c275277	1
q275468	c275278	1
q275469	c275279	1
q275470	c275280	1
q275471	c275281	1
q275472	c275282	1
q275473	c275283	1
q275474	c275284	1
q275475	c275285	1
q275476	c275286	1
q275477	c275287	1
q275478	c275288	1
q275479	c275289	1
q275480	c275290	1
q275481	c275291	1
q275482	c275292	1
q275483	c275293	1
q275484	c275294	1
q275485	c275295	1
q275486	c275296	1
q275487	c275297	1
q275488	c275298	1
q275489	c275299	1
q275490	c275300	1
q275491	c275301	1
q275492	c275302	1
q275493	c275303	1
q275494	c275304	1
q275495	c275305	1
q275496	c275306	1
q275497	c275307	1
q275498	c275308	1
q275499	c275309	1
q275500	c275310	1
q275501	c275311	1
q275502	c275312	1
q275503	c275313	1
q275504	c275314	1
q275505	c275315	1
q275506	c275316	1
q275507	c275317	1
q275508	c275318	1
q275509	c275319	1
q275510	c275320	1
q275511	c275321	1
q275512	c275322	1
q275513	c275323	1
q275514	c275324	1
q275515	c162643	1
q275516	c275325	1
q275517	c275326	1
q275518	c275327	1
q275519	c275328	1
q275520	c275329	1
q275521	c275330	1
q275522	c275331	1
q275523	c275332	1
q275524	c275333	1
q275525	c275334	1
q275526	c275335	1
q275527	c275336	1
q275528	c275337	1
q275529	c275338	1
q275530	c275339	1
q275531	c275340	1
q275532	c275341	1
q275533	c275342	1
q275534	c275343	1
q275535	c275344	1
q275536	c275345	1
q275537	c275346	1
q275538	c275347	1
q275539	c275348	1
q275540	c275349	1
q275541	c275350	1
q275542	c275351	1
q275543	c275352	1
q275544	c275353	1
q275545	c275354	1
q275546	c275355	1
q275547	c275356	1
q275548	c275357	1
q275549	c275358	1
q275550	c275359	1
q275551	c275360	1
q275552	c275361	1
q275553	c275362	1
q275554	c275363	1
q275555	c275364	1
q275556	c275365	1
q275557	c275366	1
q275558	c275367	1
q275559	c275368	1
q275560	c275369	1
q275561	c275370	1
q275562	c275371	1
q275563	c275372	1
q275564	c275373	1
q275565	c275374	1
q275566	c275375	1
q275567	c275376	1
q275568	c275377	1
q275569	c275378	1
q275570	c275379	1
q275571	c275380	1
q275572	c275381	1
q275573	c275382	1
q275574	c275383	1
q275575	c275384	1
q275576	c275385	1
q275577	c275386	1
q275578	c275387	1
q275579	c275388	1
q275580	c275389	1
q275581	c275390	1
q275582	c275391	1
q275583	c275392	1
q275584	c275393	1
q275585	c275394	1
q275586	c275395	1
q275587	c275396	1
q275588	c275397	1
q275589	c275398	1
q275590	c275399	1
q275591	c275400	1
q275592	c275401	1
q275593	c275402	1
q275594	c275403	1
q275595	c275404	1
q275596	c275405	1
q275597	c275406	1
q275598	c275407	1
q275599	c275408	1
q275600	c275409	1
q275601	c275410	1
q275602	c275411	1
q275603	c275412	1
q275604	c275413	1
q275605	c275414	1
q275606	c275415	1
q275607	c275416	1
q275608	c275417	1
q275609	c275418	1
q275610	c275419	1
q275611	c275420	1
q275612	c275421	1
q275613	c275422	1
q275614	c275423	1
q275615	c275424	1
q275616	c275425	1
q275617	c275426	1
q275618	c275427	1
q275619	c275428	1
q275620	c275429	1
q275621	c275430	1
q275622	c275431	1
q275623	c275432	1
q275624	c275433	1
q275625	c275434	1
q275626	c275435	1
q275627	c275436	1
q275628	c275437	1
q275629	c275438	1
q275630	c255989	1
q275631	c100011	1
q275632	c275439	1
q275633	c275440	1
q275634	c275441	1
q275635	c275442	1
q275636	c275443	1
q275637	c275444	1
q275638	c275445	1
q275639	c275446	1
q275640	c275447	1
q275641	c275448	1
q275642	c275449	1
q275643	c275450	1
q275644	c275451	1
q275645	c275452	1
q275646	c275453	1
q275647	c275454	1
q275648	c275455	1
q275649	c275456	1
q275650	c275457	1
q275651	c275458	1
q275652	c275459	1
q275653	c275460	1
q275654	c275461	1
q275655	c275462	1
q275656	c275463	1
q275657	c275464	1
q275658	c275465	1
q275659	c275466	1
q275660	c275467	1
q275661	c275468	1
q275662	c275469	1
q275663	c275470	1
q275664	c275471	1
q275665	c275472	1
q275666	c275473	1
q275667	c275474	1
q275668	c275475	1
q275669	c275476	1
q275670	c275477	1
q275671	c275478	1
q275672	c275479	1
q275673	c275480	1
q275674	c275481	1
q275675	c275482	1
q275676	c275483	1
q275677	c275484	1
q275678	c275485	1
q275679	c275486	1
q275680	c275487	1
q275681	c275488	1
q275682	c275489	1
q275683	c275490	1
q275684	c275491	1
q275685	c275492	1
q275686	c275493	1
q275687	c275494	1
q275688	c275495	1
q275689	c275496	1
q275690	c275497	1
q275691	c275498	1
q275692	c275499	1
q275693	c275500	1
q275694	c275501	1
q275695	c275502	1
q275696	c275503	1
q275697	c275504	1
q275698	c275505	1
q275699	c275506	1
q275700	c275507	1
q275701	c275508	1
q275702	c275509	1
q275703	c275510	1
q275704	c275511	1
q275705	c275512	1
q275706	c275513	1
q275707	c275514	1
q275708	c275515	1
q275709	c275516	1
q275710	c275517	1
q275711	c275518	1
q275712	c275519	1
q275713	c275520	1
q275714	c275521	1
q275715	c275522	1
q275716	c275523	1
q275717	c275524	1
q275718	c275525	1
q275719	c275526	1
q275720	c275527	1
q275721	c275528	1
q275722	c275529	1
q275723	c275530	1
q275724	c275531	1
q275725	c275532	1
q275726	c275533	1
q275727	c275534	1
q275728	c275535	1
q275729	c275536	1
q275730	c275537	1
q275731	c275538	1
q275732	c275539	1
q275733	c275540	1
q275734	c275541	1
q275735	c275542	1
q275736	c275543	1
q275737	c275544	1
q275738	c275545	1
q275739	c275546	1
q275740	c275547	1
q275741	c275548	1
q275742	c275549	1
q275743	c275550	1
q275744	c275551	1
q275745	c275552	1
q275746	c275553	1
q275747	c275554	1
q275748	c275555	1
q275749	c275556	1
q275750	c275557	1
q275751	c275558	1
q275752	c275559	1
q275753	c275560	1
q275754	c275561	1
q275755	c173658	1
q275756	c275562	1
q275757	c275563	1
q275758	c275564	1
q275759	c275565	1
q275760	c275566	1
q275761	c275567	1
q275762	c275568	1
q275763	c275569	1
q275764	c275570	1
q275765	c275571	1
q275766	c275572	1
q275767	c275573	1
q275768	c275574	1
q275769	c275575	1
q275770	c275576	1
q275771	c275577	1
q275772	c275578	1
q275773	c275579	1
q275774	c275580	1
q275775	c275581	1
q275776	c275582	1
q275777	c275583	1
q275778	c275584	1
q275779	c275585	1
q275780	c255922	1
q275781	c275586	1
q275782	c275587	1
q275783	c275588	1
q275784	c275589	1
q275785	c275590	1
q275786	c275591	1
q275787	c275592	1
q275788	c275593	1
q275789	c275594	1
q275790	c275595	1
q275791	c275596	1
q275792	c275597	1
q275793	c275598	1
q275794	c275599	1
q275795	c275600	1
q275796	c275601	1
q275797	c275602	1
q275798	c275603	1
q275799	c275604	1
q275800	c275605	1
q275801	c275606	1
q275802	c275607	1
q275803	c275608	1
q275804	c275609	1
q275805	c275610	1
q275806	c275611	1
q275807	c275612	1
q275808	c275613	1
q275809	c275614	1
q275810	c240885	1
q275811	c275615	1
q275812	c183500	1
q275813	c275616	1
q275814	c275617	1
q275815	c275618	1
q275816	c275619	1
q275817	c275620	1
q275818	c275621	1
q275819	c275622	1
q275820	c275623	1
q275821	c275624	1
q275822	c275625	1
q275823	c275626	1
q275824	c275627	1
q275825	c275628	1
q275826	c236093	1
q275827	c275629	1
q275828	c275630	1
q275829	c275631	1
q275830	c275632	1
q275831	c275633	1
q275832	c275634	1
q275833	c275635	1
q275834	c275636	1
q275835	c275637	1
q275836	c275638	1
q275837	c275639	1
q275838	c275640	1
q275839	c275641	1
q275840	c275642	1
q275841	c275643	1
q275842	c275644	1
q275843	c275645	1
q275844	c275646	1
q275845	c275647	1
q275846	c275648	1
q275847	c275649	1
q275848	c275650	1
q275849	c275651	1
q275850	c275652	1
q275851	c275653	1
q275852	c275654	1
q275853	c275655	1
q275854	c275656	1
q275855	c275657	1
q275856	c275658	1
q275857	c275659	1
q275858	c275660	1
q275859	c275661	1
q275860	c275662	1
q275861	c275663	1
q275862	c275664	1
q275863	c275665	1
q275864	c275666	1
q275865	c275667	1
q275866	c275668	1
q275867	c275669	1
q275868	c275670	1
q275869	c275671	1
q275870	c275672	1
q275871	c275673	1
q275872	c275674	1
q275873	c275675	1
q275874	c275676	1
q275875	c275677	1
q275876	c275678	1
q275877	c275679	1
q275878	c275680	1
q275879	c275681	1
q275880	c275682	1
q275881	c275683	1
q275882	c275684	1
q275883	c275685	1
q275884	c275686	1
q275885	c275687	1
q275886	c275688	1
q275887	c275689	1
q275888	c275690	1
q275889	c275691	1
q275890	c275692	1
q275891	c275693	1
q275892	c275694	1
q275893	c275695	1
q275894	c275696	1
q275895	c275697	1
q275896	c275698	1
q275897	c275699	1
q275898	c275700	1
q275899	c275701	1
q275900	c275702	1
q275901	c275703	1
q275902	c275704	1
q275903	c275705	1
q275904	c275706	1
q275905	c275707	1
q275906	c275708	1
q275907	c275709	1
q275908	c275710	1
q275909	c275711	1
q275910	c275712	1
q275911	c275713	1
q275912	c275714	1
q275913	c275715	1
q275914	c275716	1
q275915	c275717	1
q275916	c275718	1
q275917	c275719	1
q275918	c275720	1
q275919	c275721	1
q275920	c275722	1
q275921	c275723	1
q275922	c275724	1
q275923	c275725	1
q275924	c275726	1
q275925	c275727	1
q275926	c275728	1
q275927	c275729	1
q275928	c275730	1
q275929	c275731	1
q275930	c275732	1
q275931	c275733	1
q275932	c275734	1
q275933	c275735	1
q275934	c275736	1
q275935	c275737	1
q275936	c275738	1
q275937	c275739	1
q275938	c275740	1
q275939	c275741	1
q275940	c275742	1
q275941	c275743	1
q275942	c50938	1
q275943	c275744	1
q275944	c275745	1
q275945	c275746	1
q275946	c275747	1
q275947	c275748	1
q275948	c275749	1
q275949	c275750	1
q275950	c275751	1
q275951	c275752	1
q275952	c275753	1
q275953	c275754	1
q275954	c275755	1
q275955	c275756	1
q275956	c275757	1
q275957	c275758	1
q275958	c275759	1
q275959	c275760	1
q275960	c275761	1
q275961	c275762	1
q275962	c275763	1
q275963	c275764	1
q275964	c275765	1
q275965	c275766	1
q275966	c275767	1
q275967	c275768	1
q275968	c275769	1
q275969	c275770	1
q275970	c275771	1
q275971	c275772	1
q275972	c275773	1
q275973	c275774	1
q275974	c275775	1
q275975	c275776	1
q275976	c275777	1
q275977	c275778	1
q275978	c275779	1
q275979	c275780	1
q275980	c275781	1
q275981	c275782	1
q275982	c275783	1
q275983	c275784	1
q275984	c275785	1
q275985	c275786	1
q275986	c275787	1
q275987	c275788	1
q275988	c275789	1
q275989	c275790	1
q275990	c275791	1
q275991	c275792	1
q275992	c275793	1
q275993	c275794	1
q275994	c275795	1
q275995	c275796	1
q275996	c275797	1
q275997	c275798	1
q275998	c275799	1
q275999	c275800	1
q276000	c275801	1
q276001	c275802	1
q276002	c275803	1
q276003	c275804	1
q276004	c275805	1
q276005	c275806	1
q276006	c275807	1
q276007	c275808	1
q276008	c275809	1
q276009	c275810	1
q276010	c275811	1
q276011	c275812	1
q276012	c275813	1
q276013	c275814	1
q276014	c275815	1
q276015	c275816	1
q276016	c275817	1
q276017	c275818	1
q276018	c275819	1
q276019	c275820	1
q276020	c275821	1
q276021	c275822	1
q276022	c275823	1
q276023	c275824	1
q276024	c275825	1
q276025	c275826	1
q276026	c275827	1
q276027	c275828	1
q276028	c275829	1
q276029	c275830	1
q276030	c275831	1
q276031	c275832	1
q276032	c275833	1
q276033	c275834	1
q276034	c275835	1
q276035	c275836	1
q276036	c275837	1
q276037	c275838	1
q276038	c275839	1
q276039	c275840	1
q276040	c275841	1
q276041	c275842	1
q276042	c275843	1
q276043	c275844	1
q276044	c275845	1
q276045	c275846	1
q276046	c275847	1
q276047	c275848	1
q276048	c275849	1
q276049	c275850	1
q276050	c275851	1
q276051	c275852	1
q276052	c275853	1
q276053	c275854	1
q276054	c275855	1
q276055	c275856	1
q276056	c275857	1
q276057	c275858	1
q276058	c275859	1
q276059	c275860	1
q276060	c275861	1
q276061	c275862	1
q276062	c275863	1
q276063	c275864	1
q276064	c275865	1
q276065	c275866	1
q276066	c275867	1
q276067	c275868	1
q276068	c275869	1
q276069	c275870	1
q276070	c275871	1
q276071	c275872	1
q276072	c275873	1
q276073	c275874	1
q276074	c275875	1
q276075	c275876	1
q276076	c275877	1
q276077	c275878	1
q276078	c275879	1
q276079	c275880	1
q276080	c275881	1
q276081	c275882	1
q276082	c275883	1
q276083	c275884	1
q276084	c275885	1
q276085	c275886	1
q276086	c275887	1
q276087	c275888	1
q276088	c275889	1
q276089	c275890	1
q276090	c275891	1
q276091	c275892	1
q276092	c275893	1
q276093	c275894	1
q276094	c275895	1
q276095	c275896	1
q276096	c275897	1
q276097	c275898	1
q276098	c275899	1
q276099	c275900	1
q276100	c275901	1
q276101	c275902	1
q276102	c275903	1
q276103	c275904	1
q276104	c275905	1
q276105	c275906	1
q276106	c275907	1
q276107	c275908	1
q276108	c275909	1
q276109	c275910	1
q276110	c275911	1
q276111	c275912	1
q276112	c275913	1
q276113	c275914	1
q276114	c275915	1
q276115	c275916	1
q276116	c275917	1
q276117	c275918	1
q276118	c275919	1
q276119	c275920	1
q276120	c275921	1
q276121	c275922	1
q276122	c163854	1
q276123	c275923	1
q276124	c275924	1
q276125	c275925	1
q276126	c275926	1
q276127	c275927	1
q276128	c275928	1
q276129	c275929	1
q276130	c275930	1
q276131	c275931	1
q276132	c275932	1
q276133	c275933	1
q276134	c275934	1
q276135	c275935	1
q276136	c275936	1
q276137	c275937	1
q276138	c275938	1
q276139	c275939	1
q276140	c275940	1
q276141	c275941	1
q276142	c275942	1
q276143	c275943	1
q276144	c275944	1
q276145	c275945	1
q276146	c275946	1
q276147	c205559	1
q276148	c275947	1
q276149	c275948	1
q276150	c275949	1
q276151	c275950	1
q276152	c275951	1
q276153	c275952	1
q276154	c275953	1
q276155	c275954	1
q276156	c275955	1
q276157	c275956	1
q276158	c275957	1
q276159	c275958	1
q276160	c275959	1
q276161	c275960	1
q276162	c275961	1
q276163	c275962	1
q276164	c275963	1
q276165	c275964	1
q276166	c275965	1
q276167	c275966	1
q276168	c275967	1
q276169	c275968	1
q276170	c275969	1
q276171	c275970	1
q276172	c275971	1
q276173	c275972	1
q276174	c275973	1
q276175	c275974	1
q276176	c275975	1
q276177	c275976	1
q276178	c275977	1
q276179	c275978	1
q276180	c275979	1
q276181	c275980	1
q276182	c275981	1
q276183	c275982	1
q276184	c275983	1
q276185	c275984	1
q276186	c275985	1
q276187	c275986	1
q276188	c275987	1
q276189	c275988	1
q276190	c275989	1
q276191	c275990	1
q276192	c275991	1
q276193	c275992	1
q276194	c275993	1
q276195	c275994	1
q276196	c275995	1
q276197	c275996	1
q276198	c275997	1
q276199	c275998	1
q276200	c275999	1
q276201	c276000	1
q276202	c276001	1
q276203	c276002	1
q276204	c276003	1
q276205	c276004	1
q276206	c276005	1
q276207	c276006	1
q276208	c276007	1
q276209	c276008	1
q276210	c276009	1
q276211	c276010	1
q276212	c276011	1
q276213	c276012	1
q276214	c276013	1
q276215	c276014	1
q276216	c276015	1
q276217	c276016	1
q276218	c276017	1
q276219	c276018	1
q276220	c276019	1
q276221	c276020	1
q276222	c276021	1
q276223	c276022	1
q276224	c276023	1
q276225	c276024	1
q276226	c276025	1
q276227	c276026	1
q276228	c276027	1
q276229	c276028	1
q276230	c276029	1
q276231	c276030	1
q276232	c276031	1
q276233	c276032	1
q276234	c276033	1
q276235	c276034	1
q276236	c276035	1
q276237	c276036	1
q276238	c276037	1
q276239	c276038	1
q276240	c276039	1
q276241	c276040	1
q276242	c276041	1
q276243	c276042	1
q276244	c276043	1
q276245	c276044	1
q276246	c276045	1
q276247	c276046	1
q276248	c276047	1
q276249	c276048	1
q276250	c276049	1
q276251	c276050	1
q276252	c276051	1
q276253	c276052	1
q276254	c276053	1
q276255	c276054	1
q276256	c276055	1
q276257	c276056	1
q276258	c276057	1
q276259	c276058	1
q276260	c276059	1
q276261	c276060	1
q276262	c276061	1
q276263	c276062	1
q276264	c276063	1
q276265	c276064	1
q276266	c276065	1
q276267	c276066	1
q276268	c276067	1
q276269	c276068	1
q276270	c276069	1
q276271	c276070	1
q276272	c276071	1
q276273	c276072	1
q276274	c276073	1
q276275	c276074	1
q276276	c276075	1
q276277	c276076	1
q276278	c276077	1
q276279	c276078	1
q276280	c276079	1
q276281	c276080	1
q276282	c276081	1
q276283	c276082	1
q276284	c276083	1
q276285	c276084	1
q276286	c276085	1
q276287	c276086	1
q276288	c276087	1
q276289	c276088	1
q276290	c276089	1
q276291	c276090	1
q276292	c276091	1
q276293	c276092	1
q276294	c276093	1
q276295	c276094	1
q276296	c276095	1
q276297	c276096	1
q276298	c276097	1
q276299	c276098	1
q276300	c276099	1
q276301	c276100	1
q276302	c276101	1
q276303	c276102	1
q276304	c276103	1
q276305	c276104	1
q276306	c276105	1
q276307	c276106	1
q276308	c276107	1
q276309	c276108	1
q276310	c276109	1
q276311	c276110	1
q276312	c276111	1
q276313	c276112	1
q276314	c276113	1
q276315	c276114	1
q276316	c276115	1
q276317	c276116	1
q276318	c276117	1
q276319	c276118	1
q276320	c276119	1
q276321	c276120	1
q276322	c276121	1
q276323	c276122	1
q276324	c276123	1
q276325	c276124	1
q276326	c276125	1
q276327	c276126	1
q276328	c276127	1
q276329	c276128	1
q276330	c276129	1
q276331	c276130	1
q276332	c276131	1
q276333	c276132	1
q276334	c276133	1
q276335	c276134	1
q276336	c276135	1
q276337	c276136	1
q276338	c276137	1
q276339	c276138	1
q276340	c276139	1
q276341	c276140	1
q276342	c276141	1
q276343	c276142	1
q276344	c276143	1
q276345	c276144	1
q276346	c276145	1
q276347	c276146	1
q276348	c276147	1
q276349	c276148	1
q276350	c276149	1
q276351	c276150	1
q276352	c276151	1
q276353	c276152	1
q276354	c276153	1
q276355	c276154	1
q276356	c276155	1
q276357	c276156	1
q276358	c276157	1
q276359	c276158	1
q276360	c276159	1
q276361	c276160	1
q276362	c276161	1
q276363	c276162	1
q276364	c276163	1
q276365	c276164	1
q276366	c276165	1
q276367	c276166	1
q276368	c276167	1
q276369	c276168	1
q276370	c276169	1
q276371	c276170	1
q276372	c276171	1
q276373	c276172	1
q276374	c276173	1
q276375	c276174	1
q276376	c276175	1
q276377	c276176	1
q276378	c276177	1
q276379	c276178	1
q276380	c276179	1
q276381	c276180	1
q276382	c276181	1
q276383	c276182	1
q276384	c276183	1
q276385	c276184	1
q276386	c276185	1
q276387	c276186	1
q276388	c276187	1
q276389	c276188	1
q276390	c276189	1
q276391	c276190	1
q276392	c276191	1
q276393	c276192	1
q276394	c276193	1
q276395	c276194	1
q276396	c276195	1
q276397	c134122	1
q276398	c276196	1
q276399	c133943	1
q276400	c276197	1
q276401	c276198	1
q276402	c276199	1
q276403	c276200	1
q276404	c276201	1
q276405	c276202	1
q276406	c276203	1
q276407	c276204	1
q276408	c276205	1
q276409	c276206	1
q276410	c276207	1
q276411	c276208	1
q276412	c276209	1
q276413	c276210	1
q276414	c276211	1
q276415	c86259	1
q276416	c276212	1
q276417	c133824	1
q276418	c276213	1
q276419	c276214	1
q276420	c276215	1
q276421	c276216	1
q276422	c276217	1
q276423	c276218	1
q276424	c276219	1
q276425	c77080	1
q276426	c276220	1
q276427	c42570	1
q276428	c276221	1
q276429	c42571	1
q276430	c276222	1
q276431	c133978	1
q276432	c276223	1
q276433	c276224	1
q276434	c276225	1
q276435	c43071	1
q276436	c276226	1
q276437	c276227	1
q276438	c86139	1
q276439	c86141	1
q276440	c276228	1
q276441	c276229	1
q276442	c276230	1
q276443	c276231	1
q276444	c276232	1
q276445	c276233	1
q276446	c276234	1
q276447	c276235	1
q276448	c276236	1
q276449	c276237	1
q276450	c276238	1
q276451	c276239	1
q276452	c276240	1
q276453	c276241	1
q276454	c276242	1
q276455	c276243	1
q276456	c276244	1
q276457	c276245	1
q276458	c276246	1
q276459	c276247	1
q276460	c276248	1
q276461	c276249	1
q276462	c276250	1
q276463	c276251	1
q276464	c276252	1
q276465	c276253	1
q276466	c276254	1
q276467	c276255	1
q276468	c276256	1
q276469	c276257	1
q276470	c133641	1
q276471	c86267	1
q276472	c276258	1
q276473	c276259	1
q276474	c276260	1
q276475	c276261	1
q276476	c276262	1
q276477	c276263	1
q276478	c276264	1
q276479	c133492	1
q276480	c133493	1
q276481	c276265	1
q276482	c276266	1
q276483	c276267	1
q276484	c276268	1
q276485	c276269	1
q276486	c276270	1
q276487	c276271	1
q276488	c276272	1
q276489	c276273	1
q276490	c188851	1
q276491	c86187	1
q276492	c276274	1
q276493	c276275	1
q276494	c276276	1
q276495	c276277	1
q276496	c276278	1
q276497	c133701	1
q276498	c133703	1
q276499	c133708	1
q276500	c276279	1
q276501	c133713	1
q276502	c276280	1
q276503	c133718	1
q276504	c276281	1
q276505	c133724	1
q276506	c276282	1
q276507	c276283	1
q276508	c134165	1
q276509	c276284	1
q276510	c276285	1
q276511	c276286	1
q276512	c276287	1
q276513	c276288	1
q276514	c276289	1
q276515	c276290	1
q276516	c86193	1
q276517	c189537	1
q276518	c86231	1
q276519	c276291	1
q276520	c276292	1
q276521	c276293	1
q276522	c276294	1
q276523	c276295	1
q276524	c276296	1
q276525	c276297	1
q276526	c276298	1
q276527	c276299	1
q276528	c133687	1
q276529	c276300	1
q276530	c276301	1
q276531	c133947	1
q276532	c133950	1
q276533	c86292	1
q276534	c276302	1
q276535	c276303	1
q276536	c276304	1
q276537	c276305	1
q276538	c276306	1
q276539	c276307	1
q276540	c276308	1
q276541	c276309	1
q276542	c276310	1
q276543	c276311	1
q276544	c276312	1
q276545	c276313	1
q276546	c276314	1
q276547	c276315	1
q276548	c276316	1
q276549	c86287	1
q276550	c276317	1
q276551	c276318	1
q276552	c276319	1
q276553	c276320	1
q276554	c276321	1
q276555	c276322	1
q276556	c276323	1
q276557	c43212	1
q276558	c276324	1
q276559	c276325	1
q276560	c276326	1
q276561	c276327	1
q276562	c276328	1
q276563	c276329	1
q276564	c276330	1
q276565	c276331	1
q276566	c276332	1
q276567	c276333	1
q276568	c276334	1
q276569	c276335	1
q276570	c276336	1
q276571	c276337	1
q276572	c276338	1
q276573	c276339	1
q276574	c276340	1
q276575	c276341	1
q276576	c276342	1
q276577	c276343	1
q276578	c276344	1
q276579	c276345	1
q276580	c276346	1
q276581	c276347	1
q276582	c276348	1
q276583	c276349	1
q276584	c276350	1
q276585	c276351	1
q276586	c115693	1
q276587	c276352	1
q276588	c276353	1
q276589	c276354	1
q276590	c276355	1
q276591	c276356	1
q276592	c276357	1
q276593	c77006	1
q276594	c276358	1
q276595	c276359	1
q276596	c276360	1
q276597	c276361	1
q276598	c276362	1
q276599	c276363	1
q276600	c77058	1
q276601	c77062	1
q276602	c276364	1
q276603	c86294	1
q276604	c276365	1
q276605	c276366	1
q276606	c276367	1
q276607	c276368	1
q276608	c276369	1
q276609	c276370	1
q276610	c276371	1
q276611	c76072	1
q276612	c276372	1
q276613	c133556	1
q276614	c276373	1
q276615	c86243	1
q276616	c276374	1
q276617	c86247	1
q276618	c276375	1
q276619	c276376	1
q276620	c276377	1
q276621	c276378	1
q276622	c276379	1
q276623	c276380	1
q276624	c276381	1
q276625	c276382	1
q276626	c276383	1
q276627	c276384	1
q276628	c276385	1
q276629	c276386	1
q276630	c276387	1
q276631	c276388	1
q276632	c276389	1
q276633	c41827	1
q276634	c77020	1
q276635	c134140	1
q276636	c276390	1
q276637	c276391	1
q276638	c276392	1
q276639	c134144	1
q276640	c276393	1
q276641	c276394	1
q276642	c276395	1
q276643	c276396	1
q276644	c276397	1
q276645	c276398	1
q276646	c276399	1
q276647	c25077	1
q276648	c76056	1
q276649	c133839	1
q276650	c134392	1
q276651	c134393	1
q276652	c25095	1
q276653	c276400	1
q276654	c276401	1
q276655	c133499	1
q276656	c276402	1
q276657	c133899	1
q276658	c276403	1
q276659	c276404	1
q276660	c232737	1
q276661	c232738	1
q276662	c232740	1
q276663	c276405	1
q276664	c276406	1
q276665	c232736	1
q276666	c276407	1
q276667	c276408	1
q276668	c276409	1
q276669	c133631	1
q276670	c134044	1
q276671	c134045	1
q276672	c134046	1
q276673	c276410	1
q276674	c134055	1
q276675	c276411	1
q276676	c276412	1
q276677	c276413	1
q276678	c276414	1
q276679	c276415	1
q276680	c276416	1
q276681	c276417	1
q276682	c276418	1
q276683	c276419	1
q276684	c276420	1
q276685	c276421	1
q276686	c276422	1
q276687	c276423	1
q276688	c276424	1
q276689	c276425	1
q276690	c276426	1
q276691	c276427	1
q276692	c276428	1
q276693	c25031	1
q276694	c276429	1
q276695	c276430	1
q276696	c276431	1
q276697	c276432	1
q276698	c276433	1
q276699	c276434	1
q276700	c276435	1
q276701	c276436	1
q276702	c276437	1
q276703	c276438	1
q276704	c276439	1
q276705	c276440	1
q276706	c276441	1
q276707	c276442	1
q276708	c276443	1
q276709	c276444	1
q276710	c276445	1
q276711	c276446	1
q276712	c276447	1
q276713	c276448	1
q276714	c276449	1
q276715	c276450	1
q276716	c276451	1
q276717	c276452	1
q276718	c276453	1
q276719	c276454	1
q276720	c276455	1
q276721	c276456	1
q276722	c276457	1
q276723	c276458	1
q276724	c276459	1
q276725	c276460	1
q276726	c276461	1
q276727	c276462	1
q276728	c276463	1
q276729	c276464	1
q276730	c276465	1
q276731	c276466	1
q276732	c276467	1
q276733	c276468	1
q276734	c276469	1
q276735	c276470	1
q276736	c276471	1
q276737	c276472	1
q276738	c276473	1
q276739	c276474	1
q276740	c55854	1
q276741	c276475	1
q276742	c55856	1
q276743	c55857	1
q276744	c276476	1
q276745	c276477	1
q276746	c276478	1
q276747	c276479	1
q276748	c276480	1
q276749	c276481	1
q276750	c276482	1
q276751	c276483	1
q276752	c276484	1
q276753	c120126	1
q276754	c276485	1
q276755	c276486	1
q276756	c276487	1
q276757	c276488	1
q276758	c276489	1
q276759	c276490	1
q276760	c276491	1
q276761	c276492	1
q276762	c276493	1
q276763	c276494	1
q276764	c276495	1
q276765	c276496	1
q276766	c276497	1
q276767	c276498	1
q276768	c276499	1
q276769	c276500	1
q276770	c276501	1
q276771	c276502	1
q276772	c276503	1
q276773	c276504	1
q276774	c276505	1
q276775	c276506	1
q276776	c276507	1
q276777	c276508	1
q276778	c276509	1
q276779	c276510	1
q276780	c276511	1
q276781	c276512	1
q276782	c276513	1
q276783	c276514	1
q276784	c276515	1
q276785	c276516	1
q276786	c276517	1
q276787	c276518	1
q276788	c276519	1
q276789	c276520	1
q276790	c276521	1
q276791	c276522	1
q276792	c276523	1
q276793	c276524	1
q276794	c276525	1
q276795	c276526	1
q276796	c276527	1
q276797	c276528	1
q276798	c276529	1
q276799	c276530	1
q276800	c276531	1
q276801	c276532	1
q276802	c276533	1
q276803	c276534	1
q276804	c276535	1
q276805	c276536	1
q276806	c276537	1
q276807	c276538	1
q276808	c276539	1
q276809	c276540	1
q276810	c276541	1
q276811	c276542	1
q276812	c276543	1
q276813	c276544	1
q276814	c276545	1
q276815	c276546	1
q276816	c276547	1
q276817	c276548	1
q276818	c276549	1
q276819	c276550	1
q276820	c276551	1
q276821	c276552	1
q276822	c276553	1
q276823	c276554	1
q276824	c276555	1
q276825	c276556	1
q276826	c276557	1
q276827	c276558	1
q276828	c276559	1
q276829	c276560	1
q276830	c276561	1
q276831	c276562	1
q276832	c276563	1
q276833	c276564	1
q276834	c276565	1
q276835	c276566	1
q276836	c276567	1
q276837	c276568	1
q276838	c276569	1
q276839	c276570	1
q276840	c276571	1
q276841	c276572	1
q276842	c276573	1
q276843	c276574	1
q276844	c276575	1
q276845	c276576	1
q276846	c276577	1
q276847	c276578	1
q276848	c276579	1
q276849	c276580	1
q276850	c276581	1
q276851	c276582	1
q276852	c276583	1
q276853	c276584	1
q276854	c276585	1
q276855	c276586	1
q276856	c276587	1
q276857	c276588	1
q276858	c276589	1
q276859	c276590	1
q276860	c276591	1
q276861	c276592	1
q276862	c276593	1
q276863	c276594	1
q276864	c276595	1
q276865	c276596	1
q276866	c276597	1
q276867	c276598	1
q276868	c276599	1
q276869	c276600	1
q276870	c276601	1
q276871	c276602	1
q276872	c276603	1
q276873	c276604	1
q276874	c276605	1
q276875	c276606	1
q276876	c276607	1
q276877	c276608	1
q276878	c276609	1
q276879	c276610	1
q276880	c276611	1
q276881	c276612	1
q276882	c276613	1
q276883	c276614	1
q276884	c276615	1
q276885	c276616	1
q276886	c276617	1
q276887	c276618	1
q276888	c276619	1
q276889	c276620	1
q276890	c276621	1
q276891	c276622	1
q276892	c276623	1
q276893	c276624	1
q276894	c276625	1
q276895	c276626	1
q276896	c276627	1
q276897	c276628	1
q276898	c276629	1
q276899	c276630	1
q276900	c276631	1
q276901	c276632	1
q276902	c276633	1
q276903	c276634	1
q276904	c276635	1
q276905	c276636	1
q276906	c276637	1
q276907	c276638	1
q276908	c276639	1
q276909	c276640	1
q276910	c276641	1
q276911	c276642	1
q276912	c276643	1
q276913	c276644	1
q276914	c276645	1
q276915	c276646	1
q276916	c276647	1
q276917	c276648	1
q276918	c276649	1
q276919	c276650	1
q276920	c276651	1
q276921	c276652	1
q276922	c276653	1
q276923	c276654	1
q276924	c276655	1
q276925	c276656	1
q276926	c276657	1
q276927	c276658	1
q276928	c276659	1
q276929	c276660	1
q276930	c276661	1
q276931	c276662	1
q276932	c276663	1
q276933	c276664	1
q276934	c276665	1
q276935	c276666	1
q276936	c276667	1
q276937	c276668	1
q276938	c276669	1
q276939	c276670	1
q276940	c276671	1
q276941	c276672	1
q276942	c276673	1
q276943	c276674	1
q276944	c276675	1
q276945	c276676	1
q276946	c276677	1
q276947	c276678	1
q276948	c276679	1
q276949	c276680	1
q276950	c276681	1
q276951	c276682	1
q276952	c276683	1
q276953	c276684	1
q276954	c276685	1
q276955	c276686	1
q276956	c276687	1
q276957	c276688	1
q276958	c276689	1
q276959	c276690	1
q276960	c276691	1
q276961	c276692	1
q276962	c276693	1
q276963	c276694	1
q276964	c276695	1
q276965	c276696	1
q276966	c276697	1
q276967	c276698	1
q276968	c276699	1
q276969	c276700	1
q276970	c276701	1
q276971	c276702	1
q276972	c276703	1
q276973	c276704	1
q276974	c276705	1
q276975	c276706	1
q276976	c276707	1
q276977	c276708	1
q276978	c276709	1
q276979	c276710	1
q276980	c276711	1
q276981	c276712	1
q276982	c276713	1
q276983	c276714	1
q276984	c276715	1
q276985	c276716	1
q276986	c276717	1
q276987	c276718	1
q276988	c276719	1
q276989	c276720	1
q276990	c276721	1
q276991	c276722	1
q276992	c276723	1
q276993	c276724	1
q276994	c276725	1
q276995	c276726	1
q276996	c276727	1
q276997	c276728	1
q276998	c276729	1
q276999	c276730	1
q277000	c276731	1
q277001	c276732	1
q277002	c276733	1
q277003	c276734	1
q277004	c276735	1
q277005	c276736	1
q277006	c276737	1
q277007	c276738	1
q277008	c276739	1
q277009	c276740	1
q277010	c276741	1
q277011	c276742	1
q277012	c276743	1
q277013	c276744	1
q277014	c276745	1
q277015	c276746	1
q277016	c276747	1
q277017	c276748	1
q277018	c276749	1
q277019	c276750	1
q277020	c276751	1
q277021	c276752	1
q277022	c276753	1
q277023	c276754	1
q277024	c276755	1
q277025	c276756	1
q277026	c276757	1
q277027	c276758	1
q277028	c276759	1
q277029	c276760	1
q277030	c276761	1
q277031	c276762	1
q277032	c276763	1
q277033	c276764	1
q277034	c276765	1
q277035	c276766	1
q277036	c276767	1
q277037	c276768	1
q277038	c276769	1
q277039	c276770	1
q277040	c276771	1
q277041	c276772	1
q277042	c276773	1
q277043	c276774	1
q277044	c276775	1
q277045	c276776	1
q277046	c276777	1
q277047	c276778	1
q277048	c276779	1
q277049	c276780	1
q277050	c276781	1
q277051	c276782	1
q277052	c276783	1
q277053	c276784	1
q277054	c276785	1
q277055	c276786	1
q277056	c276787	1
q277057	c276788	1
q277058	c276789	1
q277059	c276790	1
q277060	c276791	1
q277061	c276792	1
q277062	c276793	1
q277063	c276794	1
q277064	c276795	1
q277065	c276796	1
q277066	c276797	1
q277067	c276798	1
q277068	c276799	1
q277069	c276800	1
q277070	c276801	1
q277071	c276802	1
q277072	c276803	1
q277073	c276804	1
q277074	c276805	1
q277075	c276806	1
q277076	c276807	1
q277077	c276808	1
q277078	c276809	1
q277079	c276810	1
q277080	c276811	1
q277081	c276812	1
q277082	c276813	1
q277083	c276814	1
q277084	c276815	1
q277085	c276816	1
q277086	c276817	1
q277087	c276818	1
q277088	c276819	1
q277089	c276820	1
q277090	c276821	1
q277091	c276822	1
q277092	c276823	1
q277093	c276824	1
q277094	c276825	1
q277095	c276826	1
q277096	c276827	1
q277097	c276828	1
q277098	c276829	1
q277099	c276830	1
q277100	c276831	1
q277101	c276832	1
q277102	c276833	1
q277103	c276834	1
q277104	c276835	1
q277105	c276836	1
q277106	c276837	1
q277107	c276838	1
q277108	c276839	1
q277109	c276840	1
q277110	c276841	1
q277111	c276842	1
q277112	c276843	1
q277113	c276844	1
q277114	c276845	1
q277115	c276846	1
q277116	c276847	1
q277117	c276848	1
q277118	c276849	1
q277119	c120954	1
q277120	c276850	1
q277121	c276851	1
q277122	c276852	1
q277123	c276853	1
q277124	c276854	1
q277125	c276855	1
q277126	c276856	1
q277127	c276857	1
q277128	c276858	1
q277129	c276859	1
q277130	c276860	1
q277131	c276861	1
q277132	c276862	1
q277133	c276863	1
q277134	c276864	1
q277135	c276865	1
q277136	c276866	1
q277137	c276867	1
q277138	c276868	1
q277139	c276869	1
q277140	c276870	1
q277141	c276871	1
q277142	c276872	1
q277143	c276873	1
q277144	c276874	1
q277145	c276875	1
q277146	c276876	1
q277147	c276877	1
q277148	c276878	1
q277149	c276879	1
q277150	c276880	1
q277151	c276881	1
q277152	c276882	1
q277153	c276883	1
q277154	c276884	1
q277155	c276885	1
q277156	c276886	1
q277157	c276887	1
q277158	c276888	1
q277159	c276889	1
q277160	c276890	1
q277161	c276891	1
q277162	c276892	1
q277163	c276893	1
q277164	c276894	1
q277165	c276895	1
q277166	c276896	1
q277167	c276897	1
q277168	c276898	1
q277169	c276899	1
q277170	c276900	1
q277171	c276901	1
q277172	c276902	1
q277173	c276903	1
q277174	c276904	1
q277175	c276905	1
q277176	c276906	1
q277177	c276907	1
q277178	c276908	1
q277179	c276909	1
q277180	c276910	1
q277181	c276911	1
q277182	c276912	1
q277183	c276913	1
q277184	c276914	1
q277185	c276915	1
q277186	c276916	1
q277187	c276917	1
q277188	c276918	1
q277189	c276919	1
q277190	c276920	1
q277191	c276921	1
q277192	c276922	1
q277193	c276923	1
q277194	c276924	1
q277195	c276925	1
q277196	c276926	1
q277197	c276927	1
q277198	c276928	1
q277199	c276929	1
q277200	c158506	1
q277201	c276930	1
q277202	c276931	1
q277203	c276932	1
q277204	c276933	1
q277205	c276934	1
q277206	c276935	1
q277207	c276936	1
q277208	c276937	1
q277209	c276938	1
q277210	c276939	1
q277211	c276940	1
q277212	c276941	1
q277213	c276942	1
q277214	c276943	1
q277215	c276944	1
q277216	c276945	1
q277217	c276946	1
q277218	c276947	1
q277219	c276948	1
q277220	c276949	1
q277221	c276950	1
q277222	c276951	1
q277223	c276952	1
q277224	c276953	1
q277225	c276954	1
q277226	c276955	1
q277227	c276956	1
q277228	c276957	1
q277229	c276958	1
q277230	c276959	1
q277231	c276960	1
q277232	c276961	1
q277233	c276962	1
q277234	c276963	1
q277235	c276964	1
q277236	c276965	1
q277237	c276966	1
q277238	c276967	1
q277239	c276968	1
q277240	c276969	1
q277241	c276970	1
q277242	c276971	1
q277243	c276972	1
q277244	c276973	1
q277245	c276974	1
q277246	c276975	1
q277247	c276976	1
q277248	c276977	1
q277249	c276978	1
q277250	c276979	1
q277251	c276980	1
q277252	c276981	1
q277253	c276982	1
q277254	c276983	1
q277255	c276984	1
q277256	c276985	1
q277257	c276986	1
q277258	c276987	1
q277259	c276988	1
q277260	c276989	1
q277261	c276990	1
q277262	c276991	1
q277263	c276992	1
q277264	c276993	1
q277265	c276994	1
q277266	c276995	1
q277267	c276996	1
q277268	c276997	1
q277269	c276998	1
q277270	c276999	1
q277271	c277000	1
q277272	c277001	1
q277273	c277002	1
q277274	c277003	1
q277275	c277004	1
q277276	c277005	1
q277277	c277006	1
q277278	c277007	1
q277279	c277008	1
q277280	c277009	1
q277281	c277010	1
q277282	c277011	1
q277283	c277012	1
q277284	c277013	1
q277285	c277014	1
q277286	c277015	1
q277287	c277016	1
q277288	c277017	1
q277289	c277018	1
q277290	c277019	1
q277291	c277020	1
q277292	c277021	1
q277293	c277022	1
q277294	c277023	1
q277295	c277024	1
q277296	c277025	1
q277297	c277026	1
q277298	c277027	1
q277299	c277028	1
q277300	c277029	1
q277301	c277030	1
q277302	c277031	1
q277303	c277032	1
q277304	c277033	1
q277305	c277034	1
q277306	c277035	1
q277307	c277036	1
q277308	c277037	1
q277309	c277038	1
q277310	c277039	1
q277311	c277040	1
q277312	c277041	1
q277313	c277042	1
q277314	c277043	1
q277315	c277044	1
q277316	c277045	1
q277317	c277046	1
q277318	c277047	1
q277319	c277048	1
q277320	c277049	1
q277321	c277050	1
q277322	c277051	1
q277323	c277052	1
q277324	c277053	1
q277325	c277054	1
q277326	c135455	1
q277327	c135456	1
q277328	c277055	1
q277329	c277056	1
q277330	c277057	1
q277331	c277058	1
q277332	c277059	1
q277333	c277060	1
q277334	c8444	1
q277335	c277061	1
q277336	c277062	1
q277337	c277063	1
q277338	c277064	1
q277339	c277065	1
q277340	c277066	1
q277341	c277067	1
q277342	c277068	1
q277343	c277069	1
q277344	c277070	1
q277345	c277071	1
q277346	c277072	1
q277347	c277073	1
q277348	c277074	1
q277349	c277075	1
q277350	c277076	1
q277351	c277077	1
q277352	c277078	1
q277353	c277079	1
q277354	c277080	1
q277355	c277081	1
q277356	c277082	1
q277357	c277083	1
q277358	c277084	1
q277359	c277085	1
q277360	c277086	1
q277361	c277087	1
q277362	c277088	1
q277363	c277089	1
q277364	c277090	1
q277365	c277091	1
q277366	c277092	1
q277367	c277093	1
q277368	c277094	1
q277369	c277095	1
q277370	c277096	1
q277371	c277097	1
q277372	c277098	1
q277373	c277099	1
q277374	c277100	1
q277375	c277101	1
q277376	c277102	1
q277377	c277103	1
q277378	c277104	1
q277379	c277105	1
q277380	c277106	1
q277381	c277107	1
q277382	c277108	1
q277383	c277109	1
q277384	c277110	1
q277385	c277111	1
q277386	c277112	1
q277387	c277113	1
q277388	c277114	1
q277389	c277115	1
q277390	c277116	1
q277391	c36104	1
q277392	c277117	1
q277393	c277118	1
q277394	c277119	1
q277395	c277120	1
q277396	c277121	1
q277397	c36110	1
q277398	c36111	1
q277399	c277122	1
q277400	c277123	1
q277401	c277124	1
q277402	c277125	1
q277403	c277126	1
q277404	c277127	1
q277405	c277128	1
q277406	c277129	1
q277407	c277130	1
q277408	c277131	1
q277409	c277132	1
q277410	c277133	1
q277411	c277134	1
q277412	c277135	1
q277413	c277136	1
q277414	c277137	1
q277415	c277138	1
q277416	c277139	1
q277417	c277140	1
q277418	c277141	1
q277419	c277142	1
q277420	c277143	1
q277421	c277144	1
q277422	c36075	1
q277423	c277145	1
q277424	c277146	1
q277425	c277147	1
q277426	c277148	1
q277427	c277149	1
q277428	c277150	1
q277429	c277151	1
q277430	c277152	1
q277431	c36037	1
q277432	c36041	1
q277433	c277153	1
q277434	c277154	1
q277435	c277155	1
q277436	c277156	1
q277437	c277157	1
q277438	c277158	1
q277439	c277159	1
q277440	c277160	1
q277441	c277161	1
q277442	c277162	1
q277443	c277163	1
q277444	c277164	1
q277445	c277165	1
q277446	c277166	1
q277447	c277167	1
q277448	c277168	1
q277449	c277169	1
q277450	c36106	1
q277451	c277170	1
q277452	c277171	1
q277453	c277172	1
q277454	c36098	1
q277455	c36099	1
q277456	c277173	1
q277457	c277174	1
q277458	c277175	1
q277459	c277176	1
q277460	c277177	1
q277461	c277178	1
q277462	c277179	1
q277463	c277180	1
q277464	c277181	1
q277465	c277182	1
q277466	c277183	1
q277467	c277184	1
q277468	c36062	1
q277469	c277185	1
q277470	c36064	1
q277471	c277186	1
q277472	c277187	1
q277473	c277188	1
q277474	c277189	1
q277475	c277190	1
q277476	c277191	1
q277477	c277192	1
q277478	c277193	1
q277479	c277194	1
q277480	c277195	1
q277481	c277196	1
q277482	c277197	1
q277483	c277198	1
q277484	c277199	1
q277485	c277200	1
q277486	c36073	1
q277487	c277201	1
q277488	c277202	1
q277489	c277203	1
q277490	c277204	1
q277491	c277205	1
q277492	c277206	1
q277493	c277207	1
q277494	c277208	1
q277495	c277209	1
q277496	c277210	1
q277497	c277211	1
q277498	c277212	1
q277499	c277213	1
q277500	c277214	1
q277501	c277215	1
q277502	c277216	1
q277503	c277217	1
q277504	c277218	1
q277505	c277219	1
q277506	c277220	1
q277507	c277221	1
q277508	c277222	1
q277509	c277223	1
q277510	c277224	1
q277511	c277225	1
q277512	c277226	1
q277513	c277227	1
q277514	c277228	1
q277515	c277229	1
q277516	c277230	1
q277517	c277231	1
q277518	c277232	1
q277519	c277233	1
q277520	c277234	1
q277521	c277235	1
q277522	c277236	1
q277523	c277237	1
q277524	c277238	1
q277525	c277239	1
q277526	c277240	1
q277527	c277241	1
q277528	c277242	1
q277529	c277243	1
q277530	c277244	1
q277531	c277245	1
q277532	c277246	1
q277533	c277247	1
q277534	c277248	1
q277535	c277249	1
q277536	c277250	1
q277537	c277251	1
q277538	c277252	1
q277539	c277253	1
q277540	c277254	1
q277541	c277255	1
q277542	c277256	1
q277543	c277257	1
q277544	c277258	1
q277545	c277259	1
q277546	c277260	1
q277547	c277261	1
q277548	c277262	1
q277549	c277263	1
q277550	c277264	1
q277551	c277265	1
q277552	c277266	1
q277553	c277267	1
q277554	c277268	1
q277555	c277269	1
q277556	c277270	1
q277557	c277271	1
q277558	c277272	1
q277559	c277273	1
q277560	c277274	1
q277561	c277275	1
q277562	c277276	1
q277563	c277277	1
q277564	c277278	1
q277565	c277279	1
q277566	c277280	1
q277567	c277281	1
q277568	c277282	1
q277569	c277283	1
q277570	c277284	1
q277571	c277285	1
q277572	c277286	1
q277573	c277287	1
q277574	c277288	1
q277575	c277289	1
q277576	c277290	1
q277577	c277291	1
q277578	c277292	1
q277579	c277293	1
q277580	c277294	1
q277581	c277295	1
q277582	c277296	1
q277583	c277297	1
q277584	c277298	1
q277585	c277299	1
q277586	c277300	1
q277587	c277301	1
q277588	c277302	1
q277589	c277303	1
q277590	c277304	1
q277591	c277305	1
q277592	c277306	1
q277593	c277307	1
q277594	c277308	1
q277595	c277309	1
q277596	c277310	1
q277597	c277311	1
q277598	c277312	1
q277599	c277313	1
q277600	c277314	1
q277601	c277315	1
q277602	c277316	1
q277603	c277317	1
q277604	c277318	1
q277605	c277319	1
q277606	c277320	1
q277607	c277321	1
q277608	c277322	1
q277609	c277323	1
q277610	c277324	1
q277611	c277325	1
q277612	c277326	1
q277613	c277327	1
q277614	c277328	1
q277615	c277329	1
q277616	c277330	1
q277617	c277331	1
q277618	c277332	1
q277619	c277333	1
q277620	c277334	1
q277621	c277335	1
q277622	c277336	1
q277623	c277337	1
q277624	c277338	1
q277625	c277339	1
q277626	c277340	1
q277627	c277341	1
q277628	c277342	1
q277629	c277343	1
q277630	c277344	1
q277631	c277345	1
q277632	c277346	1
q277633	c277347	1
q277634	c277348	1
q277635	c277349	1
q277636	c277350	1
q277637	c277351	1
q277638	c277352	1
q277639	c277353	1
q277640	c277354	1
q277641	c277355	1
q277642	c277356	1
q277643	c277357	1
q277644	c277358	1
q277645	c277359	1
q277646	c277360	1
q277647	c277361	1
q277648	c277362	1
q277649	c277363	1
q277650	c277364	1
q277651	c277365	1
q277652	c277366	1
q277653	c277367	1
q277654	c277368	1
q277655	c277369	1
q277656	c277370	1
q277657	c277371	1
q277658	c277372	1
q277659	c277373	1
q277660	c277374	1
q277661	c277375	1
q277662	c277376	1
q277663	c277377	1
q277664	c277378	1
q277665	c277379	1
q277666	c277380	1
q277667	c277381	1
q277668	c277382	1
q277669	c277383	1
q277670	c277384	1
q277671	c277385	1
q277672	c277386	1
q277673	c277387	1
q277674	c277388	1
q277675	c277389	1
q277676	c277390	1
q277677	c277391	1
q277678	c277392	1
q277679	c277393	1
q277680	c277394	1
q277681	c277395	1
q277682	c277396	1
q277683	c277397	1
q277684	c277398	1
q277685	c277399	1
q277686	c277400	1
q277687	c277401	1
q277688	c277402	1
q277689	c277403	1
q277690	c277404	1
q277691	c277405	1
q277692	c277406	1
q277693	c277407	1
q277694	c277408	1
q277695	c277409	1
q277696	c277410	1
q277697	c277411	1
q277698	c277412	1
q277699	c277413	1
q277700	c277414	1
q277701	c277415	1
q277702	c277416	1
q277703	c277417	1
q277704	c277418	1
q277705	c277419	1
q277706	c277420	1
q277707	c277421	1
q277708	c277422	1
q277709	c277423	1
q277710	c277424	1
q277711	c277425	1
q277712	c277426	1
q277713	c277427	1
q277714	c277428	1
q277715	c277429	1
q277716	c277430	1
q277717	c277431	1
q277718	c277432	1
q277719	c277433	1
q277720	c277434	1
q277721	c277435	1
q277722	c277436	1
q277723	c277437	1
q277724	c277438	1
q277725	c277439	1
q277726	c277440	1
q277727	c277441	1
q277728	c277442	1
q277729	c277443	1
q277730	c277444	1
q277731	c277445	1
q277732	c277446	1
q277733	c277447	1
q277734	c277448	1
q277735	c277449	1
q277736	c277450	1
q277737	c277451	1
q277738	c277452	1
q277739	c277453	1
q277740	c277454	1
q277741	c277455	1
q277742	c277456	1
q277743	c277457	1
q277744	c277458	1
q277745	c277459	1
q277746	c277460	1
q277747	c277461	1
q277748	c277462	1
q277749	c277463	1
q277750	c277464	1
q277751	c277465	1
q277752	c277466	1
q277753	c277467	1
q277754	c277468	1
q277755	c277469	1
q277756	c277470	1
q277757	c277471	1
q277758	c277472	1
q277759	c277473	1
q277760	c277474	1
q277761	c277475	1
q277762	c277476	1
q277763	c277477	1
q277764	c277478	1
q277765	c277479	1
q277766	c277480	1
q277767	c277481	1
q277768	c277482	1
q277769	c277483	1
q277770	c277484	1
q277771	c277485	1
q277772	c277486	1
q277773	c277487	1
q277774	c277488	1
q277775	c277489	1
q277776	c277490	1
q277777	c277491	1
q277778	c277492	1
q277779	c277493	1
q277780	c277494	1
q277781	c277495	1
q277782	c277496	1
q277783	c277497	1
q277784	c277498	1
q277785	c277499	1
q277786	c277500	1
q277787	c277501	1
q277788	c277502	1
q277789	c277503	1
q277790	c277504	1
q277791	c277505	1
q277792	c277506	1
q277793	c277507	1
q277794	c277508	1
q277795	c277509	1
q277796	c277510	1
q277797	c277511	1
q277798	c277512	1
q277799	c277513	1
q277800	c277514	1
q277801	c277515	1
q277802	c277516	1
q277803	c277517	1
q277804	c277518	1
q277805	c277519	1
q277806	c277520	1
q277807	c277521	1
q277808	c277522	1
q277809	c277523	1
q277810	c277524	1
q277811	c277525	1
q277812	c277526	1
q277813	c277527	1
q277814	c277528	1
q277815	c277529	1
q277816	c277530	1
q277817	c277531	1
q277818	c277532	1
q277819	c277533	1
q277820	c277534	1
q277821	c277535	1
q277822	c277536	1
q277823	c8735	1
q277824	c277537	1
q277825	c277538	1
q277826	c277539	1
q277827	c277540	1
q277828	c277541	1
q277829	c277542	1
q277830	c277543	1
q277831	c277544	1
q277832	c277545	1
q277833	c277546	1
q277834	c277547	1
q277835	c277548	1
q277836	c277549	1
q277837	c277550	1
q277838	c277551	1
q277839	c277552	1
q277840	c277553	1
q277841	c277554	1
q277842	c277555	1
q277843	c277556	1
q277844	c277557	1
q277845	c277558	1
q277846	c277559	1
q277847	c277560	1
q277848	c277561	1
q277849	c277562	1
q277850	c277563	1
q277851	c277564	1
q277852	c277565	1
q277853	c277566	1
q277854	c277567	1
q277855	c277568	1
q277856	c277569	1
q277857	c277570	1
q277858	c277571	1
q277859	c277572	1
q277860	c277573	1
q277861	c211429	1
q277862	c277574	1
q277863	c277575	1
q277864	c277576	1
q277865	c277577	1
q277866	c277578	1
q277867	c277579	1
q277868	c277580	1
q277869	c277581	1
q277870	c277582	1
q277871	c277583	1
q277872	c277584	1
q277873	c277585	1
q277874	c277586	1
q277875	c277587	1
q277876	c277588	1
q277877	c277589	1
q277878	c277590	1
q277879	c277591	1
q277880	c277592	1
q277881	c277593	1
q277882	c277594	1
q277883	c277595	1
q277884	c277596	1
q277885	c277597	1
q277886	c277598	1
q277887	c277599	1
q277888	c277600	1
q277889	c277601	1
q277890	c277602	1
q277891	c277603	1
q277892	c277604	1
q277893	c277605	1
q277894	c277606	1
q277895	c277607	1
q277896	c277608	1
q277897	c277609	1
q277898	c277610	1
q277899	c277611	1
q277900	c277612	1
q277901	c277613	1
q277902	c277614	1
q277903	c277615	1
q277904	c277616	1
q277905	c277617	1
q277906	c277618	1
q277907	c277619	1
q277908	c277620	1
q277909	c277621	1
q277910	c277622	1
q277911	c277623	1
q277912	c277624	1
q277913	c277625	1
q277914	c277626	1
q277915	c277627	1
q277916	c277628	1
q277917	c277629	1
q277918	c277630	1
q277919	c277631	1
q277920	c277632	1
q277921	c277633	1
q277922	c277634	1
q277923	c277635	1
q277924	c277636	1
q277925	c277637	1
q277926	c277638	1
q277927	c277639	1
q277928	c277640	1
q277929	c277641	1
q277930	c277642	1
q277931	c277643	1
q277932	c277644	1
q277933	c277645	1
q277934	c277646	1
q277935	c277647	1
q277936	c277648	1
q277937	c277649	1
q277938	c277650	1
q277939	c277651	1
q277940	c277652	1
q277941	c277653	1
q277942	c277654	1
q277943	c277655	1
q277944	c277656	1
q277945	c277657	1
q277946	c277658	1
q277947	c277659	1
q277948	c277660	1
q277949	c277661	1
q277950	c277662	1
q277951	c277663	1
q277952	c277664	1
q277953	c277665	1
q277954	c277666	1
q277955	c277667	1
q277956	c277668	1
q277957	c277669	1
q277958	c277670	1
q277959	c277671	1
q277960	c277672	1
q277961	c277673	1
q277962	c277674	1
q277963	c277675	1
q277964	c277676	1
q277965	c277677	1
q277966	c277678	1
q277967	c277679	1
q277968	c277680	1
q277969	c277681	1
q277970	c277682	1
q277971	c277683	1
q277972	c277684	1
q277973	c277685	1
q277974	c277686	1
q277975	c277687	1
q277976	c277688	1
q277977	c277689	1
q277978	c277690	1
q277979	c277691	1
q277980	c277692	1
q277981	c277693	1
q277982	c277694	1
q277983	c277695	1
q277984	c277696	1
q277985	c277697	1
q277986	c277698	1
q277987	c277699	1
q277988	c277700	1
q277989	c277701	1
q277990	c277702	1
q277991	c277703	1
q277992	c277704	1
q277993	c277705	1
q277994	c277706	1
q277995	c277707	1
q277996	c277708	1
q277997	c277709	1
q277998	c277710	1
q277999	c277711	1
q278000	c277712	1
q278001	c277713	1
q278002	c277714	1
q278003	c277715	1
q278004	c277716	1
q278005	c277717	1
q278006	c277718	1
q278007	c277719	1
q278008	c277720	1
q278009	c277721	1
q278010	c277722	1
q278011	c277723	1
q278012	c277724	1
q278013	c277725	1
q278014	c277726	1
q278015	c277727	1
q278016	c277728	1
q278017	c277729	1
q278018	c277730	1
q278019	c277731	1
q278020	c277732	1
q278021	c277733	1
q278022	c277734	1
q278023	c277735	1
q278024	c277736	1
q278025	c277737	1
q278026	c277738	1
q278027	c277739	1
q278028	c277740	1
q278029	c277741	1
q278030	c277742	1
q278031	c277743	1
q278032	c277744	1
q278033	c262469	1
q278034	c277745	1
q278035	c277746	1
q278036	c262470	1
q278037	c262468	1
q278038	c277747	1
q278039	c277748	1
q278040	c277749	1
q278041	c277750	1
q278042	c277751	1
q278043	c277752	1
q278044	c277753	1
q278045	c277754	1
q278046	c277755	1
q278047	c277756	1
q278048	c277757	1
q278049	c277758	1
q278050	c277759	1
q278051	c277760	1
q278052	c277761	1
q278053	c277762	1
q278054	c277763	1
q278055	c277764	1
q278056	c277765	1
q278057	c277766	1
q278058	c277767	1
q278059	c277768	1
q278060	c277769	1
q278061	c277770	1
q278062	c277771	1
q278063	c277772	1
q278064	c277773	1
q278065	c277774	1
q278066	c277775	1
q278067	c277776	1
q278068	c277777	1
q278069	c277778	1
q278070	c277779	1
q278071	c277780	1
q278072	c277781	1
q278073	c277782	1
q278074	c277783	1
q278075	c277784	1
q278076	c277785	1
q278077	c277786	1
q278078	c277787	1
q278079	c277788	1
q278080	c277789	1
q278081	c277790	1
q278082	c277791	1
q278083	c277792	1
q278084	c277793	1
q278085	c277794	1
q278086	c277795	1
q278087	c277796	1
q278088	c277797	1
q278089	c277798	1
q278090	c277799	1
q278091	c277800	1
q278092	c277801	1
q278093	c277802	1
q278094	c277803	1
q278095	c277804	1
q278096	c277805	1
q278097	c277806	1
q278098	c277807	1
q278099	c277808	1
q278100	c277809	1
q278101	c277810	1
q278102	c277811	1
q278103	c277812	1
q278104	c277813	1
q278105	c277814	1
q278106	c277815	1
q278107	c277816	1
q278108	c277817	1
q278109	c277818	1
q278110	c277819	1
q278111	c277820	1
q278112	c277821	1
q278113	c277822	1
q278114	c277823	1
q278115	c277824	1
q278116	c277825	1
q278117	c277826	1
q278118	c277827	1
q278119	c277828	1
q278120	c277829	1
q278121	c277830	1
q278122	c277831	1
q278123	c277832	1
q278124	c277833	1
q278125	c277834	1
q278126	c277835	1
q278127	c277836	1
q278128	c277837	1
q278129	c277838	1
q278130	c277839	1
q278131	c277840	1
q278132	c277841	1
q278133	c277842	1
q278134	c277843	1
q278135	c277844	1
q278136	c277845	1
q278137	c277846	1
q278138	c277847	1
q278139	c277848	1
q278140	c277849	1
q278141	c277850	1
q278142	c277851	1
q278143	c277852	1
q278144	c277853	1
q278145	c277854	1
q278146	c277855	1
q278147	c277856	1
q278148	c277857	1
q278149	c277858	1
q278150	c277859	1
q278151	c277860	1
q278152	c277861	1
q278153	c277862	1
q278154	c277863	1
q278155	c277864	1
q278156	c277865	1
q278157	c277866	1
q278158	c277867	1
q278159	c277868	1
q278160	c277869	1
q278161	c277870	1
q278162	c277871	1
q278163	c277872	1
q278164	c277873	1
q278165	c277874	1
q278166	c277875	1
q278167	c277876	1
q278168	c277877	1
q278169	c277878	1
q278170	c277879	1
q278171	c277880	1
q278172	c277881	1
q278173	c277882	1
q278174	c277883	1
q278175	c277884	1
q278176	c277885	1
q278177	c277886	1
q278178	c277887	1
q278179	c277888	1
q278180	c277889	1
q278181	c277890	1
q278182	c277891	1
q278183	c277892	1
q278184	c277893	1
q278185	c277894	1
q278186	c277895	1
q278187	c277896	1
q278188	c277897	1
q278189	c277898	1
q278190	c277899	1
q278191	c277900	1
q278192	c277901	1
q278193	c277902	1
q278194	c277903	1
q278195	c277904	1
q278196	c277905	1
q278197	c277906	1
q278198	c277907	1
q278199	c277908	1
q278200	c277909	1
q278201	c277910	1
q278202	c277911	1
q278203	c277912	1
q278204	c277913	1
q278205	c277914	1
q278206	c277915	1
q278207	c277916	1
q278208	c277917	1
q278209	c277918	1
q278210	c277919	1
q278211	c277920	1
q278212	c277921	1
q278213	c277922	1
q278214	c277923	1
q278215	c277924	1
q278216	c277925	1
q278217	c277926	1
q278218	c277927	1
q278219	c277928	1
q278220	c277929	1
q278221	c277930	1
q278222	c277931	1
q278223	c277932	1
q278224	c277933	1
q278225	c277934	1
q278226	c277935	1
q278227	c277936	1
q278228	c277937	1
q278229	c277938	1
q278230	c277939	1
q278231	c277940	1
q278232	c277941	1
q278233	c277942	1
q278234	c277943	1
q278235	c277944	1
q278236	c277945	1
q278237	c277946	1
q278238	c277947	1
q278239	c277948	1
q278240	c277949	1
q278241	c277950	1
q278242	c277951	1
q278243	c277952	1
q278244	c277953	1
q278245	c277954	1
q278246	c277955	1
q278247	c277956	1
q278248	c277957	1
q278249	c277958	1
q278250	c277959	1
q278251	c277960	1
q278252	c277961	1
q278253	c277962	1
q278254	c277963	1
q278255	c277964	1
q278256	c277965	1
q278257	c277966	1
q278258	c277967	1
q278259	c277968	1
q278260	c277969	1
q278261	c277970	1
q278262	c277971	1
q278263	c277972	1
q278264	c277973	1
q278265	c277974	1
q278266	c277975	1
q278267	c277976	1
q278268	c277977	1
q278269	c277978	1
q278270	c277979	1
q278271	c277980	1
q278272	c277981	1
q278273	c277982	1
q278274	c277983	1
q278275	c277984	1
q278276	c277985	1
q278277	c277986	1
q278278	c277987	1
q278279	c277988	1
q278280	c277989	1
q278281	c277990	1
q278282	c277991	1
q278283	c277992	1
q278284	c277993	1
q278285	c277994	1
q278286	c277995	1
q278287	c277996	1
q278288	c277997	1
q278289	c277998	1
q278290	c277999	1
q278291	c278000	1
q278292	c278001	1
q278293	c278002	1
q278294	c278003	1
q278295	c278004	1
q278296	c278005	1
q278297	c278006	1
q278298	c278007	1
q278299	c278008	1
q278300	c278009	1
q278301	c278010	1
q278302	c278011	1
q278303	c278012	1
q278304	c278013	1
q278305	c278014	1
q278306	c278015	1
q278307	c278016	1
q278308	c278017	1
q278309	c278018	1
q278310	c278019	1
q278311	c278020	1
q278312	c278021	1
q278313	c278022	1
q278314	c278023	1
q278315	c278024	1
q278316	c278025	1
q278317	c278026	1
q278318	c278027	1
q278319	c278028	1
q278320	c278029	1
q278321	c278030	1
q278322	c278031	1
q278323	c278032	1
q278324	c278033	1
q278325	c278034	1
q278326	c278035	1
q278327	c278036	1
q278328	c278037	1
q278329	c278038	1
q278330	c278039	1
q278331	c278040	1
q278332	c278041	1
q278333	c278042	1
q278334	c278043	1
q278335	c278044	1
q278336	c278045	1
q278337	c278046	1
q278338	c278047	1
q278339	c278048	1
q278340	c278049	1
q278341	c278050	1
q278342	c278051	1
q278343	c278052	1
q278344	c278053	1
q278345	c278054	1
q278346	c278055	1
q278347	c278056	1
q278348	c278057	1
q278349	c278058	1
q278350	c278059	1
q278351	c278060	1
q278352	c278061	1
q278353	c278062	1
q278354	c278063	1
q278355	c278064	1
q278356	c278065	1
q278357	c278066	1
q278358	c278067	1
q278359	c278068	1
q278360	c278069	1
q278361	c278070	1
q278362	c278071	1
q278363	c278072	1
q278364	c278073	1
q278365	c278074	1
q278366	c278075	1
q278367	c278076	1
q278368	c278077	1
q278369	c278078	1
q278370	c278079	1
q278371	c278080	1
q278372	c278081	1
q278373	c278082	1
q278374	c278083	1
q278375	c278084	1
q278376	c278085	1
q278377	c278086	1
q278378	c278087	1
q278379	c278088	1
q278380	c278089	1
q278381	c278090	1
q278382	c278091	1
q278383	c278092	1
q278384	c278093	1
q278385	c278094	1
q278386	c278095	1
q278387	c278096	1
q278388	c278097	1
q278389	c278098	1
q278390	c278099	1
q278391	c278100	1
q278392	c278101	1
q278393	c278102	1
q278394	c278103	1
q278395	c278104	1
q278396	c278105	1
q278397	c278106	1
q278398	c278107	1
q278399	c278108	1
q278400	c278109	1
q278401	c278110	1
q278402	c278111	1
q278403	c278112	1
q278404	c278113	1
q278405	c278114	1
q278406	c278115	1
q278407	c278116	1
q278408	c278117	1
q278409	c278118	1
q278410	c278119	1
q278411	c278120	1
q278412	c278121	1
q278413	c278122	1
q278414	c278123	1
q278415	c278124	1
q278416	c278125	1
q278417	c278126	1
q278418	c278127	1
q278419	c278128	1
q278420	c278129	1
q278421	c278130	1
q278422	c278131	1
q278423	c278132	1
q278424	c278133	1
q278425	c278134	1
q278426	c278135	1
q278427	c278136	1
q278428	c278137	1
q278429	c278138	1
q278430	c278139	1
q278431	c278140	1
q278432	c278141	1
q278433	c278142	1
q278434	c278143	1
q278435	c278144	1
q278436	c278145	1
q278437	c278146	1
q278438	c278147	1
q278439	c278148	1
q278440	c278149	1
q278441	c278150	1
q278442	c278151	1
q278443	c278152	1
q278444	c278153	1
q278445	c278154	1
q278446	c278155	1
q278447	c278156	1
q278448	c278157	1
q278449	c278158	1
q278450	c278159	1
q278451	c278160	1
q278452	c278161	1
q278453	c278162	1
q278454	c278163	1
q278455	c278164	1
q278456	c278165	1
q278457	c278166	1
q278458	c278167	1
q278459	c278168	1
q278460	c278169	1
q278461	c278170	1
q278462	c278171	1
q278463	c278172	1
q278464	c278173	1
q278465	c278174	1
q278466	c278175	1
q278467	c278176	1
q278468	c278177	1
q278469	c278178	1
q278470	c278179	1
q278471	c278180	1
q278472	c278181	1
q278473	c278182	1
q278474	c278183	1
q278475	c278184	1
q278476	c278185	1
q278477	c278186	1
q278478	c278187	1
q278479	c278188	1
q278480	c278189	1
q278481	c278190	1
q278482	c278191	1
q278483	c278192	1
q278484	c278193	1
q278485	c278194	1
q278486	c278195	1
q278487	c278196	1
q278488	c278197	1
q278489	c278198	1
q278490	c278199	1
q278491	c278200	1
q278492	c278201	1
q278493	c278202	1
q278494	c278203	1
q278495	c278204	1
q278496	c278205	1
q278497	c278206	1
q278498	c278207	1
q278499	c278208	1
q278500	c278209	1
q278501	c278210	1
q278502	c278211	1
q278503	c278212	1
q278504	c278213	1
q278505	c278214	1
q278506	c278215	1
q278507	c278216	1
q278508	c278217	1
q278509	c278218	1
q278510	c278219	1
q278511	c278220	1
q278512	c278221	1
q278513	c278222	1
q278514	c278223	1
q278515	c278224	1
q278516	c278225	1
q278517	c278226	1
q278518	c278227	1
q278519	c278228	1
q278520	c278229	1
q278521	c278230	1
q278522	c278231	1
q278523	c278232	1
q278524	c278233	1
q278525	c278234	1
q278526	c278235	1
q278527	c278236	1
q278528	c278237	1
q278529	c278238	1
q278530	c278239	1
q278531	c278240	1
q278532	c278241	1
q278533	c278242	1
q278534	c278243	1
q278535	c278244	1
q278536	c278245	1
q278537	c278246	1
q278538	c278247	1
q278539	c278248	1
q278540	c278249	1
q278541	c278250	1
q278542	c278251	1
q278543	c278252	1
q278544	c278253	1
q278545	c278254	1
q278546	c278255	1
q278547	c278256	1
q278548	c278257	1
q278549	c278258	1
q278550	c278259	1
q278551	c278260	1
q278552	c278261	1
q278553	c278262	1
q278554	c278263	1
q278555	c278264	1
q278556	c278265	1
q278557	c278266	1
q278558	c278267	1
q278559	c278268	1
q278560	c278269	1
q278561	c278270	1
q278562	c278271	1
q278563	c278272	1
q278564	c278273	1
q278565	c278274	1
q278566	c278275	1
q278567	c278276	1
q278568	c278277	1
q278569	c278278	1
q278570	c278279	1
q278571	c278280	1
q278572	c278281	1
q278573	c278282	1
q278574	c278283	1
q278575	c278284	1
q278576	c278285	1
q278577	c278286	1
q278578	c278287	1
q278579	c278288	1
q278580	c278289	1
q278581	c278290	1
q278582	c278291	1
q278583	c278292	1
q278584	c278293	1
q278585	c278294	1
q278586	c278295	1
q278587	c264180	1
q278588	c278296	1
q278589	c278297	1
q278590	c278298	1
q278591	c278299	1
q278592	c278300	1
q278593	c278301	1
q278594	c278302	1
q278595	c278303	1
q278596	c278304	1
q278597	c278305	1
q278598	c278306	1
q278599	c278307	1
q278600	c278308	1
q278601	c278309	1
q278602	c278310	1
q278603	c278311	1
q278604	c278312	1
q278605	c278313	1
q278606	c278314	1
q278607	c278315	1
q278608	c278316	1
q278609	c278317	1
q278610	c278318	1
q278611	c278319	1
q278612	c278320	1
q278613	c278321	1
q278614	c278322	1
q278615	c278323	1
q278616	c278324	1
q278617	c278325	1
q278618	c278326	1
q278619	c278327	1
q278620	c278328	1
q278621	c278329	1
q278622	c278330	1
q278623	c278331	1
q278624	c278332	1
q278625	c206680	1
q278626	c278333	1
q278627	c278334	1
q278628	c278335	1
q278629	c278336	1
q278630	c278337	1
q278631	c278338	1
q278632	c278339	1
q278633	c278340	1
q278634	c278341	1
q278635	c278342	1
q278636	c278343	1
q278637	c278344	1
q278638	c278345	1
q278639	c278346	1
q278640	c278347	1
q278641	c278348	1
q278642	c278349	1
q278643	c278350	1
q278644	c278351	1
q278645	c278352	1
q278646	c278353	1
q278647	c278354	1
q278648	c278355	1
q278649	c278356	1
q278650	c278357	1
q278651	c278358	1
q278652	c278359	1
q278653	c278360	1
q278654	c278361	1
q278655	c278362	1
q278656	c278363	1
q278657	c278364	1
q278658	c278365	1
q278659	c278366	1
q278660	c278367	1
q278661	c278368	1
q278662	c278369	1
q278663	c278370	1
q278664	c278371	1
q278665	c278372	1
q278666	c278373	1
q278667	c278374	1
q278668	c278375	1
q278669	c278376	1
q278670	c278377	1
q278671	c278378	1
q278672	c278379	1
q278673	c278380	1
q278674	c278381	1
q278675	c278382	1
q278676	c278383	1
q278677	c278384	1
q278678	c278385	1
q278679	c278386	1
q278680	c278387	1
q278681	c278388	1
q278682	c278389	1
q278683	c278390	1
q278684	c278391	1
q278685	c278392	1
q278686	c278393	1
q278687	c278394	1
q278688	c278395	1
q278689	c278396	1
q278690	c278397	1
q278691	c278398	1
q278692	c278399	1
q278693	c278400	1
q278694	c278401	1
q278695	c278402	1
q278696	c278403	1
q278697	c200465	1
q278698	c278404	1
q278699	c278405	1
q278700	c278406	1
q278701	c278407	1
q278702	c278408	1
q278703	c278409	1
q278704	c278410	1
q278705	c278411	1
q278706	c278412	1
q278707	c278413	1
q278708	c278414	1
q278709	c278415	1
q278710	c278416	1
q278711	c278417	1
q278712	c278418	1
q278713	c278419	1
q278714	c278420	1
q278715	c278421	1
q278716	c278422	1
q278717	c278423	1
q278718	c278424	1
q278719	c278425	1
q278720	c278426	1
q278721	c278427	1
q278722	c278428	1
q278723	c278429	1
q278724	c278430	1
q278725	c278431	1
q278726	c278432	1
q278727	c278433	1
q278728	c278434	1
q278729	c278435	1
q278730	c278436	1
q278731	c278437	1
q278732	c278438	1
q278733	c278439	1
q278734	c278440	1
q278735	c278441	1
q278736	c278442	1
q278737	c278443	1
q278738	c278444	1
q278739	c278445	1
q278740	c278446	1
q278741	c278447	1
q278742	c278448	1
q278743	c278449	1
q278744	c278450	1
q278745	c278451	1
q278746	c278452	1
q278747	c278453	1
q278748	c278454	1
q278749	c278455	1
q278750	c278456	1
q278751	c278457	1
q278752	c278458	1
q278753	c278459	1
q278754	c278460	1
q278755	c278461	1
q278756	c278462	1
q278757	c278463	1
q278758	c278464	1
q278759	c278465	1
q278760	c278466	1
q278761	c278467	1
q278762	c278468	1
q278763	c278469	1
q278764	c278470	1
q278765	c278471	1
q278766	c278472	1
q278767	c278473	1
q278768	c278474	1
q278769	c278475	1
q278770	c278476	1
q278771	c278477	1
q278772	c278478	1
q278773	c278479	1
q278774	c278480	1
q278775	c278481	1
q278776	c278482	1
q278777	c278483	1
q278778	c278484	1
q278779	c278485	1
q278780	c278486	1
q278781	c278487	1
q278782	c278488	1
q278783	c278489	1
q278784	c278490	1
q278785	c278491	1
q278786	c278492	1
q278787	c278493	1
q278788	c278494	1
q278789	c278495	1
q278790	c278496	1
q278791	c278497	1
q278792	c278498	1
q278793	c278499	1
q278794	c278500	1
q278795	c278501	1
q278796	c278502	1
q278797	c278503	1
q278798	c278504	1
q278799	c278505	1
q278800	c278506	1
q278801	c278507	1
q278802	c278508	1
q278803	c278509	1
q278804	c278510	1
q278805	c278511	1
q278806	c278512	1
q278807	c278513	1
q278808	c278514	1
q278809	c278515	1
q278810	c278516	1
q278811	c278517	1
q278812	c278518	1
q278813	c278519	1
q278814	c278520	1
q278815	c278521	1
q278816	c278522	1
q278817	c278523	1
q278818	c278524	1
q278819	c278525	1
q278820	c278526	1
q278821	c278527	1
q278822	c202987	1
q278823	c278528	1
q278824	c278529	1
q278825	c278530	1
q278826	c278531	1
q278827	c278532	1
q278828	c278533	1
q278829	c278534	1
q278830	c278535	1
q278831	c278536	1
q278832	c278537	1
q278833	c278538	1
q278834	c278539	1
q278835	c278540	1
q278836	c278541	1
q278837	c278542	1
q278838	c278543	1
q278839	c278544	1
q278840	c278545	1
q278841	c278546	1
q278842	c278547	1
q278843	c278548	1
q278844	c278549	1
q278845	c278550	1
q278846	c278551	1
q278847	c278552	1
q278848	c278553	1
q278849	c278554	1
q278850	c278555	1
q278851	c278556	1
q278852	c278557	1
q278853	c278558	1
q278854	c278559	1
q278855	c278560	1
q278856	c278561	1
q278857	c278562	1
q278858	c278563	1
q278859	c278564	1
q278860	c278565	1
q278861	c278566	1
q278862	c278567	1
q278863	c278568	1
q278864	c278569	1
q278865	c213845	1
q278866	c278570	1
q278867	c278571	1
q278868	c181081	1
q278869	c278572	1
q278870	c278573	1
q278871	c278574	1
q278872	c278575	1
q278873	c278576	1
q278874	c278577	1
q278875	c278578	1
q278876	c278579	1
q278877	c278580	1
q278878	c278581	1
q278879	c278582	1
q278880	c278583	1
q278881	c278584	1
q278882	c278585	1
q278883	c278586	1
q278884	c278587	1
q278885	c278588	1
q278886	c278589	1
q278887	c278590	1
q278888	c278591	1
q278889	c278592	1
q278890	c278593	1
q278891	c278594	1
q278892	c278595	1
q278893	c278596	1
q278894	c278597	1
q278895	c278598	1
q278896	c278599	1
q278897	c278600	1
q278898	c278601	1
q278899	c278602	1
q278900	c278603	1
q278901	c278604	1
q278902	c278605	1
q278903	c278606	1
q278904	c278607	1
q278905	c278608	1
q278906	c278609	1
q278907	c278610	1
q278908	c278611	1
q278909	c278612	1
q278910	c278613	1
q278911	c278614	1
q278912	c278615	1
q278913	c278616	1
q278914	c278617	1
q278915	c278618	1
q278916	c278619	1
q278917	c278620	1
q278918	c278621	1
q278919	c278622	1
q278920	c278623	1
q278921	c278624	1
q278922	c278625	1
q278923	c278626	1
q278924	c278627	1
q278925	c278628	1
q278926	c278629	1
q278927	c278630	1
q278928	c278631	1
q278929	c278632	1
q278930	c278633	1
q278931	c278634	1
q278932	c278635	1
q278933	c278636	1
q278934	c278637	1
q278935	c278638	1
q278936	c278639	1
q278937	c278640	1
q278938	c278641	1
q278939	c278642	1
q278940	c278643	1
q278941	c278644	1
q278942	c278645	1
q278943	c278646	1
q278944	c278647	1
q278945	c278648	1
q278946	c278649	1
q278947	c278650	1
q278948	c278651	1
q278949	c278652	1
q278950	c278653	1
q278951	c278654	1
q278952	c278655	1
q278953	c278656	1
q278954	c278657	1
q278955	c278658	1
q278956	c278659	1
q278957	c278660	1
q278958	c278661	1
q278959	c278662	1
q278960	c278663	1
q278961	c278664	1
q278962	c278665	1
q278963	c278666	1
q278964	c278667	1
q278965	c278668	1
q278966	c278669	1
q278967	c278670	1
q278968	c278671	1
q278969	c278672	1
q278970	c278673	1
q278971	c278674	1
q278972	c278675	1
q278973	c278676	1
q278974	c278677	1
q278975	c278678	1
q278976	c278679	1
q278977	c278680	1
q278978	c278681	1
q278979	c278682	1
q278980	c278683	1
q278981	c278684	1
q278982	c278685	1
q278983	c278686	1
q278984	c278687	1
q278985	c278688	1
q278986	c278689	1
q278987	c278690	1
q278988	c278691	1
q278989	c278692	1
q278990	c278693	1
q278991	c278694	1
q278992	c278695	1
q278993	c278696	1
q278994	c278697	1
q278995	c278698	1
q278996	c278699	1
q278997	c278700	1
q278998	c278701	1
q278999	c278702	1
q279000	c278703	1
q279001	c278704	1
q279002	c278705	1
q279003	c278706	1
q279004	c278707	1
q279005	c278708	1
q279006	c278709	1
q279007	c278710	1
q279008	c278711	1
q279009	c278712	1
q279010	c278713	1
q279011	c278714	1
q279012	c278715	1
q279013	c278716	1
q279014	c278717	1
q279015	c278718	1
q279016	c278719	1
q279017	c278720	1
q279018	c278721	1
q279019	c278722	1
q279020	c52351	1
q279021	c278723	1
q279022	c278724	1
q279023	c278725	1
q279024	c278726	1
q279025	c278727	1
q279026	c278728	1
q279027	c278729	1
q279028	c278730	1
q279029	c278731	1
q279030	c278732	1
q279031	c278733	1
q279032	c278734	1
q279033	c278735	1
q279034	c278736	1
q279035	c278737	1
q279036	c278738	1
q279037	c278739	1
q279038	c278740	1
q279039	c278741	1
q279040	c278742	1
q279041	c278743	1
q279042	c278744	1
q279043	c278745	1
q279044	c278746	1
q279045	c278747	1
q279046	c278748	1
q279047	c278749	1
q279048	c278750	1
q279049	c278751	1
q279050	c278752	1
q279051	c278753	1
q279052	c278754	1
q279053	c278755	1
q279054	c278756	1
q279055	c278757	1
q279056	c278758	1
q279057	c278759	1
q279058	c278760	1
q279059	c278761	1
q279060	c278762	1
q279061	c278763	1
q279062	c278764	1
q279063	c278765	1
q279064	c278766	1
q279065	c278767	1
q279066	c278768	1
q279067	c278769	1
q279068	c278770	1
q279069	c278771	1
q279070	c278772	1
q279071	c278773	1
q279072	c278774	1
q279073	c278775	1
q279074	c278776	1
q279075	c278777	1
q279076	c278778	1
q279077	c278779	1
q279078	c278780	1
q279079	c278781	1
q279080	c278782	1
q279081	c278783	1
q279082	c278784	1
q279083	c278785	1
q279084	c278786	1
q279085	c278787	1
q279086	c278788	1
q279087	c278789	1
q279088	c278790	1
q279089	c278791	1
q279090	c278792	1
q279091	c278793	1
q279092	c278794	1
q279093	c278795	1
q279094	c278796	1
q279095	c278797	1
q279096	c278798	1
q279097	c278799	1
q279098	c278800	1
q279099	c278801	1
q279100	c278802	1
q279101	c278803	1
q279102	c278804	1
q279103	c278805	1
q279104	c278806	1
q279105	c278807	1
q279106	c278808	1
q279107	c278809	1
q279108	c278810	1
q279109	c278811	1
q279110	c278812	1
q279111	c278813	1
q279112	c278814	1
q279113	c278815	1
q279114	c278816	1
q279115	c278817	1
q279116	c278818	1
q279117	c278819	1
q279118	c278820	1
q279119	c278821	1
q279120	c278822	1
q279121	c278823	1
q279122	c278824	1
q279123	c278825	1
q279124	c278826	1
q279125	c278827	1
q279126	c278828	1
q279127	c278829	1
q279128	c278830	1
q279129	c194595	1
q279130	c278831	1
q279131	c278832	1
q279132	c278833	1
q279133	c278834	1
q279134	c278835	1
q279135	c278836	1
q279136	c278837	1
q279137	c278838	1
q279138	c278839	1
q279139	c278840	1
q279140	c278841	1
q279141	c278842	1
q279142	c278843	1
q279143	c278844	1
q279144	c278845	1
q279145	c278846	1
q279146	c278847	1
q279147	c278848	1
q279148	c278849	1
q279149	c278850	1
q279150	c278851	1
q279151	c278852	1
q279152	c278853	1
q279153	c278854	1
q279154	c278855	1
q279155	c278856	1
q279156	c278857	1
q279157	c278858	1
q279158	c278859	1
q279159	c278860	1
q279160	c278861	1
q279161	c278862	1
q279162	c278863	1
q279163	c278864	1
q279164	c278865	1
q279165	c278866	1
q279166	c278867	1
q279167	c278868	1
q279168	c278869	1
q279169	c278870	1
q279170	c278871	1
q279171	c278872	1
q279172	c278873	1
q279173	c278874	1
q279174	c278875	1
q279175	c278876	1
q279176	c278877	1
q279177	c278878	1
q279178	c278879	1
q279179	c278880	1
q279180	c278881	1
q279181	c278882	1
q279182	c278883	1
q279183	c278884	1
q279184	c278885	1
q279185	c278886	1
q279186	c278887	1
q279187	c278888	1
q279188	c278889	1
q279189	c278890	1
q279190	c278891	1
q279191	c278892	1
q279192	c278893	1
q279193	c278894	1
q279194	c278895	1
q279195	c278896	1
q279196	c278897	1
q279197	c278898	1
q279198	c278899	1
q279199	c278900	1
q279200	c278901	1
q279201	c278902	1
q279202	c278903	1
q279203	c278904	1
q279204	c278905	1
q279205	c278906	1
q279206	c278907	1
q279207	c278908	1
q279208	c278909	1
q279209	c278910	1
q279210	c278911	1
q279211	c278912	1
q279212	c278913	1
q279213	c278914	1
q279214	c278915	1
q279215	c278916	1
q279216	c278917	1
q279217	c278918	1
q279218	c278919	1
q279219	c278920	1
q279220	c278921	1
q279221	c278922	1
q279222	c278923	1
q279223	c278924	1
q279224	c278925	1
q279225	c278926	1
q279226	c278927	1
q279227	c278928	1
q279228	c278929	1
q279229	c278930	1
q279230	c278931	1
q279231	c278932	1
q279232	c278933	1
q279233	c278934	1
q279234	c278935	1
q279235	c278936	1
q279236	c278937	1
q279237	c278938	1
q279238	c278939	1
q279239	c278940	1
q279240	c278941	1
q279241	c278942	1
q279242	c278943	1
q279243	c278944	1
q279244	c278945	1
q279245	c278946	1
q279246	c278947	1
q279247	c278948	1
q279248	c278949	1
q279249	c278950	1
q279250	c278951	1
q279251	c278952	1
q279252	c278953	1
q279253	c278954	1
q279254	c278955	1
q279255	c278956	1
q279256	c278957	1
q279257	c278958	1
q279258	c278959	1
q279259	c278960	1
q279260	c278961	1
q279261	c278962	1
q279262	c278963	1
q279263	c278964	1
q279264	c278965	1
q279265	c278966	1
q279266	c133741	1
q279267	c278967	1
q279268	c278968	1
q279269	c139994	1
q279270	c139996	1
q279271	c278969	1
q279272	c278970	1
q279273	c278971	1
q279274	c278972	1
q279275	c278973	1
q279276	c278974	1
q279277	c278975	1
q279278	c278976	1
q279279	c278977	1
q279280	c278978	1
q279281	c278979	1
q279282	c278980	1
q279283	c278981	1
q279284	c278982	1
q279285	c278983	1
q279286	c278984	1
q279287	c278985	1
q279288	c278986	1
q279289	c278987	1
q279290	c278988	1
q279291	c278989	1
q279292	c278990	1
q279293	c278991	1
q279294	c278992	1
q279295	c278993	1
q279296	c278994	1
q279297	c278995	1
q279298	c278996	1
q279299	c278997	1
q279300	c278998	1
q279301	c278999	1
q279302	c279000	1
q279303	c279001	1
q279304	c279002	1
q279305	c279003	1
q279306	c279004	1
q279307	c279005	1
q279308	c279006	1
q279309	c157266	1
q279310	c279007	1
q279311	c133932	1
q279312	c86221	1
q279313	c279008	1
q279314	c279009	1
q279315	c279010	1
q279316	c279011	1
q279317	c279012	1
q279318	c279013	1
q279319	c279014	1
q279320	c279015	1
q279321	c279016	1
q279322	c279017	1
q279323	c279018	1
q279324	c279019	1
q279325	c279020	1
q279326	c279021	1
q279327	c279022	1
q279328	c279023	1
q279329	c279024	1
q279330	c279025	1
q279331	c279026	1
q279332	c279027	1
q279333	c279028	1
q279334	c279029	1
q279335	c279030	1
q279336	c279031	1
q279337	c279032	1
q279338	c279033	1
q279339	c279034	1
q279340	c279035	1
q279341	c279036	1
q279342	c279037	1
q279343	c279038	1
q279344	c279039	1
q279345	c279040	1
q279346	c279041	1
q279347	c172395	1
q279348	c279042	1
q279349	c279043	1
q279350	c279044	1
q279351	c279045	1
q279352	c279046	1
q279353	c279047	1
q279354	c279048	1
q279355	c279049	1
q279356	c279050	1
q279357	c279051	1
q279358	c279052	1
q279359	c94885	1
q279360	c279053	1
q279361	c279054	1
q279362	c279055	1
q279363	c279056	1
q279364	c279057	1
q279365	c279058	1
q279366	c279059	1
q279367	c279060	1
q279368	c279061	1
q279369	c279062	1
q279370	c43072	1
q279371	c279063	1
q279372	c279064	1
q279373	c279065	1
q279374	c279066	1
q279375	c279067	1
q279376	c279068	1
q279377	c279069	1
q279378	c279070	1
q279379	c279071	1
q279380	c279072	1
q279381	c279073	1
q279382	c279074	1
q279383	c279075	1
q279384	c279076	1
q279385	c279077	1
q279386	c279078	1
q279387	c279079	1
q279388	c279080	1
q279389	c279081	1
q279390	c279082	1
q279391	c279083	1
q279392	c279084	1
q279393	c279085	1
q279394	c279086	1
q279395	c279087	1
q279396	c279088	1
q279397	c279089	1
q279398	c279090	1
q279399	c279091	1
q279400	c279092	1
q279401	c279093	1
q279402	c279094	1
q279403	c279095	1
q279404	c279096	1
q279405	c279097	1
q279406	c279098	1
q279407	c279099	1
q279408	c279100	1
q279409	c279101	1
q279410	c279102	1
q279411	c279103	1
q279412	c279104	1
q279413	c279105	1
q279414	c279106	1
q279415	c279107	1
q279416	c279108	1
q279417	c279109	1
q279418	c279110	1
q279419	c279111	1
q279420	c279112	1
q279421	c279113	1
q279422	c279114	1
q279423	c279115	1
q279424	c279116	1
q279425	c279117	1
q279426	c279118	1
q279427	c279119	1
q279428	c279120	1
q279429	c279121	1
q279430	c279122	1
q279431	c279123	1
q279432	c161636	1
q279433	c279124	1
q279434	c279125	1
q279435	c279126	1
q279436	c279127	1
q279437	c279128	1
q279438	c279129	1
q279439	c279130	1
q279440	c279131	1
q279441	c279132	1
q279442	c279133	1
q279443	c279134	1
q279444	c279135	1
q279445	c279136	1
q279446	c279137	1
q279447	c279138	1
q279448	c279139	1
q279449	c133845	1
q279450	c279140	1
q279451	c279141	1
q279452	c279142	1
q279453	c279143	1
q279454	c279144	1
q279455	c279145	1
q279456	c279146	1
q279457	c279147	1
q279458	c279148	1
q279459	c279149	1
q279460	c279150	1
q279461	c279151	1
q279462	c279152	1
q279463	c279153	1
q279464	c279154	1
q279465	c279155	1
q279466	c279156	1
q279467	c279157	1
q279468	c279158	1
q279469	c279159	1
q279470	c279160	1
q279471	c279161	1
q279472	c279162	1
q279473	c279163	1
q279474	c279164	1
q279475	c279165	1
q279476	c279166	1
q279477	c279167	1
q279478	c279168	1
q279479	c279169	1
q279480	c279170	1
q279481	c279171	1
q279482	c279172	1
q279483	c279173	1
q279484	c279174	1
q279485	c279175	1
q279486	c279176	1
q279487	c279177	1
q279488	c279178	1
q279489	c279179	1
q279490	c279180	1
q279491	c279181	1
q279492	c279182	1
q279493	c279183	1
q279494	c279184	1
q279495	c279185	1
q279496	c279186	1
q279497	c279187	1
q279498	c279188	1
q279499	c279189	1
q279500	c279190	1
q279501	c279191	1
q279502	c279192	1
q279503	c279193	1
q279504	c279194	1
q279505	c279195	1
q279506	c279196	1
q279507	c279197	1
q279508	c279198	1
q279509	c279199	1
q279510	c279200	1
q279511	c279201	1
q279512	c279202	1
q279513	c279203	1
q279514	c279204	1
q279515	c279205	1
q279516	c279206	1
q279517	c279207	1
q279518	c86124	1
q279519	c279208	1
q279520	c279209	1
q279521	c279210	1
q279522	c279211	1
q279523	c43214	1
q279524	c279212	1
q279525	c279213	1
q279526	c279214	1
q279527	c279215	1
q279528	c279216	1
q279529	c191347	1
q279530	c279217	1
q279531	c279218	1
q279532	c279219	1
q279533	c279220	1
q279534	c279221	1
q279535	c279222	1
q279536	c279223	1
q279537	c279224	1
q279538	c279225	1
q279539	c279226	1
q279540	c279227	1
q279541	c279228	1
q279542	c279229	1
q279543	c279230	1
q279544	c279231	1
q279545	c279232	1
q279546	c279233	1
q279547	c279234	1
q279548	c279235	1
q279549	c279236	1
q279550	c279237	1
q279551	c279238	1
q279552	c279239	1
q279553	c279240	1
q279554	c279241	1
q279555	c279242	1
q279556	c279243	1
q279557	c279244	1
q279558	c279245	1
q279559	c279246	1
q279560	c279247	1
q279561	c279248	1
q279562	c279249	1
q279563	c279250	1
q279564	c279251	1
q279565	c279252	1
q279566	c279253	1
q279567	c279254	1
q279568	c279255	1
q279569	c279256	1
q279570	c279257	1
q279571	c279258	1
q279572	c279259	1
q279573	c279260	1
q279574	c279261	1
q279575	c279262	1
q279576	c279263	1
q279577	c279264	1
q279578	c279265	1
q279579	c279266	1
q279580	c279267	1
q279581	c279268	1
q279582	c279269	1
q279583	c279270	1
q279584	c279271	1
q279585	c279272	1
q279586	c279273	1
q279587	c279274	1
q279588	c279275	1
q279589	c279276	1
q279590	c279277	1
q279591	c279278	1
q279592	c279279	1
q279593	c279280	1
q279594	c279281	1
q279595	c279282	1
q279596	c279283	1
q279597	c279284	1
q279598	c279285	1
q279599	c279286	1
q279600	c279287	1
q279601	c279288	1
q279602	c279289	1
q279603	c279290	1
q279604	c279291	1
q279605	c279292	1
q279606	c279293	1
q279607	c279294	1
q279608	c279295	1
q279609	c279296	1
q279610	c279297	1
q279611	c279298	1
q279612	c279299	1
q279613	c279300	1
q279614	c279301	1
q279615	c279302	1
q279616	c279303	1
q279617	c279304	1
q279618	c279305	1
q279619	c279306	1
q279620	c279307	1
q279621	c279308	1
q279622	c279309	1
q279623	c279310	1
q279624	c12614	1
q279625	c12615	1
q279626	c279311	1
q279627	c279312	1
q279628	c279313	1
q279629	c279314	1
q279630	c279315	1
q279631	c279316	1
q279632	c279317	1
q279633	c279318	1
q279634	c279319	1
q279635	c279320	1
q279636	c279321	1
q279637	c279322	1
q279638	c279323	1
q279639	c279324	1
q279640	c279325	1
q279641	c279326	1
q279642	c279327	1
q279643	c279328	1
q279644	c279329	1
q279645	c279330	1
q279646	c279331	1
q279647	c279332	1
q279648	c279333	1
q279649	c279334	1
q279650	c279335	1
q279651	c279336	1
q279652	c279337	1
q279653	c279338	1
q279654	c279339	1
q279655	c279340	1
q279656	c279341	1
q279657	c279342	1
q279658	c279343	1
q279659	c279344	1
q279660	c279345	1
q279661	c279346	1
q279662	c279347	1
q279663	c279348	1
q279664	c279349	1
q279665	c279350	1
q279666	c279351	1
q279667	c279352	1
q279668	c279353	1
q279669	c279354	1
q279670	c279355	1
q279671	c279356	1
q279672	c279357	1
q279673	c279358	1
q279674	c279359	1
q279675	c279360	1
q279676	c279361	1
q279677	c279362	1
q279678	c279363	1
q279679	c279364	1
q279680	c279365	1
q279681	c279366	1
q279682	c279367	1
q279683	c279368	1
q279684	c279369	1
q279685	c279370	1
q279686	c279371	1
q279687	c279372	1
q279688	c279373	1
q279689	c279374	1
q279690	c279375	1
q279691	c279376	1
q279692	c279377	1
q279693	c279378	1
q279694	c279379	1
q279695	c279380	1
q279696	c279381	1
q279697	c279382	1
q279698	c279383	1
q279699	c279384	1
q279700	c279385	1
q279701	c279386	1
q279702	c279387	1
q279703	c279388	1
q279704	c279389	1
q279705	c279390	1
q279706	c279391	1
q279707	c279392	1
q279708	c279393	1
q279709	c279394	1
q279710	c279395	1
q279711	c279396	1
q279712	c279397	1
q279713	c279398	1
q279714	c279399	1
q279715	c279400	1
q279716	c279401	1
q279717	c279402	1
q279718	c279403	1
q279719	c279404	1
q279720	c279405	1
q279721	c279406	1
q279722	c279407	1
q279723	c279408	1
q279724	c279409	1
q279725	c279410	1
q279726	c279411	1
q279727	c279412	1
q279728	c279413	1
q279729	c279414	1
q279730	c279415	1
q279731	c279416	1
q279732	c279417	1
q279733	c279418	1
q279734	c279419	1
q279735	c279420	1
q279736	c279421	1
q279737	c279422	1
q279738	c279423	1
q279739	c279424	1
q279740	c279425	1
q279741	c279426	1
q279742	c279427	1
q279743	c279428	1
q279744	c279429	1
q279745	c279430	1
q279746	c279431	1
q279747	c279432	1
q279748	c279433	1
q279749	c279434	1
q279750	c279435	1
q279751	c279436	1
q279752	c279437	1
q279753	c279438	1
q279754	c279439	1
q279755	c279440	1
q279756	c279441	1
q279757	c279442	1
q279758	c279443	1
q279759	c279444	1
q279760	c279445	1
q279761	c279446	1
q279762	c279447	1
q279763	c279448	1
q279764	c279449	1
q279765	c279450	1
q279766	c279451	1
q279767	c279452	1
q279768	c279453	1
q279769	c279454	1
q279770	c279455	1
q279771	c279456	1
q279772	c279457	1
q279773	c279458	1
q279774	c279459	1
q279775	c279460	1
q279776	c279461	1
q279777	c279462	1
q279778	c279463	1
q279779	c279464	1
q279780	c279465	1
q279781	c279466	1
q279782	c279467	1
q279783	c279468	1
q279784	c279469	1
q279785	c279470	1
q279786	c279471	1
q279787	c279472	1
q279788	c279473	1
q279789	c279474	1
q279790	c279475	1
q279791	c279476	1
q279792	c279477	1
q279793	c279478	1
q279794	c279479	1
q279795	c279480	1
q279796	c279481	1
q279797	c279482	1
q279798	c279483	1
q279799	c279484	1
q279800	c279485	1
q279801	c279486	1
q279802	c279487	1
q279803	c279488	1
q279804	c279489	1
q279805	c279490	1
q279806	c279491	1
q279807	c279492	1
q279808	c279493	1
q279809	c279494	1
q279810	c279495	1
q279811	c279496	1
q279812	c279497	1
q279813	c279498	1
q279814	c279499	1
q279815	c279500	1
q279816	c279501	1
q279817	c279502	1
q279818	c279503	1
q279819	c279504	1
q279820	c279505	1
q279821	c279506	1
q279822	c279507	1
q279823	c279508	1
q279824	c279509	1
q279825	c279510	1
q279826	c279511	1
q279827	c279512	1
q279828	c279513	1
q279829	c279514	1
q279830	c279515	1
q279831	c279516	1
q279832	c279517	1
q279833	c279518	1
q279834	c279519	1
q279835	c279520	1
q279836	c279521	1
q279837	c279522	1
q279838	c279523	1
q279839	c279524	1
q279840	c279525	1
q279841	c279526	1
q279842	c279527	1
q279843	c279528	1
q279844	c279529	1
q279845	c279530	1
q279846	c279531	1
q279847	c279532	1
q279848	c279533	1
q279849	c279534	1
q279850	c279535	1
q279851	c279536	1
q279852	c279537	1
q279853	c279538	1
q279854	c279539	1
q279855	c279540	1
q279856	c279541	1
q279857	c279542	1
q279858	c279543	1
q279859	c279544	1
q279860	c279545	1
q279861	c279546	1
q279862	c279547	1
q279863	c279548	1
q279864	c279549	1
q279865	c279550	1
q279866	c279551	1
q279867	c279552	1
q279868	c279553	1
q279869	c279554	1
q279870	c279555	1
q279871	c279556	1
q279872	c279557	1
q279873	c279558	1
q279874	c279559	1
q279875	c279560	1
q279876	c279561	1
q279877	c279562	1
q279878	c279563	1
q279879	c279564	1
q279880	c279565	1
q279881	c279566	1
q279882	c279567	1
q279883	c279568	1
q279884	c279569	1
q279885	c279570	1
q279886	c279571	1
q279887	c279572	1
q279888	c279573	1
q279889	c279574	1
q279890	c279575	1
q279891	c279576	1
q279892	c279577	1
q279893	c279578	1
q279894	c279579	1
q279895	c279580	1
q279896	c279581	1
q279897	c279582	1
q279898	c279583	1
q279899	c279584	1
q279900	c279585	1
q279901	c279586	1
q279902	c279587	1
q279903	c279588	1
q279904	c279589	1
q279905	c279590	1
q279906	c279591	1
q279907	c279592	1
q279908	c279593	1
q279909	c279594	1
q279910	c279595	1
q279911	c279596	1
q279912	c279597	1
q279913	c279598	1
q279914	c279599	1
q279915	c279600	1
q279916	c279601	1
q279917	c279602	1
q279918	c279603	1
q279919	c279604	1
q279920	c279605	1
q279921	c279606	1
q279922	c86266	1
q279923	c279607	1
q279924	c279608	1
q279925	c279609	1
q279926	c279610	1
q279927	c279611	1
q279928	c279612	1
q279929	c279613	1
q279930	c279614	1
q279931	c279615	1
q279932	c279616	1
q279933	c279617	1
q279934	c279618	1
q279935	c279619	1
q279936	c279620	1
q279937	c279621	1
q279938	c279622	1
q279939	c279623	1
q279940	c279624	1
q279941	c279625	1
q279942	c279626	1
q279943	c279627	1
q279944	c279628	1
q279945	c279629	1
q279946	c279630	1
q279947	c279631	1
q279948	c279632	1
q279949	c279633	1
q279950	c92402	1
q279951	c279634	1
q279952	c279635	1
q279953	c279636	1
q279954	c279637	1
q279955	c279638	1
q279956	c279639	1
q279957	c279640	1
q279958	c279641	1
q279959	c279642	1
q279960	c279643	1
q279961	c279644	1
q279962	c279645	1
q279963	c279646	1
q279964	c279647	1
q279965	c279648	1
q279966	c279649	1
q279967	c279650	1
q279968	c279651	1
q279969	c279652	1
q279970	c279653	1
q279971	c279654	1
q279972	c279655	1
q279973	c279656	1
q279974	c279657	1
q279975	c279658	1
q279976	c279659	1
q279977	c279660	1
q279978	c279661	1
q279979	c279662	1
q279980	c279663	1
q279981	c279664	1
q279982	c279665	1
q279983	c279666	1
q279984	c279667	1
q279985	c279668	1
q279986	c279669	1
q279987	c279670	1
q279988	c279671	1
q279989	c279672	1
q279990	c279673	1
q279991	c279674	1
q279992	c279675	1
q279993	c279676	1
q279994	c279677	1
q279995	c279678	1
q279996	c279679	1
q279997	c279680	1
q279998	c209407	1
q279999	c279681	1
q280000	c86245	1
q280001	c25096	1
q280002	c279682	1
q280003	c279683	1
q280004	c279684	1
q280005	c279685	1
q280006	c2666	1
q280007	c279686	1
q280008	c279687	1
q280009	c279688	1
q280010	c279689	1
q280011	c279690	1
q280012	c279691	1
q280013	c279692	1
q280014	c279693	1
q280015	c279694	1
q280016	c279695	1
q280017	c279696	1
q280018	c279697	1
q280019	c279698	1
q280020	c279699	1
q280021	c279700	1
q280022	c279701	1
q280023	c279702	1
q280024	c279703	1
q280025	c279704	1
q280026	c279705	1
q280027	c279706	1
q280028	c279707	1
q280029	c279708	1
q280030	c279709	1
q280031	c279710	1
q280032	c279711	1
q280033	c279712	1
q280034	c279713	1
q280035	c279714	1
q280036	c279715	1
q280037	c279716	1
q280038	c279717	1
q280039	c279718	1
q280040	c279719	1
q280041	c279720	1
q280042	c279721	1
q280043	c279722	1
q280044	c279723	1
q280045	c279724	1
q280046	c279725	1
q280047	c279726	1
q280048	c279727	1
q280049	c279728	1
q280050	c279729	1
q280051	c279730	1
q280052	c279731	1
q280053	c279732	1
q280054	c279733	1
q280055	c279734	1
q280056	c279735	1
q280057	c279736	1
q280058	c279737	1
q280059	c279738	1
q280060	c279739	1
q280061	c279740	1
q280062	c279741	1
q280063	c279742	1
q280064	c279743	1
q280065	c279744	1
q280066	c279745	1
q280067	c279746	1
q280068	c279747	1
q280069	c279748	1
q280070	c279749	1
q280071	c279750	1
q280072	c279751	1
q280073	c279752	1
q280074	c279753	1
q280075	c279754	1
q280076	c279755	1
q280077	c279756	1
q280078	c279757	1
q280079	c279758	1
q280080	c279759	1
q280081	c279760	1
q280082	c279761	1
q280083	c279762	1
q280084	c279763	1
q280085	c279764	1
q280086	c279765	1
q280087	c279766	1
q280088	c279767	1
q280089	c279768	1
q280090	c279769	1
q280091	c279770	1
q280092	c279771	1
q280093	c279772	1
q280094	c279773	1
q280095	c279774	1
q280096	c279775	1
q280097	c279776	1
q280098	c279777	1
q280099	c279778	1
q280100	c279779	1
q280101	c279780	1
q280102	c279781	1
q280103	c279782	1
q280104	c279783	1
q280105	c279784	1
q280106	c279785	1
q280107	c279786	1
q280108	c279787	1
q280109	c279788	1
q280110	c279789	1
q280111	c279790	1
q280112	c279791	1
q280113	c279792	1
q280114	c279793	1
q280115	c279794	1
q280116	c279795	1
q280117	c279796	1
q280118	c279797	1
q280119	c279798	1
q280120	c279799	1
q280121	c279800	1
q280122	c279801	1
q280123	c279802	1
q280124	c279803	1
q280125	c279804	1
q280126	c279805	1
q280127	c279806	1
q280128	c279807	1
q280129	c279808	1
q280130	c279809	1
q280131	c279810	1
q280132	c279811	1
q280133	c279812	1
q280134	c279813	1
q280135	c279814	1
q280136	c279815	1
q280137	c279816	1
q280138	c279817	1
q280139	c279818	1
q280140	c279819	1
q280141	c279820	1
q280142	c279821	1
q280143	c279822	1
q280144	c279823	1
q280145	c279824	1
q280146	c279825	1
q280147	c279826	1
q280148	c279827	1
q280149	c279828	1
q280150	c279829	1
q280151	c279830	1
q280152	c279831	1
q280153	c279832	1
q280154	c279833	1
q280155	c279834	1
q280156	c279835	1
q280157	c279836	1
q280158	c279837	1
q280159	c279838	1
q280160	c279839	1
q280161	c279840	1
q280162	c279841	1
q280163	c279842	1
q280164	c279843	1
q280165	c279844	1
q280166	c279845	1
q280167	c279846	1
q280168	c279847	1
q280169	c279848	1
q280170	c279849	1
q280171	c279850	1
q280172	c279851	1
q280173	c279852	1
q280174	c279853	1
q280175	c279854	1
q280176	c139991	1
q280177	c139993	1
q280178	c279855	1
q280179	c279856	1
q280180	c279857	1
q280181	c139997	1
q280182	c279858	1
q280183	c279859	1
q280184	c279860	1
q280185	c279861	1
q280186	c279862	1
q280187	c279863	1
q280188	c279864	1
q280189	c279865	1
q280190	c279866	1
q280191	c279867	1
q280192	c279868	1
q280193	c279869	1
q280194	c279870	1
q280195	c279871	1
q280196	c279872	1
q280197	c279873	1
q280198	c279874	1
q280199	c279875	1
q280200	c279876	1
q280201	c279877	1
q280202	c279878	1
q280203	c279879	1
q280204	c279880	1
q280205	c279881	1
q280206	c279882	1
q280207	c279883	1
q280208	c279884	1
q280209	c279885	1
q280210	c279886	1
q280211	c279887	1
q280212	c279888	1
q280213	c279889	1
q280214	c279890	1
q280215	c279891	1
q280216	c279892	1
q280217	c279893	1
q280218	c279894	1
q280219	c279895	1
q280220	c279896	1
q280221	c279897	1
q280222	c279898	1
q280223	c279899	1
q280224	c279900	1
q280225	c279901	1
q280226	c279902	1
q280227	c279903	1
q280228	c279904	1
q280229	c279905	1
q280230	c279906	1
q280231	c279907	1
q280232	c279908	1
q280233	c279909	1
q280234	c279910	1
q280235	c279911	1
q280236	c279912	1
q280237	c279913	1
q280238	c279914	1
q280239	c279915	1
q280240	c279916	1
q280241	c279917	1
q280242	c279918	1
q280243	c279919	1
q280244	c279920	1
q280245	c279921	1
q280246	c279922	1
q280247	c279923	1
q280248	c279924	1
q280249	c279925	1
q280250	c279926	1
q280251	c279927	1
q280252	c279928	1
q280253	c279929	1
q280254	c279930	1
q280255	c279931	1
q280256	c252875	1
q280257	c279932	1
q280258	c279933	1
q280259	c279934	1
q280260	c279935	1
q280261	c279936	1
q280262	c279937	1
q280263	c279938	1
q280264	c279939	1
q280265	c279940	1
q280266	c279941	1
q280267	c279942	1
q280268	c279943	1
q280269	c279944	1
q280270	c279945	1
q280271	c279946	1
q280272	c279947	1
q280273	c279948	1
q280274	c279949	1
q280275	c279950	1
q280276	c134141	1
q280277	c279951	1
q280278	c279952	1
q280279	c279953	1
q280280	c279954	1
q280281	c279955	1
q280282	c279956	1
q280283	c279957	1
q280284	c279958	1
q280285	c279959	1
q280286	c279960	1
q280287	c279961	1
q280288	c279962	1
q280289	c279963	1
q280290	c279964	1
q280291	c279965	1
q280292	c279966	1
q280293	c279967	1
q280294	c279968	1
q280295	c279969	1
q280296	c279970	1
q280297	c214242	1
q280298	c279971	1
q280299	c279972	1
q280300	c279973	1
q280301	c279974	1
q280302	c279975	1
q280303	c279976	1
q280304	c279977	1
q280305	c279978	1
q280306	c279979	1
q280307	c279980	1
q280308	c178936	1
q280309	c178937	1
q280310	c178940	1
q280311	c279981	1
q280312	c279982	1
q280313	c279983	1
q280314	c279984	1
q280315	c279985	1
q280316	c279986	1
q280317	c279987	1
q280318	c279988	1
q280319	c279989	1
q280320	c279990	1
q280321	c279991	1
q280322	c279992	1
q280323	c279993	1
q280324	c279994	1
q280325	c279995	1
q280326	c279996	1
q280327	c279997	1
q280328	c279998	1
q280329	c279999	1
q280330	c280000	1
q280331	c280001	1
q280332	c280002	1
q280333	c280003	1
q280334	c280004	1
q280335	c280005	1
q280336	c280006	1
q280337	c280007	1
q280338	c280008	1
q280339	c280009	1
q280340	c280010	1
q280341	c280011	1
q280342	c280012	1
q280343	c280013	1
q280344	c280014	1
q280345	c280015	1
q280346	c280016	1
q280347	c280017	1
q280348	c280018	1
q280349	c280019	1
q280350	c280020	1
q280351	c280021	1
q280352	c280022	1
q280353	c280023	1
q280354	c280024	1
q280355	c280025	1
q280356	c280026	1
q280357	c280027	1
q280358	c280028	1
q280359	c280029	1
q280360	c280030	1
q280361	c280031	1
q280362	c280032	1
q280363	c280033	1
q280364	c280034	1
q280365	c280035	1
q280366	c280036	1
q280367	c111773	1
q280368	c280037	1
q280369	c111774	1
q280370	c111780	1
q280371	c280038	1
q280372	c280039	1
q280373	c280040	1
q280374	c280041	1
q280375	c280042	1
q280376	c280043	1
q280377	c280044	1
q280378	c280045	1
q280379	c280046	1
q280380	c280047	1
q280381	c280048	1
q280382	c280049	1
q280383	c280050	1
q280384	c280051	1
q280385	c280052	1
q280386	c280053	1
q280387	c280054	1
q280388	c280055	1
q280389	c280056	1
q280390	c280057	1
q280391	c280058	1
q280392	c280059	1
q280393	c280060	1
q280394	c280061	1
q280395	c280062	1
q280396	c280063	1
q280397	c280064	1
q280398	c280065	1
q280399	c280066	1
q280400	c280067	1
q280401	c280068	1
q280402	c280069	1
q280403	c280070	1
q280404	c280071	1
q280405	c280072	1
q280406	c280073	1
q280407	c280074	1
q280408	c280075	1
q280409	c280076	1
q280410	c280077	1
q280411	c280078	1
q280412	c280079	1
q280413	c280080	1
q280414	c280081	1
q280415	c280082	1
q280416	c280083	1
q280417	c280084	1
q280418	c280085	1
q280419	c280086	1
q280420	c280087	1
q280421	c280088	1
q280422	c280089	1
q280423	c280090	1
q280424	c280091	1
q280425	c280092	1
q280426	c280093	1
q280427	c280094	1
q280428	c280095	1
q280429	c280096	1
q280430	c280097	1
q280431	c280098	1
q280432	c280099	1
q280433	c280100	1
q280434	c280101	1
q280435	c280102	1
q280436	c280103	1
q280437	c280104	1
q280438	c280105	1
q280439	c280106	1
q280440	c280107	1
q280441	c280108	1
q280442	c209175	1
q280443	c209176	1
q280444	c209177	1
q280445	c280109	1
q280446	c280110	1
q280447	c280111	1
q280448	c280112	1
q280449	c280113	1
q280450	c280114	1
q280451	c280115	1
q280452	c280116	1
q280453	c280117	1
q280454	c280118	1
q280455	c280119	1
q280456	c280120	1
q280457	c280121	1
q280458	c280122	1
q280459	c280123	1
q280460	c280124	1
q280461	c280125	1
q280462	c280126	1
q280463	c280127	1
q280464	c280128	1
q280465	c280129	1
q280466	c280130	1
q280467	c280131	1
q280468	c280132	1
q280469	c280133	1
q280470	c280134	1
q280471	c280135	1
q280472	c280136	1
q280473	c280137	1
q280474	c280138	1
q280475	c280139	1
q280476	c280140	1
q280477	c280141	1
q280478	c280142	1
q280479	c280143	1
q280480	c280144	1
q280481	c280145	1
q280482	c280146	1
q280483	c280147	1
q280484	c280148	1
q280485	c280149	1
q280486	c280150	1
q280487	c280151	1
q280488	c280152	1
q280489	c280153	1
q280490	c280154	1
q280491	c280155	1
q280492	c280156	1
q280493	c116802	1
q280494	c280157	1
q280495	c280158	1
q280496	c280159	1
q280497	c280160	1
q280498	c280161	1
q280499	c280162	1
q280500	c280163	1
q280501	c280164	1
q280502	c280165	1
q280503	c280166	1
q280504	c280167	1
q280505	c280168	1
q280506	c280169	1
q280507	c280170	1
q280508	c280171	1
q280509	c280172	1
q280510	c280173	1
q280511	c280174	1
q280512	c280175	1
q280513	c280176	1
q280514	c280177	1
q280515	c280178	1
q280516	c280179	1
q280517	c280180	1
q280518	c280181	1
q280519	c280182	1
q280520	c280183	1
q280521	c280184	1
q280522	c280185	1
q280523	c280186	1
q280524	c280187	1
q280525	c280188	1
q280526	c280189	1
q280527	c280190	1
q280528	c280191	1
q280529	c280192	1
q280530	c280193	1
q280531	c280194	1
q280532	c280195	1
q280533	c280196	1
q280534	c280197	1
q280535	c280198	1
q280536	c280199	1
q280537	c280200	1
q280538	c280201	1
q280539	c280202	1
q280540	c280203	1
q280541	c280204	1
q280542	c280205	1
q280543	c280206	1
q280544	c280207	1
q280545	c280208	1
q280546	c280209	1
q280547	c280210	1
q280548	c280211	1
q280549	c280212	1
q280550	c280213	1
q280551	c280214	1
q280552	c280215	1
q280553	c280216	1
q280554	c280217	1
q280555	c280218	1
q280556	c280219	1
q280557	c280220	1
q280558	c280221	1
q280559	c280222	1
q280560	c280223	1
q280561	c280224	1
q280562	c280225	1
q280563	c280226	1
q280564	c280227	1
q280565	c280228	1
q280566	c280229	1
q280567	c280230	1
q280568	c280231	1
q280569	c280232	1
q280570	c280233	1
q280571	c280234	1
q280572	c280235	1
q280573	c280236	1
q280574	c280237	1
q280575	c280238	1
q280576	c280239	1
q280577	c280240	1
q280578	c280241	1
q280579	c280242	1
q280580	c280243	1
q280581	c280244	1
q280582	c280245	1
q280583	c280246	1
q280584	c280247	1
q280585	c280248	1
q280586	c193318	1
q280587	c193319	1
q280588	c193320	1
q280589	c196235	1
q280590	c280249	1
q280591	c196236	1
q280592	c280250	1
q280593	c280251	1
q280594	c280252	1
q280595	c280253	1
q280596	c280254	1
q280597	c280255	1
q280598	c280256	1
q280599	c280257	1
q280600	c280258	1
q280601	c280259	1
q280602	c280260	1
q280603	c280261	1
q280604	c280262	1
q280605	c280263	1
q280606	c280264	1
q280607	c280265	1
q280608	c280266	1
q280609	c280267	1
q280610	c280268	1
q280611	c280269	1
q280612	c280270	1
q280613	c280271	1
q280614	c280272	1
q280615	c280273	1
q280616	c280274	1
q280617	c280275	1
q280618	c280276	1
q280619	c280277	1
q280620	c280278	1
q280621	c280279	1
q280622	c280280	1
q280623	c280281	1
q280624	c280282	1
q280625	c280283	1
q280626	c280284	1
q280627	c280285	1
q280628	c280286	1
q280629	c280287	1
q280630	c280288	1
q280631	c280289	1
q280632	c280290	1
q280633	c280291	1
q280634	c280292	1
q280635	c280293	1
q280636	c280294	1
q280637	c280295	1
q280638	c280296	1
q280639	c280297	1
q280640	c280298	1
q280641	c280299	1
q280642	c280300	1
q280643	c280301	1
q280644	c280302	1
q280645	c280303	1
q280646	c280304	1
q280647	c280305	1
q280648	c280306	1
q280649	c280307	1
q280650	c280308	1
q280651	c280309	1
