query_id	corpus_id	score
q53107	c53107	1
q53108	c53108	1
q53109	c53109	1
q53110	c53110	1
q53111	c53111	1
q53112	c53112	1
q53113	c53113	1
q53114	c53114	1
q53115	c53115	1
q53116	c53116	1
q53117	c53117	1
q53118	c53118	1
q53119	c53119	1
q53120	c53120	1
q53121	c53121	1
q53122	c53122	1
q53123	c53123	1
q53124	c53124	1
q53125	c53125	1
q53126	c53126	1
q53127	c53127	1
q53128	c53128	1
q53129	c53129	1
q53130	c53130	1
q53131	c53131	1
q53132	c53132	1
q53133	c53133	1
q53134	c53134	1
q53135	c53135	1
q53136	c53136	1
q53137	c53137	1
q53138	c53138	1
q53139	c53139	1
q53140	c53140	1
q53141	c53141	1
q53142	c53142	1
q53143	c53143	1
q53144	c53144	1
q53145	c53145	1
q53146	c53146	1
q53147	c53147	1
q53148	c53148	1
q53149	c53149	1
q53150	c53150	1
q53151	c53151	1
q53152	c53152	1
q53153	c53153	1
q53154	c53154	1
q53155	c53155	1
q53156	c53156	1
q53157	c53157	1
q53158	c53158	1
q53159	c53159	1
q53160	c53160	1
q53161	c53161	1
q53162	c53162	1
q53163	c53163	1
q53164	c53164	1
q53165	c53165	1
q53166	c53166	1
q53167	c53167	1
q53168	c53168	1
q53169	c53169	1
q53170	c53170	1
q53171	c53171	1
q53172	c53172	1
q53173	c53173	1
q53174	c53174	1
q53175	c53175	1
q53176	c53176	1
q53177	c53177	1
q53178	c53178	1
q53179	c53179	1
q53180	c53180	1
q53181	c53181	1
q53182	c53182	1
q53183	c53183	1
q53184	c53184	1
q53185	c53185	1
q53186	c53186	1
q53187	c53187	1
q53188	c53188	1
q53189	c53189	1
q53190	c53190	1
q53191	c53191	1
q53192	c53192	1
q53193	c53193	1
q53194	c53194	1
q53195	c53195	1
q53196	c53196	1
q53197	c53197	1
q53198	c53198	1
q53199	c53199	1
q53200	c53200	1
q53201	c53201	1
q53202	c53202	1
q53203	c53203	1
q53204	c53204	1
q53205	c53205	1
q53206	c53206	1
q53207	c53207	1
q53208	c53208	1
q53209	c53209	1
q53210	c53210	1
q53211	c53211	1
q53212	c53212	1
q53213	c53213	1
q53214	c53214	1
q53215	c53215	1
q53216	c53216	1
q53217	c53217	1
q53218	c53218	1
q53219	c53219	1
q53220	c53220	1
q53221	c53221	1
q53222	c53222	1
q53223	c53223	1
q53224	c53224	1
q53225	c53225	1
q53226	c53226	1
q53227	c53227	1
q53228	c53228	1
q53229	c53229	1
q53230	c53230	1
q53231	c53231	1
q53232	c53232	1
q53233	c53233	1
q53234	c53234	1
q53235	c53235	1
q53236	c53236	1
q53237	c53237	1
q53238	c53238	1
q53239	c53239	1
q53240	c53240	1
q53241	c53241	1
q53242	c53242	1
q53243	c53243	1
q53244	c53244	1
q53245	c53245	1
q53246	c53246	1
q53247	c53247	1
q53248	c53248	1
q53249	c53249	1
q53250	c53250	1
q53251	c53251	1
q53252	c53252	1
q53253	c53253	1
q53254	c53254	1
q53255	c53255	1
q53256	c53256	1
q53257	c53257	1
q53258	c53258	1
q53259	c53259	1
q53260	c53260	1
q53261	c53261	1
q53262	c53262	1
q53263	c53263	1
q53264	c53264	1
q53265	c53265	1
q53266	c53266	1
q53267	c53267	1
q53268	c53268	1
q53269	c53269	1
q53270	c53270	1
q53271	c53271	1
q53272	c53272	1
q53273	c53273	1
q53274	c53274	1
q53275	c53275	1
q53276	c53276	1
q53277	c53277	1
q53278	c53278	1
q53279	c53279	1
q53280	c53280	1
q53281	c53281	1
q53282	c53282	1
q53283	c53283	1
q53284	c53284	1
q53285	c53285	1
q53286	c53286	1
q53287	c53287	1
q53288	c53288	1
q53289	c53289	1
q53290	c53290	1
q53291	c53291	1
q53292	c53292	1
q53293	c53293	1
q53294	c53294	1
q53295	c53295	1
q53296	c53296	1
q53297	c53297	1
q53298	c53298	1
q53299	c53299	1
q53300	c53300	1
q53301	c53301	1
q53302	c53302	1
q53303	c53303	1
q53304	c53304	1
q53305	c53305	1
q53306	c53306	1
q53307	c53307	1
q53308	c53308	1
q53309	c53309	1
q53310	c53310	1
q53311	c53311	1
q53312	c53312	1
q53313	c53313	1
q53314	c53314	1
q53315	c53315	1
q53316	c53316	1
q53317	c53317	1
q53318	c53318	1
q53319	c53319	1
q53320	c53320	1
q53321	c53321	1
q53322	c53322	1
q53323	c53323	1
q53324	c53324	1
q53325	c53325	1
q53326	c53326	1
q53327	c53327	1
q53328	c53328	1
q53329	c53329	1
q53330	c53330	1
q53331	c53331	1
q53332	c53332	1
q53333	c53333	1
q53334	c53334	1
q53335	c53335	1
q53336	c53336	1
q53337	c53337	1
q53338	c53338	1
q53339	c53339	1
q53340	c53340	1
q53341	c53341	1
q53342	c53342	1
q53343	c53343	1
q53344	c53344	1
q53345	c53345	1
q53346	c53346	1
q53347	c53347	1
q53348	c53348	1
q53349	c53349	1
q53350	c53350	1
q53351	c53351	1
q53352	c53352	1
q53353	c53353	1
q53354	c53354	1
q53355	c53355	1
q53356	c53356	1
q53357	c53357	1
q53358	c53358	1
q53359	c53359	1
q53360	c53360	1
q53361	c53361	1
q53362	c53362	1
q53363	c53363	1
q53364	c53364	1
q53365	c53365	1
q53366	c53366	1
q53367	c53367	1
q53368	c53368	1
q53369	c53369	1
q53370	c53370	1
q53371	c53371	1
q53372	c53372	1
q53373	c53373	1
q53374	c53374	1
q53375	c53375	1
q53376	c53376	1
q53377	c53377	1
q53378	c53378	1
q53379	c53379	1
q53380	c53380	1
q53381	c53381	1
q53382	c53382	1
q53383	c53383	1
q53384	c53384	1
q53385	c53385	1
q53386	c53386	1
q53387	c53387	1
q53388	c53388	1
q53389	c53389	1
q53390	c53390	1
q53391	c53391	1
q53392	c53392	1
q53393	c53393	1
q53394	c53394	1
q53395	c53395	1
q53396	c53396	1
q53397	c53397	1
q53398	c53398	1
q53399	c53399	1
q53400	c53400	1
q53401	c53401	1
q53402	c53402	1
q53403	c53403	1
q53404	c53404	1
q53405	c53405	1
q53406	c53406	1
q53407	c53407	1
q53408	c53408	1
q53409	c53409	1
q53410	c53410	1
q53411	c53411	1
q53412	c53412	1
q53413	c53413	1
q53414	c53414	1
q53415	c53415	1
q53416	c53416	1
q53417	c53417	1
q53418	c53418	1
q53419	c53419	1
q53420	c53420	1
q53421	c53421	1
q53422	c53422	1
q53423	c53423	1
q53424	c53424	1
q53425	c53425	1
q53426	c53426	1
q53427	c53427	1
q53428	c53428	1
q53429	c53429	1
q53430	c53430	1
q53431	c53431	1
q53432	c53432	1
q53433	c53433	1
q53434	c53434	1
q53435	c53435	1
q53436	c53436	1
q53437	c53437	1
q53438	c53438	1
q53439	c53439	1
q53440	c53440	1
q53441	c53441	1
q53442	c53442	1
q53443	c53443	1
q53444	c53444	1
q53445	c53445	1
q53446	c53446	1
q53447	c53447	1
q53448	c53448	1
q53449	c53449	1
q53450	c53450	1
q53451	c53451	1
q53452	c53452	1
q53453	c53453	1
q53454	c53454	1
q53455	c53455	1
q53456	c53456	1
q53457	c53457	1
q53458	c53458	1
q53459	c53459	1
q53460	c53460	1
q53461	c53461	1
q53462	c53462	1
q53463	c53463	1
q53464	c53464	1
q53465	c53465	1
q53466	c53466	1
q53467	c53467	1
q53468	c53468	1
q53469	c53469	1
q53470	c53470	1
q53471	c53471	1
q53472	c53472	1
q53473	c53473	1
q53474	c53474	1
q53475	c53475	1
q53476	c53476	1
q53477	c53477	1
q53478	c53478	1
q53479	c53479	1
q53480	c53480	1
q53481	c53481	1
q53482	c53482	1
q53483	c53483	1
q53484	c53484	1
q53485	c53485	1
q53486	c53486	1
q53487	c53487	1
q53488	c53488	1
q53489	c53489	1
q53490	c53490	1
q53491	c53491	1
q53492	c53492	1
q53493	c53493	1
q53494	c53494	1
q53495	c53495	1
q53496	c53496	1
q53497	c53497	1
q53498	c53498	1
q53499	c53499	1
q53500	c53500	1
q53501	c53501	1
q53502	c53502	1
q53503	c53503	1
q53504	c53504	1
q53505	c53505	1
q53506	c53506	1
q53507	c53507	1
q53508	c53508	1
q53509	c53509	1
q53510	c53510	1
q53511	c53511	1
q53512	c53512	1
q53513	c53513	1
q53514	c53514	1
q53515	c53515	1
q53516	c53516	1
q53517	c53517	1
q53518	c53518	1
q53519	c53519	1
q53520	c53520	1
q53521	c53521	1
q53522	c53522	1
q53523	c53523	1
q53524	c53524	1
q53525	c53525	1
q53526	c53526	1
q53527	c53527	1
q53528	c53528	1
q53529	c53529	1
q53530	c53530	1
q53531	c53531	1
q53532	c53532	1
q53533	c53533	1
q53534	c53534	1
q53535	c53535	1
q53536	c53536	1
q53537	c53537	1
q53538	c53538	1
q53539	c53539	1
q53540	c53540	1
q53541	c53541	1
q53542	c53542	1
q53543	c53543	1
q53544	c53544	1
q53545	c53545	1
q53546	c53546	1
q53547	c53547	1
q53548	c53548	1
q53549	c53549	1
q53550	c53550	1
q53551	c53551	1
q53552	c53552	1
q53553	c53553	1
q53554	c53554	1
q53555	c53555	1
q53556	c53556	1
q53557	c53557	1
q53558	c53558	1
q53559	c53559	1
q53560	c53560	1
q53561	c53561	1
q53562	c53562	1
q53563	c53563	1
q53564	c53564	1
q53565	c53565	1
q53566	c53566	1
q53567	c53567	1
q53568	c53568	1
q53569	c53569	1
q53570	c53570	1
q53571	c53571	1
q53572	c53572	1
q53573	c53573	1
q53574	c53574	1
q53575	c53575	1
q53576	c53576	1
q53577	c53577	1
q53578	c53578	1
q53579	c53579	1
q53580	c53580	1
q53581	c53581	1
q53582	c53582	1
q53583	c53583	1
q53584	c53584	1
q53585	c53585	1
q53586	c53586	1
q53587	c53587	1
q53588	c53588	1
q53589	c53589	1
q53590	c53590	1
q53591	c53591	1
q53592	c53592	1
q53593	c53593	1
q53594	c53594	1
q53595	c53595	1
q53596	c53596	1
q53597	c53597	1
q53598	c53598	1
q53599	c53599	1
q53600	c53600	1
q53601	c53601	1
q53602	c53602	1
q53603	c53603	1
q53604	c53604	1
q53605	c53605	1
q53606	c53606	1
q53607	c53607	1
q53608	c53608	1
q53609	c53609	1
q53610	c53610	1
q53611	c53611	1
q53612	c53612	1
q53613	c53613	1
q53614	c53614	1
q53615	c53615	1
q53616	c53616	1
q53617	c53617	1
q53618	c53618	1
q53619	c53619	1
q53620	c53620	1
q53621	c53621	1
q53622	c53622	1
q53623	c53623	1
q53624	c53624	1
q53625	c53625	1
q53626	c53626	1
q53627	c53627	1
q53628	c53628	1
q53629	c53629	1
q53630	c53630	1
q53631	c53631	1
q53632	c53632	1
q53633	c53633	1
q53634	c53634	1
q53635	c53635	1
q53636	c53636	1
q53637	c53637	1
q53638	c53638	1
q53639	c53639	1
q53640	c53640	1
q53641	c53641	1
q53642	c53642	1
q53643	c53643	1
q53644	c53644	1
q53645	c53645	1
q53646	c53646	1
q53647	c53647	1
q53648	c53648	1
q53649	c53649	1
q53650	c53650	1
q53651	c53651	1
q53652	c53652	1
q53653	c53653	1
q53654	c53654	1
q53655	c53655	1
q53656	c53656	1
q53657	c53657	1
q53658	c53658	1
q53659	c53659	1
q53660	c53660	1
q53661	c53661	1
q53662	c53662	1
q53663	c53663	1
q53664	c53664	1
q53665	c53665	1
q53666	c53666	1
q53667	c53667	1
q53668	c53668	1
q53669	c53669	1
q53670	c53670	1
q53671	c53671	1
q53672	c53672	1
q53673	c53673	1
q53674	c53674	1
q53675	c53675	1
q53676	c53676	1
q53677	c53677	1
q53678	c53678	1
q53679	c53679	1
q53680	c53680	1
q53681	c53681	1
q53682	c53682	1
q53683	c53683	1
q53684	c53684	1
q53685	c53685	1
q53686	c53686	1
q53687	c53687	1
q53688	c53688	1
q53689	c53689	1
q53690	c53690	1
q53691	c53691	1
q53692	c53692	1
q53693	c53693	1
q53694	c53694	1
q53695	c53695	1
q53696	c53696	1
q53697	c53697	1
q53698	c53698	1
q53699	c53699	1
q53700	c53700	1
q53701	c53701	1
q53702	c53702	1
q53703	c53703	1
q53704	c53704	1
q53705	c53705	1
q53706	c53706	1
q53707	c53707	1
q53708	c53708	1
q53709	c53709	1
q53710	c53710	1
q53711	c53711	1
q53712	c53712	1
q53713	c53713	1
q53714	c53714	1
q53715	c53715	1
q53716	c53716	1
q53717	c53717	1
q53718	c53718	1
q53719	c53719	1
q53720	c53720	1
q53721	c53721	1
q53722	c53722	1
q53723	c53723	1
q53724	c53724	1
q53725	c53725	1
q53726	c53726	1
q53727	c53727	1
q53728	c53728	1
q53729	c53729	1
q53730	c53730	1
q53731	c53731	1
q53732	c53732	1
q53733	c53733	1
q53734	c53734	1
q53735	c53735	1
q53736	c53736	1
q53737	c53737	1
q53738	c53738	1
q53739	c53739	1
q53740	c53740	1
q53741	c53741	1
q53742	c53742	1
q53743	c53743	1
q53744	c53744	1
q53745	c53745	1
q53746	c53746	1
q53747	c53747	1
q53748	c53748	1
q53749	c53749	1
q53750	c53750	1
q53751	c53751	1
q53752	c53752	1
q53753	c53753	1
q53754	c53754	1
q53755	c53755	1
q53756	c53756	1
q53757	c53757	1
q53758	c53758	1
q53759	c53759	1
q53760	c53760	1
q53761	c53761	1
q53762	c53762	1
q53763	c53763	1
q53764	c53764	1
q53765	c53765	1
q53766	c53766	1
q53767	c53767	1
q53768	c53768	1
q53769	c53769	1
q53770	c53770	1
q53771	c53771	1
q53772	c53772	1
q53773	c53773	1
q53774	c53774	1
q53775	c53775	1
q53776	c53776	1
q53777	c53777	1
q53778	c53778	1
q53779	c53779	1
q53780	c53780	1
q53781	c53781	1
q53782	c53782	1
q53783	c53783	1
q53784	c53784	1
q53785	c53785	1
q53786	c53786	1
q53787	c53787	1
q53788	c53788	1
q53789	c53789	1
q53790	c53790	1
q53791	c53791	1
q53792	c53792	1
q53793	c53793	1
q53794	c53794	1
q53795	c53795	1
q53796	c53796	1
q53797	c53797	1
q53798	c53798	1
q53799	c53799	1
q53800	c53800	1
q53801	c53801	1
q53802	c53802	1
q53803	c53803	1
q53804	c53804	1
q53805	c53805	1
q53806	c53806	1
q53807	c53807	1
q53808	c53808	1
q53809	c53809	1
q53810	c53810	1
q53811	c53811	1
q53812	c53812	1
q53813	c53813	1
q53814	c53814	1
q53815	c53815	1
q53816	c53816	1
q53817	c53817	1
q53818	c53818	1
q53819	c53819	1
q53820	c53820	1
q53821	c53821	1
q53822	c53822	1
q53823	c53823	1
q53824	c53824	1
q53825	c53825	1
q53826	c53826	1
q53827	c53827	1
q53828	c53828	1
q53829	c53829	1
q53830	c53830	1
q53831	c53831	1
q53832	c53832	1
q53833	c53833	1
q53834	c53834	1
q53835	c53835	1
q53836	c53836	1
q53837	c53837	1
q53838	c53838	1
q53839	c53839	1
q53840	c53840	1
q53841	c53841	1
q53842	c53842	1
q53843	c53843	1
q53844	c53844	1
q53845	c53845	1
q53846	c53846	1
q53847	c53847	1
q53848	c53848	1
q53849	c53849	1
q53850	c53850	1
q53851	c53851	1
q53852	c53852	1
q53853	c53853	1
q53854	c53854	1
q53855	c53855	1
q53856	c53856	1
q53857	c53857	1
q53858	c53858	1
q53859	c53859	1
q53860	c53860	1
q53861	c53861	1
q53862	c53862	1
q53863	c53863	1
q53864	c53864	1
q53865	c53865	1
q53866	c53866	1
q53867	c53867	1
q53868	c53868	1
q53869	c53869	1
q53870	c53870	1
q53871	c53871	1
q53872	c53872	1
q53873	c53873	1
q53874	c53874	1
q53875	c53875	1
q53876	c53876	1
q53877	c53877	1
q53878	c53878	1
q53879	c53879	1
q53880	c53880	1
q53881	c53881	1
q53882	c53882	1
q53883	c53883	1
q53884	c53884	1
q53885	c53885	1
q53886	c53886	1
q53887	c53887	1
q53888	c53888	1
q53889	c53889	1
q53890	c53890	1
q53891	c53891	1
q53892	c53892	1
q53893	c53893	1
q53894	c53894	1
q53895	c53895	1
q53896	c53896	1
q53897	c53897	1
q53898	c53898	1
q53899	c53899	1
q53900	c53900	1
q53901	c53901	1
q53902	c53902	1
q53903	c53903	1
q53904	c53904	1
q53905	c53905	1
q53906	c53906	1
q53907	c53907	1
q53908	c53908	1
q53909	c53909	1
q53910	c53910	1
q53911	c53911	1
q53912	c53912	1
q53913	c53913	1
q53914	c53914	1
q53915	c53915	1
q53916	c53916	1
q53917	c53917	1
q53918	c53918	1
q53919	c53919	1
q53920	c53920	1
q53921	c53921	1
q53922	c53922	1
q53923	c53923	1
q53924	c53924	1
q53925	c53925	1
q53926	c53926	1
q53927	c53927	1
q53928	c53928	1
q53929	c53929	1
q53930	c53930	1
q53931	c53931	1
q53932	c53932	1
q53933	c53933	1
q53934	c53934	1
q53935	c53935	1
q53936	c53936	1
q53937	c53937	1
q53938	c53938	1
q53939	c53939	1
q53940	c53940	1
q53941	c53941	1
q53942	c53942	1
q53943	c53943	1
q53944	c53944	1
q53945	c53945	1
q53946	c53946	1
q53947	c53947	1
q53948	c53948	1
q53949	c53949	1
q53950	c53950	1
q53951	c53951	1
q53952	c53952	1
q53953	c53953	1
q53954	c53954	1
q53955	c53955	1
q53956	c53956	1
q53957	c53957	1
q53958	c53958	1
q53959	c53959	1
q53960	c53960	1
q53961	c53961	1
q53962	c53962	1
q53963	c53963	1
q53964	c53964	1
q53965	c53965	1
q53966	c53966	1
q53967	c53967	1
q53968	c53968	1
q53969	c53969	1
q53970	c53970	1
q53971	c53971	1
q53972	c53972	1
q53973	c53973	1
q53974	c53974	1
q53975	c53975	1
q53976	c53976	1
q53977	c53977	1
q53978	c53978	1
q53979	c53979	1
q53980	c53980	1
q53981	c53981	1
q53982	c53982	1
q53983	c53983	1
q53984	c53984	1
q53985	c53985	1
q53986	c53986	1
q53987	c53987	1
q53988	c53988	1
q53989	c53989	1
q53990	c53990	1
q53991	c53991	1
q53992	c53992	1
q53993	c53993	1
q53994	c53994	1
q53995	c53995	1
q53996	c53996	1
q53997	c53997	1
q53998	c53998	1
q53999	c53999	1
q54000	c54000	1
q54001	c54001	1
q54002	c54002	1
q54003	c54003	1
q54004	c54004	1
q54005	c54005	1
q54006	c54006	1
q54007	c54007	1
q54008	c54008	1
q54009	c54009	1
q54010	c54010	1
q54011	c54011	1
q54012	c54012	1
q54013	c54013	1
q54014	c54014	1
q54015	c54015	1
q54016	c54016	1
q54017	c54017	1
q54018	c54018	1
q54019	c54019	1
q54020	c54020	1
q54021	c54021	1
q54022	c54022	1
q54023	c54023	1
q54024	c54024	1
q54025	c54025	1
q54026	c54026	1
q54027	c54027	1
q54028	c54028	1
q54029	c54029	1
q54030	c54030	1
q54031	c54031	1
q54032	c54032	1
q54033	c54033	1
q54034	c54034	1
q54035	c54035	1
q54036	c54036	1
q54037	c54037	1
q54038	c54038	1
q54039	c54039	1
q54040	c54040	1
q54041	c54041	1
q54042	c54042	1
q54043	c54043	1
q54044	c54044	1
q54045	c54045	1
q54046	c54046	1
q54047	c54047	1
q54048	c54048	1
q54049	c54049	1
q54050	c54050	1
q54051	c54051	1
q54052	c54052	1
q54053	c54053	1
q54054	c54054	1
q54055	c54055	1
q54056	c54056	1
q54057	c54057	1
q54058	c54058	1
q54059	c54059	1
q54060	c54060	1
q54061	c54061	1
q54062	c54062	1
q54063	c54063	1
q54064	c54064	1
q54065	c54065	1
q54066	c54066	1
q54067	c54067	1
q54068	c54068	1
q54069	c54069	1
q54070	c54070	1
q54071	c54071	1
q54072	c54072	1
q54073	c54073	1
q54074	c54074	1
q54075	c54075	1
q54076	c54076	1
q54077	c54077	1
q54078	c54078	1
q54079	c54079	1
q54080	c54080	1
q54081	c54081	1
q54082	c54082	1
q54083	c54083	1
q54084	c54084	1
q54085	c54085	1
q54086	c54086	1
q54087	c54087	1
q54088	c54088	1
q54089	c54089	1
q54090	c54090	1
q54091	c54091	1
q54092	c54092	1
q54093	c54093	1
q54094	c54094	1
q54095	c54095	1
q54096	c54096	1
q54097	c54097	1
q54098	c54098	1
q54099	c54099	1
q54100	c54100	1
q54101	c54101	1
q54102	c54102	1
q54103	c54103	1
q54104	c54104	1
q54105	c54105	1
q54106	c54106	1
q54107	c54107	1
q54108	c54108	1
q54109	c54109	1
q54110	c54110	1
q54111	c54111	1
q54112	c54112	1
q54113	c54113	1
q54114	c54114	1
q54115	c54115	1
q54116	c54116	1
q54117	c54117	1
q54118	c54118	1
q54119	c54119	1
q54120	c54120	1
q54121	c54121	1
q54122	c54122	1
q54123	c54123	1
q54124	c54124	1
q54125	c54125	1
q54126	c54126	1
q54127	c54127	1
q54128	c54128	1
q54129	c54129	1
q54130	c54130	1
q54131	c54131	1
q54132	c54132	1
q54133	c54133	1
q54134	c54134	1
q54135	c54135	1
q54136	c54136	1
q54137	c54137	1
q54138	c54138	1
q54139	c54139	1
q54140	c54140	1
q54141	c54141	1
q54142	c54142	1
q54143	c54143	1
q54144	c54144	1
q54145	c54145	1
q54146	c54146	1
q54147	c54147	1
q54148	c54148	1
q54149	c54149	1
q54150	c54150	1
q54151	c54151	1
q54152	c54152	1
q54153	c54153	1
q54154	c54154	1
q54155	c54155	1
q54156	c54156	1
q54157	c54157	1
q54158	c54158	1
q54159	c54159	1
q54160	c54160	1
q54161	c54161	1
q54162	c54162	1
q54163	c54163	1
q54164	c54164	1
q54165	c54165	1
q54166	c54166	1
q54167	c54167	1
q54168	c54168	1
q54169	c54169	1
q54170	c54170	1
q54171	c54171	1
q54172	c54172	1
q54173	c54173	1
q54174	c54174	1
q54175	c54175	1
q54176	c54176	1
q54177	c54177	1
q54178	c54178	1
q54179	c54179	1
q54180	c54180	1
q54181	c54181	1
q54182	c54182	1
q54183	c54183	1
q54184	c54184	1
q54185	c54185	1
q54186	c54186	1
q54187	c54187	1
q54188	c54188	1
q54189	c54189	1
q54190	c54190	1
q54191	c54191	1
q54192	c54192	1
q54193	c54193	1
q54194	c54194	1
q54195	c54195	1
q54196	c54196	1
q54197	c54197	1
q54198	c54198	1
q54199	c54199	1
q54200	c54200	1
q54201	c54201	1
q54202	c54202	1
q54203	c54203	1
q54204	c54204	1
q54205	c54205	1
q54206	c54206	1
q54207	c54207	1
q54208	c54208	1
q54209	c54209	1
q54210	c54210	1
q54211	c54211	1
q54212	c54212	1
q54213	c54213	1
q54214	c54214	1
q54215	c54215	1
q54216	c54216	1
q54217	c54217	1
q54218	c54218	1
q54219	c54219	1
q54220	c54220	1
q54221	c54221	1
q54222	c54222	1
q54223	c54223	1
q54224	c54224	1
q54225	c54225	1
q54226	c54226	1
q54227	c54227	1
q54228	c54228	1
q54229	c54229	1
q54230	c54230	1
q54231	c54231	1
q54232	c54232	1
q54233	c54233	1
q54234	c54234	1
q54235	c54235	1
q54236	c54236	1
q54237	c54237	1
q54238	c54238	1
q54239	c54239	1
q54240	c54240	1
q54241	c54241	1
q54242	c54242	1
q54243	c54243	1
q54244	c54244	1
q54245	c54245	1
q54246	c54246	1
q54247	c54247	1
q54248	c54248	1
q54249	c54249	1
q54250	c54250	1
q54251	c54251	1
q54252	c54252	1
q54253	c54253	1
q54254	c54254	1
q54255	c54255	1
q54256	c54256	1
q54257	c54257	1
q54258	c54258	1
q54259	c54259	1
q54260	c54260	1
q54261	c54261	1
q54262	c54262	1
q54263	c54263	1
q54264	c54264	1
q54265	c54265	1
q54266	c54266	1
q54267	c54267	1
q54268	c54268	1
q54269	c54269	1
q54270	c54270	1
q54271	c54271	1
q54272	c54272	1
q54273	c54273	1
q54274	c54274	1
q54275	c54275	1
q54276	c54276	1
q54277	c54277	1
q54278	c54278	1
q54279	c54279	1
q54280	c54280	1
q54281	c54281	1
q54282	c54282	1
q54283	c54283	1
q54284	c54284	1
q54285	c54285	1
q54286	c54286	1
q54287	c54287	1
q54288	c54288	1
q54289	c54289	1
q54290	c54290	1
q54291	c54291	1
q54292	c54292	1
q54293	c54293	1
q54294	c54294	1
q54295	c54295	1
q54296	c54296	1
q54297	c54297	1
q54298	c54298	1
q54299	c54299	1
q54300	c54300	1
q54301	c54301	1
q54302	c54302	1
q54303	c54303	1
q54304	c54304	1
q54305	c54305	1
q54306	c54306	1
q54307	c54307	1
q54308	c54308	1
q54309	c54309	1
q54310	c54310	1
q54311	c54311	1
q54312	c54312	1
q54313	c54313	1
q54314	c54314	1
q54315	c54315	1
q54316	c54316	1
q54317	c54317	1
q54318	c54318	1
q54319	c54319	1
q54320	c54320	1
q54321	c54321	1
q54322	c54322	1
q54323	c54323	1
q54324	c54324	1
q54325	c54325	1
q54326	c54326	1
q54327	c54327	1
q54328	c54328	1
q54329	c54329	1
q54330	c54330	1
q54331	c54331	1
q54332	c54332	1
q54333	c54333	1
q54334	c54334	1
q54335	c54335	1
q54336	c54336	1
q54337	c54337	1
q54338	c54338	1
q54339	c54339	1
q54340	c54340	1
q54341	c54341	1
q54342	c54342	1
q54343	c54343	1
q54344	c54344	1
q54345	c54345	1
q54346	c54346	1
q54347	c54347	1
q54348	c54348	1
q54349	c54349	1
q54350	c54350	1
q54351	c54351	1
q54352	c54352	1
q54353	c54353	1
q54354	c54354	1
q54355	c54355	1
q54356	c54356	1
q54357	c54357	1
q54358	c54358	1
q54359	c54359	1
q54360	c54360	1
q54361	c54361	1
q54362	c54362	1
q54363	c54363	1
q54364	c54364	1
q54365	c54365	1
q54366	c54366	1
q54367	c54367	1
q54368	c54368	1
q54369	c54369	1
q54370	c54370	1
q54371	c54371	1
q54372	c54372	1
q54373	c54373	1
q54374	c54374	1
q54375	c54375	1
q54376	c54376	1
q54377	c54377	1
q54378	c54378	1
q54379	c54379	1
q54380	c54380	1
q54381	c54381	1
q54382	c54382	1
q54383	c54383	1
q54384	c54384	1
q54385	c54385	1
q54386	c54386	1
q54387	c54387	1
q54388	c54388	1
q54389	c54389	1
q54390	c54390	1
q54391	c54391	1
q54392	c54392	1
q54393	c54393	1
q54394	c54394	1
q54395	c54395	1
q54396	c54396	1
q54397	c54397	1
q54398	c54398	1
q54399	c54399	1
q54400	c54400	1
q54401	c54401	1
q54402	c54402	1
q54403	c54403	1
q54404	c54404	1
q54405	c54405	1
q54406	c54406	1
q54407	c54407	1
q54408	c54408	1
q54409	c54409	1
q54410	c54410	1
q54411	c54411	1
q54412	c54412	1
q54413	c54413	1
q54414	c54414	1
q54415	c54415	1
q54416	c54416	1
q54417	c54417	1
q54418	c54418	1
q54419	c54419	1
q54420	c54420	1
q54421	c54421	1
q54422	c54422	1
q54423	c54423	1
q54424	c54424	1
q54425	c54425	1
q54426	c54426	1
q54427	c54427	1
q54428	c54428	1
q54429	c54429	1
q54430	c54430	1
q54431	c54431	1
q54432	c54432	1
q54433	c54433	1
q54434	c54434	1
q54435	c54435	1
q54436	c54436	1
q54437	c54437	1
q54438	c54438	1
q54439	c54439	1
q54440	c54440	1
q54441	c54441	1
q54442	c54442	1
q54443	c54443	1
q54444	c54444	1
q54445	c54445	1
q54446	c54446	1
q54447	c54447	1
q54448	c54448	1
q54449	c54449	1
q54450	c54450	1
q54451	c54451	1
q54452	c54452	1
q54453	c54453	1
q54454	c54454	1
q54455	c54455	1
q54456	c54456	1
q54457	c54457	1
q54458	c54458	1
q54459	c54459	1
q54460	c54460	1
q54461	c54461	1
q54462	c54462	1
q54463	c54463	1
q54464	c54464	1
q54465	c54465	1
q54466	c54466	1
q54467	c54467	1
q54468	c54468	1
q54469	c54469	1
q54470	c54470	1
q54471	c54471	1
q54472	c54472	1
q54473	c54473	1
q54474	c54474	1
q54475	c54475	1
q54476	c54476	1
q54477	c54477	1
q54478	c54478	1
q54479	c54479	1
q54480	c54480	1
q54481	c54481	1
q54482	c54482	1
q54483	c54483	1
q54484	c54484	1
q54485	c54485	1
q54486	c54486	1
q54487	c54487	1
q54488	c54488	1
q54489	c54489	1
q54490	c54490	1
q54491	c54491	1
q54492	c54492	1
q54493	c54493	1
q54494	c54494	1
q54495	c54495	1
q54496	c54496	1
q54497	c54497	1
q54498	c54498	1
q54499	c54499	1
q54500	c54500	1
q54501	c54501	1
q54502	c54502	1
q54503	c54503	1
q54504	c54504	1
q54505	c54505	1
q54506	c54506	1
q54507	c54507	1
q54508	c54508	1
q54509	c54509	1
q54510	c54510	1
q54511	c54511	1
q54512	c54512	1
q54513	c54513	1
q54514	c54514	1
q54515	c54515	1
q54516	c54516	1
q54517	c54517	1
q54518	c54518	1
q54519	c54519	1
q54520	c54520	1
q54521	c54521	1
q54522	c54522	1
q54523	c54523	1
q54524	c54524	1
q54525	c54525	1
q54526	c54526	1
q54527	c54527	1
q54528	c54528	1
q54529	c54529	1
q54530	c54530	1
q54531	c54531	1
q54532	c54532	1
q54533	c54533	1
q54534	c54534	1
q54535	c54535	1
q54536	c54536	1
q54537	c54537	1
q54538	c54538	1
q54539	c54539	1
q54540	c54540	1
q54541	c54541	1
q54542	c54542	1
q54543	c54543	1
q54544	c54544	1
q54545	c54545	1
q54546	c54546	1
q54547	c54547	1
q54548	c54548	1
q54549	c54549	1
q54550	c54550	1
q54551	c54551	1
q54552	c54552	1
q54553	c54553	1
q54554	c54554	1
q54555	c54555	1
q54556	c54556	1
q54557	c54557	1
q54558	c54558	1
q54559	c54559	1
q54560	c54560	1
q54561	c54561	1
q54562	c54562	1
q54563	c54563	1
q54564	c54564	1
q54565	c54565	1
q54566	c54566	1
q54567	c54567	1
q54568	c54568	1
q54569	c54569	1
q54570	c54570	1
q54571	c54571	1
q54572	c54572	1
q54573	c54573	1
q54574	c54574	1
q54575	c54575	1
q54576	c54576	1
q54577	c54577	1
q54578	c54578	1
q54579	c54579	1
q54580	c54580	1
q54581	c54581	1
q54582	c54582	1
q54583	c54583	1
q54584	c54584	1
q54585	c54585	1
q54586	c54586	1
q54587	c54587	1
q54588	c54588	1
q54589	c54589	1
q54590	c54590	1
q54591	c54591	1
q54592	c54592	1
q54593	c54593	1
q54594	c54594	1
q54595	c54595	1
q54596	c54596	1
q54597	c54597	1
q54598	c54598	1
q54599	c54599	1
q54600	c54600	1
q54601	c54601	1
q54602	c54602	1
q54603	c54603	1
q54604	c54604	1
q54605	c54605	1
q54606	c54606	1
q54607	c54607	1
q54608	c54608	1
q54609	c54609	1
q54610	c54610	1
q54611	c54611	1
q54612	c54612	1
q54613	c54613	1
q54614	c54614	1
q54615	c54615	1
q54616	c54616	1
q54617	c54617	1
q54618	c54618	1
q54619	c54619	1
q54620	c54620	1
q54621	c54621	1
q54622	c54622	1
q54623	c54623	1
q54624	c54624	1
q54625	c54625	1
q54626	c54626	1
q54627	c54627	1
q54628	c54628	1
q54629	c54629	1
q54630	c54630	1
q54631	c54631	1
q54632	c54632	1
q54633	c54633	1
q54634	c54634	1
q54635	c54635	1
q54636	c54636	1
q54637	c54637	1
q54638	c54638	1
q54639	c54639	1
q54640	c54640	1
q54641	c54641	1
q54642	c54642	1
q54643	c54643	1
q54644	c54644	1
q54645	c54645	1
q54646	c54646	1
q54647	c54647	1
q54648	c54648	1
q54649	c54649	1
q54650	c54650	1
q54651	c54651	1
q54652	c54652	1
q54653	c54653	1
q54654	c54654	1
q54655	c54655	1
q54656	c54656	1
q54657	c54657	1
q54658	c54658	1
q54659	c54659	1
q54660	c54660	1
q54661	c54661	1
q54662	c54662	1
q54663	c54663	1
q54664	c54664	1
q54665	c54665	1
q54666	c54666	1
q54667	c54667	1
q54668	c54668	1
q54669	c54669	1
q54670	c54670	1
q54671	c54671	1
q54672	c54672	1
q54673	c54673	1
q54674	c54674	1
q54675	c54675	1
q54676	c54676	1
q54677	c54677	1
q54678	c54678	1
q54679	c54679	1
q54680	c54680	1
q54681	c54681	1
q54682	c54682	1
q54683	c54683	1
q54684	c54684	1
q54685	c54685	1
q54686	c54686	1
q54687	c54687	1
q54688	c54688	1
q54689	c54689	1
q54690	c54690	1
q54691	c54691	1
q54692	c54692	1
q54693	c54693	1
q54694	c54694	1
q54695	c54695	1
q54696	c54696	1
q54697	c54697	1
q54698	c54698	1
q54699	c54699	1
q54700	c54700	1
q54701	c54701	1
q54702	c54702	1
q54703	c54703	1
q54704	c54704	1
q54705	c54705	1
q54706	c54706	1
q54707	c54707	1
q54708	c54708	1
q54709	c54709	1
q54710	c54710	1
q54711	c54711	1
q54712	c54712	1
q54713	c54713	1
q54714	c54714	1
q54715	c54715	1
q54716	c54716	1
q54717	c54717	1
q54718	c54718	1
q54719	c54719	1
q54720	c54720	1
q54721	c54721	1
q54722	c54722	1
q54723	c54723	1
q54724	c54724	1
q54725	c54725	1
q54726	c54726	1
q54727	c54727	1
q54728	c54728	1
q54729	c54729	1
q54730	c54730	1
q54731	c54731	1
q54732	c54732	1
q54733	c54733	1
q54734	c54734	1
q54735	c54735	1
q54736	c54736	1
q54737	c54737	1
q54738	c54738	1
q54739	c54739	1
q54740	c54740	1
q54741	c54741	1
q54742	c54742	1
q54743	c54743	1
q54744	c54744	1
q54745	c54745	1
q54746	c54746	1
q54747	c54747	1
q54748	c54748	1
q54749	c54749	1
q54750	c54750	1
q54751	c54751	1
q54752	c54752	1
q54753	c54753	1
q54754	c54754	1
q54755	c54755	1
q54756	c54756	1
q54757	c54757	1
q54758	c54758	1
q54759	c54759	1
q54760	c54760	1
q54761	c54761	1
q54762	c54762	1
q54763	c54763	1
q54764	c54764	1
q54765	c54765	1
q54766	c54766	1
q54767	c54767	1
q54768	c54768	1
q54769	c54769	1
q54770	c54770	1
q54771	c54771	1
q54772	c54772	1
q54773	c54773	1
q54774	c54774	1
q54775	c54775	1
q54776	c54776	1
q54777	c54777	1
q54778	c54778	1
q54779	c54779	1
q54780	c54780	1
q54781	c54781	1
q54782	c54782	1
q54783	c54783	1
q54784	c54784	1
q54785	c54785	1
q54786	c54786	1
q54787	c54787	1
q54788	c54788	1
q54789	c54789	1
q54790	c54790	1
q54791	c54791	1
q54792	c54792	1
q54793	c54793	1
q54794	c54794	1
q54795	c54795	1
q54796	c54796	1
q54797	c54797	1
q54798	c54798	1
q54799	c54799	1
q54800	c54800	1
q54801	c54801	1
q54802	c54802	1
q54803	c54803	1
q54804	c54804	1
q54805	c54805	1
q54806	c54806	1
q54807	c54807	1
q54808	c54808	1
q54809	c54809	1
q54810	c54810	1
q54811	c54811	1
q54812	c54812	1
q54813	c54813	1
q54814	c54814	1
q54815	c54815	1
q54816	c54816	1
q54817	c54817	1
q54818	c54818	1
q54819	c54819	1
q54820	c54820	1
q54821	c54821	1
q54822	c54822	1
q54823	c54823	1
q54824	c54824	1
q54825	c54825	1
q54826	c54826	1
q54827	c54827	1
q54828	c54828	1
q54829	c54829	1
q54830	c54830	1
q54831	c54831	1
q54832	c54832	1
q54833	c54833	1
q54834	c54834	1
q54835	c54835	1
q54836	c54836	1
q54837	c54837	1
q54838	c54838	1
q54839	c54839	1
q54840	c54840	1
q54841	c54841	1
q54842	c54842	1
q54843	c54843	1
q54844	c54844	1
q54845	c54845	1
q54846	c54846	1
q54847	c54847	1
q54848	c54848	1
q54849	c54849	1
q54850	c54850	1
q54851	c54851	1
q54852	c54852	1
q54853	c54853	1
q54854	c54854	1
q54855	c54855	1
q54856	c54856	1
q54857	c54857	1
q54858	c54858	1
q54859	c54859	1
q54860	c54860	1
q54861	c54861	1
q54862	c54862	1
q54863	c54863	1
q54864	c54864	1
q54865	c54865	1
q54866	c54866	1
q54867	c54867	1
q54868	c54868	1
q54869	c54869	1
q54870	c54870	1
q54871	c54871	1
q54872	c54872	1
q54873	c54873	1
q54874	c54874	1
q54875	c54875	1
q54876	c54876	1
q54877	c54877	1
q54878	c54878	1
q54879	c54879	1
q54880	c54880	1
q54881	c54881	1
q54882	c54882	1
q54883	c54883	1
q54884	c54884	1
q54885	c54885	1
q54886	c54886	1
q54887	c54887	1
q54888	c54888	1
q54889	c54889	1
q54890	c54890	1
q54891	c54891	1
q54892	c54892	1
q54893	c54893	1
q54894	c54894	1
q54895	c54895	1
q54896	c54896	1
q54897	c54897	1
q54898	c54898	1
q54899	c54899	1
q54900	c54900	1
q54901	c54901	1
q54902	c54902	1
q54903	c54903	1
q54904	c54904	1
q54905	c54905	1
q54906	c54906	1
q54907	c54907	1
q54908	c54908	1
q54909	c54909	1
q54910	c54910	1
q54911	c54911	1
q54912	c54912	1
q54913	c54913	1
q54914	c54914	1
q54915	c54915	1
q54916	c54916	1
q54917	c54917	1
q54918	c54918	1
q54919	c54919	1
q54920	c54920	1
q54921	c54921	1
q54922	c54922	1
q54923	c54923	1
q54924	c54924	1
q54925	c54925	1
q54926	c54926	1
q54927	c54927	1
q54928	c54928	1
q54929	c54929	1
q54930	c54930	1
q54931	c54931	1
q54932	c54932	1
q54933	c54933	1
q54934	c54934	1
q54935	c54935	1
q54936	c54936	1
q54937	c54937	1
q54938	c54938	1
q54939	c54939	1
q54940	c54940	1
q54941	c54941	1
q54942	c54942	1
q54943	c54943	1
q54944	c54944	1
q54945	c54945	1
q54946	c54946	1
q54947	c54947	1
q54948	c54948	1
q54949	c54949	1
q54950	c54950	1
q54951	c54951	1
q54952	c54952	1
q54953	c54953	1
q54954	c54954	1
q54955	c54955	1
q54956	c54956	1
q54957	c54957	1
q54958	c54958	1
q54959	c54959	1
q54960	c54960	1
q54961	c54961	1
q54962	c54962	1
q54963	c54963	1
q54964	c54964	1
q54965	c54965	1
q54966	c54966	1
q54967	c54967	1
q54968	c54968	1
q54969	c54969	1
q54970	c54970	1
q54971	c54971	1
q54972	c54972	1
q54973	c54973	1
q54974	c54974	1
q54975	c54975	1
q54976	c54976	1
q54977	c54977	1
q54978	c54978	1
q54979	c54979	1
q54980	c54980	1
q54981	c54981	1
q54982	c54982	1
q54983	c54983	1
q54984	c54984	1
q54985	c54985	1
q54986	c54986	1
q54987	c54987	1
q54988	c54988	1
q54989	c54989	1
q54990	c54990	1
q54991	c54991	1
q54992	c54992	1
q54993	c54993	1
q54994	c54994	1
q54995	c54995	1
q54996	c54996	1
q54997	c54997	1
q54998	c54998	1
q54999	c54999	1
q55000	c55000	1
q55001	c55001	1
q55002	c55002	1
q55003	c55003	1
q55004	c55004	1
q55005	c55005	1
q55006	c55006	1
q55007	c55007	1
q55008	c55008	1
q55009	c55009	1
q55010	c55010	1
q55011	c55011	1
q55012	c55012	1
q55013	c55013	1
q55014	c55014	1
q55015	c55015	1
q55016	c55016	1
q55017	c55017	1
q55018	c55018	1
q55019	c55019	1
q55020	c55020	1
q55021	c55021	1
q55022	c55022	1
q55023	c55023	1
q55024	c55024	1
q55025	c55025	1
q55026	c55026	1
q55027	c55027	1
q55028	c55028	1
q55029	c55029	1
q55030	c55030	1
q55031	c55031	1
q55032	c55032	1
q55033	c55033	1
q55034	c55034	1
q55035	c55035	1
q55036	c55036	1
q55037	c55037	1
q55038	c55038	1
q55039	c55039	1
q55040	c55040	1
q55041	c55041	1
q55042	c55042	1
q55043	c55043	1
q55044	c55044	1
q55045	c55045	1
q55046	c55046	1
q55047	c55047	1
q55048	c55048	1
q55049	c55049	1
q55050	c55050	1
q55051	c55051	1
q55052	c55052	1
q55053	c55053	1
q55054	c55054	1
q55055	c55055	1
q55056	c55056	1
q55057	c55057	1
q55058	c55058	1
q55059	c55059	1
q55060	c55060	1
q55061	c55061	1
q55062	c55062	1
q55063	c55063	1
q55064	c55064	1
q55065	c55065	1
q55066	c55066	1
q55067	c55067	1
q55068	c55068	1
q55069	c55069	1
q55070	c55070	1
q55071	c55071	1
q55072	c55072	1
q55073	c55073	1
q55074	c55074	1
q55075	c55075	1
q55076	c55076	1
q55077	c55077	1
q55078	c55078	1
q55079	c55079	1
q55080	c55080	1
q55081	c55081	1
q55082	c55082	1
q55083	c55083	1
q55084	c55084	1
q55085	c55085	1
q55086	c55086	1
q55087	c55087	1
q55088	c55088	1
q55089	c55089	1
q55090	c55090	1
q55091	c55091	1
q55092	c55092	1
q55093	c55093	1
q55094	c55094	1
q55095	c55095	1
q55096	c55096	1
q55097	c55097	1
q55098	c55098	1
q55099	c55099	1
q55100	c55100	1
q55101	c55101	1
q55102	c55102	1
q55103	c55103	1
q55104	c55104	1
q55105	c55105	1
q55106	c55106	1
q55107	c55107	1
q55108	c55108	1
q55109	c55109	1
q55110	c55110	1
q55111	c55111	1
q55112	c55112	1
q55113	c55113	1
q55114	c55114	1
q55115	c55115	1
q55116	c55116	1
q55117	c55117	1
q55118	c55118	1
q55119	c55119	1
q55120	c55120	1
q55121	c55121	1
q55122	c55122	1
q55123	c55123	1
q55124	c55124	1
q55125	c55125	1
q55126	c55126	1
q55127	c55127	1
q55128	c55128	1
q55129	c55129	1
q55130	c55130	1
q55131	c55131	1
q55132	c55132	1
q55133	c55133	1
q55134	c55134	1
q55135	c55135	1
q55136	c55136	1
q55137	c55137	1
q55138	c55138	1
q55139	c55139	1
q55140	c55140	1
q55141	c55141	1
q55142	c55142	1
q55143	c55143	1
q55144	c55144	1
q55145	c55145	1
q55146	c55146	1
q55147	c55147	1
q55148	c55148	1
q55149	c55149	1
q55150	c55150	1
q55151	c55151	1
q55152	c55152	1
q55153	c55153	1
q55154	c55154	1
q55155	c55155	1
q55156	c55156	1
q55157	c55157	1
q55158	c55158	1
q55159	c55159	1
q55160	c55160	1
q55161	c55161	1
q55162	c55162	1
q55163	c55163	1
q55164	c55164	1
q55165	c55165	1
q55166	c55166	1
q55167	c55167	1
q55168	c55168	1
q55169	c55169	1
q55170	c55170	1
q55171	c55171	1
q55172	c55172	1
q55173	c55173	1
q55174	c55174	1
q55175	c55175	1
q55176	c55176	1
q55177	c55177	1
q55178	c55178	1
q55179	c55179	1
q55180	c55180	1
q55181	c55181	1
q55182	c55182	1
q55183	c55183	1
q55184	c55184	1
q55185	c55185	1
q55186	c55186	1
q55187	c55187	1
q55188	c55188	1
q55189	c55189	1
q55190	c55190	1
q55191	c55191	1
q55192	c55192	1
q55193	c55193	1
q55194	c55194	1
q55195	c55195	1
q55196	c55196	1
q55197	c55197	1
q55198	c55198	1
q55199	c55199	1
q55200	c55200	1
q55201	c55201	1
q55202	c55202	1
q55203	c55203	1
q55204	c55204	1
q55205	c55205	1
q55206	c55206	1
q55207	c55207	1
q55208	c55208	1
q55209	c55209	1
q55210	c55210	1
q55211	c55211	1
q55212	c55212	1
q55213	c55213	1
q55214	c55214	1
q55215	c55215	1
q55216	c55216	1
q55217	c55217	1
q55218	c55218	1
q55219	c55219	1
q55220	c55220	1
q55221	c55221	1
q55222	c55222	1
q55223	c55223	1
q55224	c55224	1
q55225	c55225	1
q55226	c55226	1
q55227	c55227	1
q55228	c55228	1
q55229	c55229	1
q55230	c55230	1
q55231	c55231	1
q55232	c55232	1
q55233	c55233	1
q55234	c55234	1
q55235	c55235	1
q55236	c55236	1
q55237	c55237	1
q55238	c55238	1
q55239	c55239	1
q55240	c55240	1
q55241	c55241	1
q55242	c55242	1
q55243	c55243	1
q55244	c55244	1
q55245	c55245	1
q55246	c55246	1
q55247	c55247	1
q55248	c55248	1
q55249	c55249	1
q55250	c55250	1
q55251	c55251	1
q55252	c55252	1
q55253	c55253	1
q55254	c55254	1
q55255	c55255	1
q55256	c55256	1
q55257	c55257	1
q55258	c55258	1
q55259	c55259	1
q55260	c55260	1
q55261	c55261	1
q55262	c55262	1
q55263	c55263	1
q55264	c55264	1
q55265	c55265	1
q55266	c55266	1
q55267	c55267	1
q55268	c55268	1
q55269	c55269	1
q55270	c55270	1
q55271	c55271	1
q55272	c55272	1
q55273	c55273	1
q55274	c55274	1
q55275	c55275	1
q55276	c55276	1
q55277	c55277	1
q55278	c55278	1
q55279	c55279	1
q55280	c55280	1
q55281	c55281	1
q55282	c55282	1
q55283	c55283	1
q55284	c55284	1
q55285	c55285	1
q55286	c55286	1
q55287	c55287	1
q55288	c55288	1
q55289	c55289	1
q55290	c55290	1
q55291	c55291	1
q55292	c55292	1
q55293	c55293	1
q55294	c55294	1
q55295	c55295	1
q55296	c55296	1
q55297	c55297	1
q55298	c55298	1
q55299	c55299	1
q55300	c55300	1
q55301	c55301	1
q55302	c55302	1
q55303	c55303	1
q55304	c55304	1
q55305	c55305	1
q55306	c55306	1
q55307	c55307	1
q55308	c55308	1
q55309	c55309	1
q55310	c55310	1
q55311	c55311	1
q55312	c55312	1
q55313	c55313	1
q55314	c55314	1
q55315	c55315	1
q55316	c55316	1
q55317	c55317	1
q55318	c55318	1
q55319	c55319	1
q55320	c55320	1
q55321	c55321	1
q55322	c55322	1
q55323	c55323	1
q55324	c55324	1
q55325	c55325	1
q55326	c55326	1
q55327	c55327	1
q55328	c55328	1
q55329	c55329	1
q55330	c55330	1
q55331	c55331	1
q55332	c55332	1
q55333	c55333	1
q55334	c55334	1
q55335	c55335	1
q55336	c55336	1
q55337	c55337	1
q55338	c55338	1
q55339	c55339	1
q55340	c55340	1
q55341	c55341	1
q55342	c55342	1
q55343	c55343	1
q55344	c55344	1
q55345	c55345	1
q55346	c55346	1
q55347	c55347	1
q55348	c55348	1
q55349	c55349	1
q55350	c55350	1
q55351	c55351	1
q55352	c55352	1
q55353	c55353	1
q55354	c55354	1
q55355	c55355	1
q55356	c55356	1
q55357	c55357	1
q55358	c55358	1
q55359	c55359	1
q55360	c55360	1
q55361	c55361	1
q55362	c55362	1
q55363	c55363	1
q55364	c55364	1
q55365	c55365	1
q55366	c55366	1
q55367	c55367	1
q55368	c55368	1
q55369	c55369	1
q55370	c55370	1
q55371	c55371	1
q55372	c55372	1
q55373	c55373	1
q55374	c55374	1
q55375	c55375	1
q55376	c55376	1
q55377	c55377	1
q55378	c55378	1
q55379	c55379	1
q55380	c55380	1
q55381	c55381	1
q55382	c55382	1
q55383	c55383	1
q55384	c55384	1
q55385	c55385	1
q55386	c55386	1
q55387	c55387	1
q55388	c55388	1
q55389	c55389	1
q55390	c55390	1
q55391	c55391	1
q55392	c55392	1
q55393	c55393	1
q55394	c55394	1
q55395	c55395	1
q55396	c55396	1
q55397	c55397	1
q55398	c55398	1
q55399	c55399	1
q55400	c55400	1
q55401	c55401	1
q55402	c55402	1
q55403	c55403	1
q55404	c55404	1
q55405	c55405	1
q55406	c55406	1
q55407	c55407	1
q55408	c55408	1
q55409	c55409	1
q55410	c55410	1
q55411	c55411	1
q55412	c55412	1
q55413	c55413	1
q55414	c55414	1
q55415	c55415	1
q55416	c55416	1
q55417	c55417	1
q55418	c55418	1
q55419	c55419	1
q55420	c55420	1
q55421	c55421	1
q55422	c55422	1
q55423	c55423	1
q55424	c55424	1
q55425	c55425	1
q55426	c55426	1
q55427	c55427	1
q55428	c55428	1
q55429	c55429	1
q55430	c55430	1
q55431	c55431	1
q55432	c55432	1
q55433	c55433	1
q55434	c55434	1
q55435	c55435	1
q55436	c55436	1
q55437	c55437	1
q55438	c55438	1
q55439	c55439	1
q55440	c55440	1
q55441	c55441	1
q55442	c55442	1
q55443	c55443	1
q55444	c55444	1
q55445	c55445	1
q55446	c55446	1
q55447	c55447	1
q55448	c55448	1
q55449	c55449	1
q55450	c55450	1
q55451	c55451	1
q55452	c55452	1
q55453	c55453	1
q55454	c55454	1
q55455	c55455	1
q55456	c55456	1
q55457	c55457	1
q55458	c55458	1
q55459	c55459	1
q55460	c55460	1
q55461	c55461	1
q55462	c55462	1
q55463	c55463	1
q55464	c55464	1
q55465	c55465	1
q55466	c55466	1
q55467	c55467	1
q55468	c55468	1
q55469	c55469	1
q55470	c55470	1
q55471	c55471	1
q55472	c55472	1
q55473	c55473	1
q55474	c55474	1
q55475	c55475	1
q55476	c55476	1
q55477	c55477	1
q55478	c55478	1
q55479	c55479	1
q55480	c55480	1
q55481	c55481	1
q55482	c55482	1
q55483	c55483	1
q55484	c55484	1
q55485	c55485	1
q55486	c55486	1
q55487	c55487	1
q55488	c55488	1
q55489	c55489	1
q55490	c55490	1
q55491	c55491	1
q55492	c55492	1
q55493	c55493	1
q55494	c55494	1
q55495	c55495	1
q55496	c55496	1
q55497	c55497	1
q55498	c55498	1
q55499	c55499	1
q55500	c55500	1
q55501	c55501	1
q55502	c55502	1
q55503	c55503	1
q55504	c55504	1
q55505	c55505	1
q55506	c55506	1
q55507	c55507	1
q55508	c55508	1
q55509	c55509	1
q55510	c55510	1
q55511	c55511	1
q55512	c55512	1
q55513	c55513	1
q55514	c55514	1
q55515	c55515	1
q55516	c55516	1
q55517	c55517	1
q55518	c55518	1
q55519	c55519	1
q55520	c55520	1
q55521	c55521	1
q55522	c55522	1
q55523	c55523	1
q55524	c55524	1
q55525	c55525	1
q55526	c55526	1
q55527	c55527	1
q55528	c55528	1
q55529	c55529	1
q55530	c55530	1
q55531	c55531	1
q55532	c55532	1
q55533	c55533	1
q55534	c55534	1
q55535	c55535	1
q55536	c55536	1
q55537	c55537	1
q55538	c55538	1
q55539	c55539	1
q55540	c55540	1
q55541	c55541	1
q55542	c55542	1
q55543	c55543	1
q55544	c55544	1
q55545	c55545	1
q55546	c55546	1
q55547	c55547	1
q55548	c55548	1
q55549	c55549	1
q55550	c55550	1
q55551	c55551	1
q55552	c55552	1
q55553	c55553	1
q55554	c55554	1
q55555	c55555	1
q55556	c55556	1
q55557	c55557	1
q55558	c55558	1
q55559	c55559	1
q55560	c55560	1
q55561	c55561	1
q55562	c55562	1
q55563	c55563	1
q55564	c55564	1
q55565	c55565	1
q55566	c55566	1
q55567	c55567	1
q55568	c55568	1
q55569	c55569	1
q55570	c55570	1
q55571	c55571	1
q55572	c55572	1
q55573	c55573	1
q55574	c55574	1
q55575	c55575	1
q55576	c55576	1
q55577	c55577	1
q55578	c55578	1
q55579	c55579	1
q55580	c55580	1
q55581	c55581	1
q55582	c55582	1
q55583	c55583	1
q55584	c55584	1
q55585	c55585	1
q55586	c55586	1
q55587	c55587	1
q55588	c55588	1
q55589	c55589	1
q55590	c55590	1
q55591	c55591	1
q55592	c55592	1
q55593	c55593	1
q55594	c55594	1
q55595	c55595	1
q55596	c55596	1
q55597	c55597	1
q55598	c55598	1
q55599	c55599	1
q55600	c55600	1
q55601	c55601	1
q55602	c55602	1
q55603	c55603	1
q55604	c55604	1
q55605	c55605	1
q55606	c55606	1
q55607	c55607	1
q55608	c55608	1
q55609	c55609	1
q55610	c55610	1
q55611	c55611	1
q55612	c55612	1
q55613	c55613	1
q55614	c55614	1
q55615	c55615	1
q55616	c55616	1
q55617	c55617	1
q55618	c55618	1
q55619	c55619	1
q55620	c55620	1
q55621	c55621	1
q55622	c55622	1
q55623	c55623	1
q55624	c55624	1
q55625	c55625	1
q55626	c55626	1
q55627	c55627	1
q55628	c55628	1
q55629	c55629	1
q55630	c55630	1
q55631	c55631	1
q55632	c55632	1
q55633	c55633	1
q55634	c55634	1
q55635	c55635	1
q55636	c55636	1
q55637	c55637	1
q55638	c55638	1
q55639	c55639	1
q55640	c55640	1
q55641	c55641	1
q55642	c55642	1
q55643	c55643	1
q55644	c55644	1
q55645	c55645	1
q55646	c55646	1
q55647	c55647	1
q55648	c55648	1
q55649	c55649	1
q55650	c55650	1
q55651	c55651	1
q55652	c55652	1
q55653	c55653	1
q55654	c55654	1
q55655	c55655	1
q55656	c55656	1
q55657	c55657	1
q55658	c55658	1
q55659	c55659	1
q55660	c55660	1
q55661	c55661	1
q55662	c55662	1
q55663	c55663	1
q55664	c55664	1
q55665	c55665	1
q55666	c55666	1
q55667	c55667	1
q55668	c55668	1
q55669	c55669	1
q55670	c55670	1
q55671	c55671	1
q55672	c55672	1
q55673	c55673	1
q55674	c55674	1
q55675	c55675	1
q55676	c55676	1
q55677	c55677	1
q55678	c55678	1
q55679	c55679	1
q55680	c55680	1
q55681	c55681	1
q55682	c55682	1
q55683	c55683	1
q55684	c55684	1
q55685	c55685	1
q55686	c55686	1
q55687	c55687	1
q55688	c55688	1
q55689	c55689	1
q55690	c55690	1
q55691	c55691	1
q55692	c55692	1
q55693	c55693	1
q55694	c55694	1
q55695	c55695	1
q55696	c55696	1
q55697	c55697	1
q55698	c55698	1
q55699	c55699	1
q55700	c55700	1
q55701	c55701	1
q55702	c55702	1
q55703	c55703	1
q55704	c55704	1
q55705	c55705	1
q55706	c55706	1
q55707	c55707	1
q55708	c55708	1
q55709	c55709	1
q55710	c55710	1
q55711	c55711	1
q55712	c55712	1
q55713	c55713	1
q55714	c55714	1
q55715	c55715	1
q55716	c55716	1
q55717	c55717	1
q55718	c55718	1
q55719	c55719	1
q55720	c55720	1
q55721	c55721	1
q55722	c55722	1
q55723	c55723	1
q55724	c55724	1
q55725	c55725	1
q55726	c55726	1
q55727	c55727	1
q55728	c55728	1
q55729	c55729	1
q55730	c55730	1
q55731	c55731	1
q55732	c55732	1
q55733	c55733	1
q55734	c55734	1
q55735	c55735	1
q55736	c55736	1
q55737	c55737	1
q55738	c55738	1
q55739	c55739	1
q55740	c55740	1
q55741	c55741	1
q55742	c55742	1
q55743	c55743	1
q55744	c55744	1
q55745	c55745	1
q55746	c55746	1
q55747	c55747	1
q55748	c55748	1
q55749	c55749	1
q55750	c55750	1
q55751	c55751	1
q55752	c55752	1
q55753	c55753	1
q55754	c55754	1
q55755	c55755	1
q55756	c55756	1
q55757	c55757	1
q55758	c55758	1
q55759	c55759	1
q55760	c55760	1
q55761	c55761	1
q55762	c55762	1
q55763	c55763	1
q55764	c55764	1
q55765	c55765	1
q55766	c55766	1
q55767	c55767	1
q55768	c55768	1
q55769	c55769	1
q55770	c55770	1
q55771	c55771	1
q55772	c55772	1
q55773	c55773	1
q55774	c55774	1
q55775	c55775	1
q55776	c55776	1
q55777	c55777	1
q55778	c55778	1
q55779	c55779	1
q55780	c55780	1
q55781	c55781	1
q55782	c55782	1
q55783	c55783	1
q55784	c55784	1
q55785	c55785	1
q55786	c55786	1
q55787	c55787	1
q55788	c55788	1
q55789	c55789	1
q55790	c55790	1
q55791	c55791	1
q55792	c55792	1
q55793	c55793	1
q55794	c55794	1
q55795	c55795	1
q55796	c55796	1
q55797	c55797	1
q55798	c55798	1
q55799	c55799	1
q55800	c55800	1
q55801	c55801	1
q55802	c55802	1
q55803	c55803	1
q55804	c55804	1
q55805	c55805	1
q55806	c55806	1
q55807	c55807	1
q55808	c55808	1
q55809	c55809	1
q55810	c55810	1
q55811	c55811	1
q55812	c55812	1
q55813	c55813	1
q55814	c55814	1
q55815	c55815	1
q55816	c55816	1
q55817	c55817	1
q55818	c55818	1
q55819	c55819	1
q55820	c55820	1
q55821	c55821	1
q55822	c55822	1
q55823	c55823	1
q55824	c55824	1
q55825	c55825	1
q55826	c55826	1
q55827	c55827	1
q55828	c55828	1
q55829	c55829	1
q55830	c55830	1
q55831	c55831	1
q55832	c55832	1
q55833	c55833	1
q55834	c55834	1
q55835	c55835	1
q55836	c55836	1
q55837	c55837	1
q55838	c55838	1
q55839	c55839	1
q55840	c55840	1
q55841	c55841	1
q55842	c55842	1
q55843	c55843	1
q55844	c55844	1
q55845	c55845	1
q55846	c55846	1
q55847	c55847	1
q55848	c55848	1
q55849	c55849	1
q55850	c55850	1
q55851	c55851	1
q55852	c55852	1
q55853	c55853	1
q55854	c55854	1
q55855	c55855	1
q55856	c55856	1
q55857	c55857	1
q55858	c55858	1
q55859	c55859	1
q55860	c55860	1
q55861	c55861	1
q55862	c55862	1
q55863	c55863	1
q55864	c55864	1
q55865	c55865	1
q55866	c55866	1
q55867	c55867	1
q55868	c55868	1
q55869	c55869	1
q55870	c55870	1
q55871	c55871	1
q55872	c55872	1
q55873	c55873	1
q55874	c55874	1
q55875	c55875	1
q55876	c55876	1
q55877	c55877	1
q55878	c55878	1
q55879	c55879	1
q55880	c55880	1
q55881	c55881	1
q55882	c55882	1
q55883	c55883	1
q55884	c55884	1
q55885	c55885	1
q55886	c55886	1
q55887	c55887	1
q55888	c55888	1
q55889	c55889	1
q55890	c55890	1
q55891	c55891	1
q55892	c55892	1
q55893	c55893	1
q55894	c55894	1
q55895	c55895	1
q55896	c55896	1
q55897	c55897	1
q55898	c55898	1
q55899	c55899	1
q55900	c55900	1
q55901	c55901	1
q55902	c55902	1
q55903	c55903	1
q55904	c55904	1
q55905	c55905	1
q55906	c55906	1
q55907	c55907	1
q55908	c55908	1
q55909	c55909	1
q55910	c55910	1
q55911	c55911	1
q55912	c55912	1
q55913	c55913	1
q55914	c55914	1
q55915	c55915	1
q55916	c55916	1
q55917	c55917	1
q55918	c55918	1
q55919	c55919	1
q55920	c55920	1
q55921	c55921	1
q55922	c55922	1
q55923	c55923	1
q55924	c55924	1
q55925	c55925	1
q55926	c55926	1
q55927	c55927	1
q55928	c55928	1
q55929	c55929	1
q55930	c55930	1
q55931	c55931	1
q55932	c55932	1
q55933	c55933	1
q55934	c55934	1
q55935	c55935	1
q55936	c55936	1
q55937	c55937	1
q55938	c55938	1
q55939	c55939	1
q55940	c55940	1
q55941	c55941	1
q55942	c55942	1
q55943	c55943	1
q55944	c55944	1
q55945	c55945	1
q55946	c55946	1
q55947	c55947	1
q55948	c55948	1
q55949	c55949	1
q55950	c55950	1
q55951	c55951	1
q55952	c55952	1
q55953	c55953	1
q55954	c55954	1
q55955	c55955	1
q55956	c55956	1
q55957	c55957	1
q55958	c55958	1
q55959	c55959	1
q55960	c55960	1
q55961	c55961	1
q55962	c55962	1
q55963	c55963	1
q55964	c55964	1
q55965	c55965	1
q55966	c55966	1
q55967	c55967	1
q55968	c55968	1
q55969	c55969	1
q55970	c55970	1
q55971	c55971	1
q55972	c55972	1
q55973	c55973	1
q55974	c55974	1
q55975	c55975	1
q55976	c55976	1
q55977	c55977	1
q55978	c55978	1
q55979	c55979	1
q55980	c55980	1
q55981	c55981	1
q55982	c55982	1
q55983	c55983	1
q55984	c55984	1
q55985	c55985	1
q55986	c55986	1
q55987	c55987	1
q55988	c55988	1
q55989	c55989	1
q55990	c55990	1
q55991	c55991	1
q55992	c55992	1
q55993	c55993	1
q55994	c55994	1
q55995	c55995	1
q55996	c55996	1
q55997	c55997	1
q55998	c55998	1
q55999	c55999	1
q56000	c56000	1
q56001	c56001	1
q56002	c56002	1
q56003	c56003	1
q56004	c56004	1
q56005	c56005	1
q56006	c56006	1
q56007	c56007	1
q56008	c56008	1
q56009	c56009	1
q56010	c56010	1
q56011	c56011	1
q56012	c56012	1
q56013	c56013	1
q56014	c56014	1
q56015	c56015	1
q56016	c56016	1
q56017	c56017	1
q56018	c56018	1
q56019	c56019	1
q56020	c56020	1
q56021	c56021	1
q56022	c56022	1
q56023	c56023	1
q56024	c56024	1
q56025	c56025	1
q56026	c56026	1
q56027	c56027	1
q56028	c56028	1
q56029	c56029	1
q56030	c56030	1
q56031	c56031	1
q56032	c56032	1
q56033	c56033	1
q56034	c56034	1
q56035	c56035	1
q56036	c56036	1
q56037	c56037	1
q56038	c56038	1
q56039	c56039	1
q56040	c56040	1
q56041	c56041	1
q56042	c56042	1
q56043	c56043	1
q56044	c56044	1
q56045	c56045	1
q56046	c56046	1
q56047	c56047	1
q56048	c56048	1
q56049	c56049	1
q56050	c56050	1
q56051	c56051	1
q56052	c56052	1
q56053	c56053	1
q56054	c56054	1
q56055	c56055	1
q56056	c56056	1
q56057	c56057	1
q56058	c56058	1
q56059	c56059	1
q56060	c56060	1
q56061	c56061	1
q56062	c56062	1
q56063	c56063	1
q56064	c56064	1
q56065	c56065	1
q56066	c56066	1
q56067	c56067	1
q56068	c56068	1
q56069	c56069	1
q56070	c56070	1
q56071	c56071	1
q56072	c56072	1
q56073	c56073	1
q56074	c56074	1
q56075	c56075	1
q56076	c56076	1
q56077	c56077	1
q56078	c56078	1
q56079	c56079	1
q56080	c56080	1
q56081	c56081	1
q56082	c56082	1
q56083	c56083	1
q56084	c56084	1
q56085	c56085	1
q56086	c56086	1
q56087	c56087	1
q56088	c56088	1
q56089	c56089	1
q56090	c56090	1
q56091	c56091	1
q56092	c56092	1
q56093	c56093	1
q56094	c56094	1
q56095	c56095	1
q56096	c56096	1
q56097	c56097	1
q56098	c56098	1
q56099	c56099	1
q56100	c56100	1
q56101	c56101	1
q56102	c56102	1
q56103	c56103	1
q56104	c56104	1
q56105	c56105	1
q56106	c56106	1
q56107	c56107	1
q56108	c56108	1
q56109	c56109	1
q56110	c56110	1
q56111	c56111	1
q56112	c56112	1
q56113	c56113	1
q56114	c56114	1
q56115	c56115	1
q56116	c56116	1
q56117	c56117	1
q56118	c56118	1
q56119	c56119	1
q56120	c56120	1
q56121	c56121	1
q56122	c56122	1
q56123	c56123	1
q56124	c56124	1
q56125	c56125	1
q56126	c56126	1
q56127	c56127	1
q56128	c56128	1
q56129	c56129	1
q56130	c56130	1
q56131	c56131	1
q56132	c56132	1
q56133	c56133	1
q56134	c56134	1
q56135	c56135	1
q56136	c56136	1
q56137	c56137	1
q56138	c56138	1
q56139	c56139	1
q56140	c56140	1
q56141	c56141	1
q56142	c56142	1
q56143	c56143	1
q56144	c56144	1
q56145	c56145	1
q56146	c56146	1
q56147	c56147	1
q56148	c56148	1
q56149	c56149	1
q56150	c56150	1
q56151	c56151	1
q56152	c56152	1
q56153	c56153	1
q56154	c56154	1
q56155	c56155	1
q56156	c56156	1
q56157	c56157	1
q56158	c56158	1
q56159	c56159	1
q56160	c56160	1
q56161	c56161	1
q56162	c56162	1
q56163	c56163	1
q56164	c56164	1
q56165	c56165	1
q56166	c56166	1
q56167	c56167	1
q56168	c56168	1
q56169	c56169	1
q56170	c56170	1
q56171	c56171	1
q56172	c56172	1
q56173	c56173	1
q56174	c56174	1
q56175	c56175	1
q56176	c56176	1
q56177	c56177	1
q56178	c56178	1
q56179	c56179	1
q56180	c56180	1
q56181	c56181	1
q56182	c56182	1
q56183	c56183	1
q56184	c56184	1
q56185	c56185	1
q56186	c56186	1
q56187	c56187	1
q56188	c56188	1
q56189	c56189	1
q56190	c56190	1
q56191	c56191	1
q56192	c56192	1
q56193	c56193	1
q56194	c56194	1
q56195	c56195	1
q56196	c56196	1
q56197	c56197	1
q56198	c56198	1
q56199	c56199	1
q56200	c56200	1
q56201	c56201	1
q56202	c56202	1
q56203	c56203	1
q56204	c56204	1
q56205	c56205	1
q56206	c56206	1
q56207	c56207	1
q56208	c56208	1
q56209	c56209	1
q56210	c56210	1
q56211	c56211	1
q56212	c56212	1
q56213	c56213	1
q56214	c56214	1
q56215	c56215	1
q56216	c56216	1
q56217	c56217	1
q56218	c56218	1
q56219	c56219	1
q56220	c56220	1
q56221	c56221	1
q56222	c56222	1
q56223	c56223	1
q56224	c56224	1
q56225	c56225	1
q56226	c56226	1
q56227	c56227	1
q56228	c56228	1
q56229	c56229	1
q56230	c56230	1
q56231	c56231	1
q56232	c56232	1
q56233	c56233	1
q56234	c56234	1
q56235	c56235	1
q56236	c56236	1
q56237	c56237	1
q56238	c56238	1
q56239	c56239	1
q56240	c56240	1
q56241	c56241	1
q56242	c56242	1
q56243	c56243	1
q56244	c56244	1
q56245	c56245	1
q56246	c56246	1
q56247	c56247	1
q56248	c56248	1
q56249	c56249	1
q56250	c56250	1
q56251	c56251	1
q56252	c56252	1
q56253	c56253	1
q56254	c56254	1
q56255	c56255	1
q56256	c56256	1
q56257	c56257	1
q56258	c56258	1
q56259	c56259	1
q56260	c56260	1
q56261	c56261	1
q56262	c56262	1
q56263	c56263	1
q56264	c56264	1
q56265	c56265	1
q56266	c56266	1
q56267	c56267	1
q56268	c56268	1
q56269	c56269	1
q56270	c56270	1
q56271	c56271	1
q56272	c56272	1
q56273	c56273	1
q56274	c56274	1
q56275	c56275	1
q56276	c56276	1
q56277	c56277	1
q56278	c56278	1
q56279	c56279	1
q56280	c56280	1
q56281	c56281	1
q56282	c56282	1
q56283	c56283	1
q56284	c56284	1
q56285	c56285	1
q56286	c56286	1
q56287	c56287	1
q56288	c56288	1
q56289	c56289	1
q56290	c56290	1
q56291	c56291	1
q56292	c56292	1
q56293	c56293	1
q56294	c56294	1
q56295	c56295	1
q56296	c56296	1
q56297	c56297	1
q56298	c56298	1
q56299	c56299	1
q56300	c56300	1
q56301	c56301	1
q56302	c56302	1
q56303	c56303	1
q56304	c56304	1
q56305	c56305	1
q56306	c56306	1
q56307	c56307	1
q56308	c56308	1
q56309	c56309	1
q56310	c56310	1
q56311	c56311	1
q56312	c56312	1
q56313	c56313	1
q56314	c56314	1
q56315	c56315	1
q56316	c56316	1
q56317	c56317	1
q56318	c56318	1
q56319	c56319	1
q56320	c56320	1
q56321	c56321	1
q56322	c56322	1
q56323	c56323	1
q56324	c56324	1
q56325	c56325	1
q56326	c56326	1
q56327	c56327	1
q56328	c56328	1
q56329	c56329	1
q56330	c56330	1
q56331	c56331	1
q56332	c56332	1
q56333	c56333	1
q56334	c56334	1
q56335	c56335	1
q56336	c56336	1
q56337	c56337	1
q56338	c56338	1
q56339	c56339	1
q56340	c56340	1
q56341	c56341	1
q56342	c56342	1
q56343	c56343	1
q56344	c56344	1
q56345	c56345	1
q56346	c56346	1
q56347	c56347	1
q56348	c56348	1
q56349	c56349	1
q56350	c56350	1
q56351	c56351	1
q56352	c56352	1
q56353	c56353	1
q56354	c56354	1
q56355	c56355	1
q56356	c56356	1
q56357	c56357	1
q56358	c56358	1
q56359	c56359	1
q56360	c56360	1
q56361	c56361	1
q56362	c56362	1
q56363	c56363	1
q56364	c56364	1
q56365	c56365	1
q56366	c56366	1
q56367	c56367	1
q56368	c56368	1
q56369	c56369	1
q56370	c56370	1
q56371	c56371	1
q56372	c56372	1
q56373	c56373	1
q56374	c56374	1
q56375	c56375	1
q56376	c56376	1
q56377	c56377	1
q56378	c56378	1
q56379	c56379	1
q56380	c56380	1
q56381	c56381	1
q56382	c56382	1
q56383	c56383	1
q56384	c56384	1
q56385	c56385	1
q56386	c56386	1
q56387	c56387	1
q56388	c56388	1
q56389	c56389	1
q56390	c56390	1
q56391	c56391	1
q56392	c56392	1
q56393	c56393	1
q56394	c56394	1
q56395	c56395	1
q56396	c56396	1
q56397	c56397	1
q56398	c56398	1
q56399	c56399	1
q56400	c56400	1
q56401	c56401	1
q56402	c56402	1
q56403	c56403	1
q56404	c56404	1
q56405	c56405	1
q56406	c56406	1
q56407	c56407	1
q56408	c56408	1
q56409	c56409	1
q56410	c56410	1
q56411	c56411	1
q56412	c56412	1
q56413	c56413	1
q56414	c56414	1
q56415	c56415	1
q56416	c56416	1
q56417	c56417	1
q56418	c56418	1
q56419	c56419	1
q56420	c56420	1
q56421	c56421	1
q56422	c56422	1
q56423	c56423	1
q56424	c56424	1
q56425	c56425	1
q56426	c56426	1
q56427	c56427	1
q56428	c56428	1
q56429	c56429	1
q56430	c56430	1
q56431	c56431	1
q56432	c56432	1
q56433	c56433	1
q56434	c56434	1
q56435	c56435	1
q56436	c56436	1
q56437	c56437	1
q56438	c56438	1
q56439	c56439	1
q56440	c56440	1
q56441	c56441	1
q56442	c56442	1
q56443	c56443	1
q56444	c56444	1
q56445	c56445	1
q56446	c56446	1
q56447	c56447	1
q56448	c56448	1
q56449	c56449	1
q56450	c56450	1
q56451	c56451	1
q56452	c56452	1
q56453	c56453	1
q56454	c56454	1
q56455	c56455	1
q56456	c56456	1
q56457	c56457	1
q56458	c56458	1
q56459	c56459	1
q56460	c56460	1
q56461	c56461	1
q56462	c56462	1
q56463	c56463	1
q56464	c56464	1
q56465	c56465	1
q56466	c56466	1
q56467	c56467	1
q56468	c56468	1
q56469	c56469	1
q56470	c56470	1
q56471	c56471	1
q56472	c56472	1
q56473	c56473	1
q56474	c56474	1
q56475	c56475	1
q56476	c56476	1
q56477	c56477	1
q56478	c56478	1
q56479	c56479	1
q56480	c56480	1
q56481	c56481	1
q56482	c56482	1
q56483	c56483	1
q56484	c56484	1
q56485	c56485	1
q56486	c56486	1
q56487	c56487	1
q56488	c56488	1
q56489	c56489	1
q56490	c56490	1
q56491	c56491	1
q56492	c56492	1
q56493	c56493	1
q56494	c56494	1
q56495	c56495	1
q56496	c56496	1
q56497	c56497	1
q56498	c56498	1
q56499	c56499	1
q56500	c56500	1
q56501	c56501	1
q56502	c56502	1
q56503	c56503	1
q56504	c56504	1
q56505	c56505	1
q56506	c56506	1
q56507	c56507	1
q56508	c56508	1
q56509	c56509	1
q56510	c56510	1
q56511	c56511	1
q56512	c56512	1
q56513	c56513	1
q56514	c56514	1
q56515	c56515	1
q56516	c56516	1
q56517	c56517	1
q56518	c56518	1
q56519	c56519	1
q56520	c56520	1
q56521	c56521	1
q56522	c56522	1
q56523	c56523	1
q56524	c56524	1
q56525	c56525	1
q56526	c56526	1
q56527	c56527	1
q56528	c56528	1
q56529	c56529	1
q56530	c56530	1
q56531	c56531	1
q56532	c56532	1
q56533	c56533	1
q56534	c56534	1
q56535	c56535	1
q56536	c56536	1
q56537	c56537	1
q56538	c56538	1
q56539	c56539	1
q56540	c56540	1
q56541	c56541	1
q56542	c56542	1
q56543	c56543	1
q56544	c56544	1
q56545	c56545	1
q56546	c56546	1
q56547	c56547	1
q56548	c56548	1
q56549	c56549	1
q56550	c56550	1
q56551	c56551	1
q56552	c56552	1
q56553	c56553	1
q56554	c56554	1
q56555	c56555	1
q56556	c56556	1
q56557	c56557	1
q56558	c56558	1
q56559	c56559	1
q56560	c56560	1
q56561	c56561	1
q56562	c56562	1
q56563	c56563	1
q56564	c56564	1
q56565	c56565	1
q56566	c56566	1
q56567	c56567	1
q56568	c56568	1
q56569	c56569	1
q56570	c56570	1
q56571	c56571	1
q56572	c56572	1
q56573	c56573	1
q56574	c56574	1
q56575	c56575	1
q56576	c56576	1
q56577	c56577	1
q56578	c56578	1
q56579	c56579	1
q56580	c56580	1
q56581	c56581	1
q56582	c56582	1
q56583	c56583	1
q56584	c56584	1
q56585	c56585	1
q56586	c56586	1
q56587	c56587	1
q56588	c56588	1
q56589	c56589	1
q56590	c56590	1
q56591	c56591	1
q56592	c56592	1
q56593	c56593	1
q56594	c56594	1
q56595	c56595	1
q56596	c56596	1
q56597	c56597	1
q56598	c56598	1
q56599	c56599	1
q56600	c56600	1
q56601	c56601	1
q56602	c56602	1
q56603	c56603	1
q56604	c56604	1
q56605	c56605	1
q56606	c56606	1
q56607	c56607	1
q56608	c56608	1
q56609	c56609	1
q56610	c56610	1
q56611	c56611	1
q56612	c56612	1
q56613	c56613	1
q56614	c56614	1
q56615	c56615	1
q56616	c56616	1
q56617	c56617	1
q56618	c56618	1
q56619	c56619	1
q56620	c56620	1
q56621	c56621	1
q56622	c56622	1
q56623	c56623	1
q56624	c56624	1
q56625	c56625	1
q56626	c56626	1
q56627	c56627	1
q56628	c56628	1
q56629	c56629	1
q56630	c56630	1
q56631	c56631	1
q56632	c56632	1
q56633	c56633	1
q56634	c56634	1
q56635	c56635	1
q56636	c56636	1
q56637	c56637	1
q56638	c56638	1
q56639	c56639	1
q56640	c56640	1
q56641	c56641	1
q56642	c56642	1
q56643	c56643	1
q56644	c56644	1
q56645	c56645	1
q56646	c56646	1
q56647	c56647	1
q56648	c56648	1
q56649	c56649	1
q56650	c56650	1
q56651	c56651	1
q56652	c56652	1
q56653	c56653	1
q56654	c56654	1
q56655	c56655	1
q56656	c56656	1
q56657	c56657	1
q56658	c56658	1
q56659	c56659	1
q56660	c56660	1
q56661	c56661	1
q56662	c56662	1
q56663	c56663	1
q56664	c56664	1
q56665	c56665	1
q56666	c56666	1
q56667	c56667	1
q56668	c56668	1
q56669	c56669	1
q56670	c56670	1
q56671	c56671	1
q56672	c56672	1
q56673	c56673	1
q56674	c56674	1
q56675	c56675	1
q56676	c56676	1
q56677	c56677	1
q56678	c56678	1
q56679	c56679	1
q56680	c56680	1
q56681	c56681	1
q56682	c56682	1
q56683	c56683	1
q56684	c56684	1
q56685	c56685	1
q56686	c56686	1
q56687	c56687	1
q56688	c56688	1
q56689	c56689	1
q56690	c56690	1
q56691	c56691	1
q56692	c56692	1
q56693	c56693	1
q56694	c56694	1
q56695	c56695	1
q56696	c56696	1
q56697	c56697	1
q56698	c56698	1
q56699	c56699	1
q56700	c56700	1
q56701	c56701	1
q56702	c56702	1
q56703	c56703	1
q56704	c56704	1
q56705	c56705	1
q56706	c56706	1
q56707	c56707	1
q56708	c56708	1
q56709	c56709	1
q56710	c56710	1
q56711	c56711	1
q56712	c56712	1
q56713	c56713	1
q56714	c56714	1
q56715	c56715	1
q56716	c56716	1
q56717	c56717	1
q56718	c56718	1
q56719	c56719	1
q56720	c56720	1
q56721	c56721	1
q56722	c56722	1
q56723	c56723	1
q56724	c56724	1
q56725	c56725	1
q56726	c56726	1
q56727	c56727	1
q56728	c56728	1
q56729	c56729	1
q56730	c56730	1
q56731	c56731	1
q56732	c56732	1
q56733	c56733	1
q56734	c56734	1
q56735	c56735	1
q56736	c56736	1
q56737	c56737	1
q56738	c56738	1
q56739	c56739	1
q56740	c56740	1
q56741	c56741	1
q56742	c56742	1
q56743	c56743	1
q56744	c56744	1
q56745	c56745	1
q56746	c56746	1
q56747	c56747	1
q56748	c56748	1
q56749	c56749	1
q56750	c56750	1
q56751	c56751	1
q56752	c56752	1
q56753	c56753	1
q56754	c56754	1
q56755	c56755	1
q56756	c56756	1
q56757	c56757	1
q56758	c56758	1
q56759	c56759	1
q56760	c56760	1
q56761	c56761	1
q56762	c56762	1
q56763	c56763	1
q56764	c56764	1
q56765	c56765	1
q56766	c56766	1
q56767	c56767	1
q56768	c56768	1
q56769	c56769	1
q56770	c56770	1
q56771	c56771	1
q56772	c56772	1
q56773	c56773	1
q56774	c56774	1
q56775	c56775	1
q56776	c56776	1
q56777	c56777	1
q56778	c56778	1
q56779	c56779	1
q56780	c56780	1
q56781	c56781	1
q56782	c56782	1
q56783	c56783	1
q56784	c56784	1
q56785	c56785	1
q56786	c56786	1
q56787	c56787	1
q56788	c56788	1
q56789	c56789	1
q56790	c56790	1
q56791	c56791	1
q56792	c56792	1
q56793	c56793	1
q56794	c56794	1
q56795	c56795	1
q56796	c56796	1
q56797	c56797	1
q56798	c56798	1
q56799	c56799	1
q56800	c56800	1
q56801	c56801	1
q56802	c56802	1
q56803	c56803	1
q56804	c56804	1
q56805	c56805	1
q56806	c56806	1
q56807	c56807	1
q56808	c56808	1
q56809	c56809	1
q56810	c56810	1
q56811	c56811	1
q56812	c56812	1
q56813	c56813	1
q56814	c56814	1
q56815	c56815	1
q56816	c56816	1
q56817	c56817	1
q56818	c56818	1
q56819	c56819	1
q56820	c56820	1
q56821	c56821	1
q56822	c56822	1
q56823	c56823	1
q56824	c56824	1
q56825	c56825	1
q56826	c56826	1
q56827	c56827	1
q56828	c56828	1
q56829	c56829	1
q56830	c56830	1
q56831	c56831	1
q56832	c56832	1
q56833	c56833	1
q56834	c56834	1
q56835	c56835	1
q56836	c56836	1
q56837	c56837	1
q56838	c56838	1
q56839	c56839	1
q56840	c56840	1
q56841	c56841	1
q56842	c56842	1
q56843	c56843	1
q56844	c56844	1
q56845	c56845	1
q56846	c56846	1
q56847	c56847	1
q56848	c56848	1
q56849	c56849	1
q56850	c56850	1
q56851	c56851	1
q56852	c56852	1
q56853	c56853	1
q56854	c56854	1
q56855	c56855	1
q56856	c56856	1
q56857	c56857	1
q56858	c56858	1
q56859	c56859	1
q56860	c56860	1
q56861	c56861	1
q56862	c56862	1
q56863	c56863	1
q56864	c56864	1
q56865	c56865	1
q56866	c56866	1
q56867	c56867	1
q56868	c56868	1
q56869	c56869	1
q56870	c56870	1
q56871	c56871	1
q56872	c56872	1
q56873	c56873	1
q56874	c56874	1
q56875	c56875	1
q56876	c56876	1
q56877	c56877	1
q56878	c56878	1
q56879	c56879	1
q56880	c56880	1
q56881	c56881	1
q56882	c56882	1
q56883	c56883	1
q56884	c56884	1
q56885	c56885	1
q56886	c56886	1
q56887	c56887	1
q56888	c56888	1
q56889	c56889	1
q56890	c56890	1
q56891	c56891	1
q56892	c56892	1
q56893	c56893	1
q56894	c56894	1
q56895	c56895	1
q56896	c56896	1
q56897	c56897	1
q56898	c56898	1
q56899	c56899	1
q56900	c56900	1
q56901	c56901	1
q56902	c56902	1
q56903	c56903	1
q56904	c56904	1
q56905	c56905	1
q56906	c56906	1
q56907	c56907	1
q56908	c56908	1
q56909	c56909	1
q56910	c56910	1
q56911	c56911	1
q56912	c56912	1
q56913	c56913	1
q56914	c56914	1
q56915	c56915	1
q56916	c56916	1
q56917	c56917	1
q56918	c56918	1
q56919	c56919	1
q56920	c56920	1
q56921	c56921	1
q56922	c56922	1
q56923	c56923	1
q56924	c56924	1
q56925	c56925	1
q56926	c56926	1
q56927	c56927	1
q56928	c56928	1
q56929	c56929	1
q56930	c56930	1
q56931	c56931	1
q56932	c56932	1
q56933	c56933	1
q56934	c56934	1
q56935	c56935	1
q56936	c56936	1
q56937	c56937	1
q56938	c56938	1
q56939	c56939	1
q56940	c56940	1
q56941	c56941	1
q56942	c56942	1
q56943	c56943	1
q56944	c56944	1
q56945	c56945	1
q56946	c56946	1
q56947	c56947	1
q56948	c56948	1
q56949	c56949	1
q56950	c56950	1
q56951	c56951	1
q56952	c56952	1
q56953	c56953	1
q56954	c56954	1
q56955	c56955	1
q56956	c56956	1
q56957	c56957	1
q56958	c56958	1
q56959	c56959	1
q56960	c56960	1
q56961	c56961	1
q56962	c56962	1
q56963	c56963	1
q56964	c56964	1
q56965	c56965	1
q56966	c56966	1
q56967	c56967	1
q56968	c56968	1
q56969	c56969	1
q56970	c56970	1
q56971	c56971	1
q56972	c56972	1
q56973	c56973	1
q56974	c56974	1
q56975	c56975	1
q56976	c56976	1
q56977	c56977	1
q56978	c56978	1
q56979	c56979	1
q56980	c56980	1
q56981	c56981	1
q56982	c56982	1
q56983	c56983	1
q56984	c56984	1
q56985	c56985	1
q56986	c56986	1
q56987	c56987	1
q56988	c56988	1
q56989	c56989	1
q56990	c56990	1
q56991	c56991	1
q56992	c56992	1
q56993	c56993	1
q56994	c56994	1
q56995	c56995	1
q56996	c56996	1
q56997	c56997	1
q56998	c56998	1
q56999	c56999	1
q57000	c57000	1
q57001	c57001	1
q57002	c57002	1
q57003	c57003	1
q57004	c57004	1
q57005	c57005	1
q57006	c57006	1
q57007	c57007	1
q57008	c57008	1
q57009	c57009	1
q57010	c57010	1
q57011	c57011	1
q57012	c57012	1
q57013	c57013	1
q57014	c57014	1
q57015	c57015	1
q57016	c57016	1
q57017	c57017	1
q57018	c57018	1
q57019	c57019	1
q57020	c57020	1
q57021	c57021	1
q57022	c57022	1
q57023	c57023	1
q57024	c57024	1
q57025	c57025	1
q57026	c57026	1
q57027	c57027	1
q57028	c57028	1
q57029	c57029	1
q57030	c57030	1
q57031	c57031	1
q57032	c57032	1
q57033	c57033	1
q57034	c57034	1
q57035	c57035	1
q57036	c57036	1
q57037	c57037	1
q57038	c57038	1
q57039	c57039	1
q57040	c57040	1
q57041	c57041	1
q57042	c57042	1
q57043	c57043	1
q57044	c57044	1
q57045	c57045	1
q57046	c57046	1
q57047	c57047	1
q57048	c57048	1
q57049	c57049	1
q57050	c57050	1
q57051	c57051	1
q57052	c57052	1
q57053	c57053	1
q57054	c57054	1
q57055	c57055	1
q57056	c57056	1
q57057	c57057	1
q57058	c57058	1
q57059	c57059	1
q57060	c57060	1
q57061	c57061	1
q57062	c57062	1
q57063	c57063	1
q57064	c57064	1
q57065	c57065	1
q57066	c57066	1
q57067	c57067	1
q57068	c57068	1
q57069	c57069	1
q57070	c57070	1
q57071	c57071	1
q57072	c57072	1
q57073	c57073	1
q57074	c57074	1
q57075	c57075	1
q57076	c57076	1
q57077	c57077	1
q57078	c57078	1
q57079	c57079	1
q57080	c57080	1
q57081	c57081	1
q57082	c57082	1
q57083	c57083	1
q57084	c57084	1
q57085	c57085	1
q57086	c57086	1
q57087	c57087	1
q57088	c57088	1
q57089	c57089	1
q57090	c57090	1
q57091	c57091	1
q57092	c57092	1
q57093	c57093	1
q57094	c57094	1
q57095	c57095	1
q57096	c57096	1
q57097	c57097	1
q57098	c57098	1
q57099	c57099	1
q57100	c57100	1
q57101	c57101	1
q57102	c57102	1
q57103	c57103	1
q57104	c57104	1
q57105	c57105	1
q57106	c57106	1
q57107	c57107	1
q57108	c57108	1
q57109	c57109	1
q57110	c57110	1
q57111	c57111	1
q57112	c57112	1
q57113	c57113	1
q57114	c57114	1
q57115	c57115	1
q57116	c57116	1
q57117	c57117	1
q57118	c57118	1
q57119	c57119	1
q57120	c57120	1
q57121	c57121	1
q57122	c57122	1
q57123	c57123	1
q57124	c57124	1
q57125	c57125	1
q57126	c57126	1
q57127	c57127	1
q57128	c57128	1
q57129	c57129	1
q57130	c57130	1
q57131	c57131	1
q57132	c57132	1
q57133	c57133	1
q57134	c57134	1
q57135	c57135	1
q57136	c57136	1
q57137	c57137	1
q57138	c57138	1
q57139	c57139	1
q57140	c57140	1
q57141	c57141	1
q57142	c57142	1
q57143	c57143	1
q57144	c57144	1
q57145	c57145	1
q57146	c57146	1
q57147	c57147	1
q57148	c57148	1
q57149	c57149	1
q57150	c57150	1
q57151	c57151	1
q57152	c57152	1
q57153	c57153	1
q57154	c57154	1
q57155	c57155	1
q57156	c57156	1
q57157	c57157	1
q57158	c57158	1
q57159	c57159	1
q57160	c57160	1
q57161	c57161	1
q57162	c57162	1
q57163	c57163	1
q57164	c57164	1
q57165	c57165	1
q57166	c57166	1
q57167	c57167	1
q57168	c57168	1
q57169	c57169	1
q57170	c57170	1
q57171	c57171	1
q57172	c57172	1
q57173	c57173	1
q57174	c57174	1
q57175	c57175	1
q57176	c57176	1
q57177	c57177	1
q57178	c57178	1
q57179	c57179	1
q57180	c57180	1
q57181	c57181	1
q57182	c57182	1
q57183	c57183	1
q57184	c57184	1
q57185	c57185	1
q57186	c57186	1
q57187	c57187	1
q57188	c57188	1
q57189	c57189	1
q57190	c57190	1
q57191	c57191	1
q57192	c57192	1
q57193	c57193	1
q57194	c57194	1
q57195	c57195	1
q57196	c57196	1
q57197	c57197	1
q57198	c57198	1
q57199	c57199	1
q57200	c57200	1
q57201	c57201	1
q57202	c57202	1
q57203	c57203	1
q57204	c57204	1
q57205	c57205	1
q57206	c57206	1
q57207	c57207	1
q57208	c57208	1
q57209	c57209	1
q57210	c57210	1
q57211	c57211	1
q57212	c57212	1
q57213	c57213	1
q57214	c57214	1
q57215	c57215	1
q57216	c57216	1
q57217	c57217	1
q57218	c57218	1
q57219	c57219	1
q57220	c57220	1
q57221	c57221	1
q57222	c57222	1
q57223	c57223	1
q57224	c57224	1
q57225	c57225	1
q57226	c57226	1
q57227	c57227	1
q57228	c57228	1
q57229	c57229	1
q57230	c57230	1
q57231	c57231	1
q57232	c57232	1
q57233	c57233	1
q57234	c57234	1
q57235	c57235	1
q57236	c57236	1
q57237	c57237	1
q57238	c57238	1
q57239	c57239	1
q57240	c57240	1
q57241	c57241	1
q57242	c57242	1
q57243	c57243	1
q57244	c57244	1
q57245	c57245	1
q57246	c57246	1
q57247	c57247	1
q57248	c57248	1
q57249	c57249	1
q57250	c57250	1
q57251	c57251	1
q57252	c57252	1
q57253	c57253	1
q57254	c57254	1
q57255	c57255	1
q57256	c57256	1
q57257	c57257	1
q57258	c57258	1
q57259	c57259	1
q57260	c57260	1
q57261	c57261	1
q57262	c57262	1
q57263	c57263	1
q57264	c57264	1
q57265	c57265	1
q57266	c57266	1
q57267	c57267	1
q57268	c57268	1
q57269	c57269	1
q57270	c57270	1
q57271	c57271	1
q57272	c57272	1
q57273	c57273	1
q57274	c57274	1
q57275	c57275	1
q57276	c57276	1
q57277	c57277	1
q57278	c57278	1
q57279	c57279	1
q57280	c57280	1
q57281	c57281	1
q57282	c57282	1
q57283	c57283	1
q57284	c57284	1
q57285	c57285	1
q57286	c57286	1
q57287	c57287	1
q57288	c57288	1
q57289	c57289	1
q57290	c57290	1
q57291	c57291	1
q57292	c57292	1
q57293	c57293	1
q57294	c57294	1
q57295	c57295	1
q57296	c57296	1
q57297	c57297	1
q57298	c57298	1
q57299	c57299	1
q57300	c57300	1
q57301	c57301	1
q57302	c57302	1
q57303	c57303	1
q57304	c57304	1
q57305	c57305	1
q57306	c57306	1
q57307	c57307	1
q57308	c57308	1
q57309	c57309	1
q57310	c57310	1
q57311	c57311	1
q57312	c57312	1
q57313	c57313	1
q57314	c57314	1
q57315	c57315	1
q57316	c57316	1
q57317	c57317	1
q57318	c57318	1
q57319	c57319	1
q57320	c57320	1
q57321	c57321	1
q57322	c57322	1
q57323	c57323	1
q57324	c57324	1
q57325	c57325	1
q57326	c57326	1
q57327	c57327	1
q57328	c57328	1
q57329	c57329	1
q57330	c57330	1
q57331	c57331	1
q57332	c57332	1
q57333	c57333	1
q57334	c57334	1
q57335	c57335	1
q57336	c57336	1
q57337	c57337	1
q57338	c57338	1
q57339	c57339	1
q57340	c57340	1
q57341	c57341	1
q57342	c57342	1
q57343	c57343	1
q57344	c57344	1
q57345	c57345	1
q57346	c57346	1
q57347	c57347	1
q57348	c57348	1
q57349	c57349	1
q57350	c57350	1
q57351	c57351	1
q57352	c57352	1
q57353	c57353	1
q57354	c57354	1
q57355	c57355	1
q57356	c57356	1
q57357	c57357	1
q57358	c57358	1
q57359	c57359	1
q57360	c57360	1
q57361	c57361	1
q57362	c57362	1
q57363	c57363	1
q57364	c57364	1
q57365	c57365	1
q57366	c57366	1
q57367	c57367	1
q57368	c57368	1
q57369	c57369	1
q57370	c57370	1
q57371	c57371	1
q57372	c57372	1
q57373	c57373	1
q57374	c57374	1
q57375	c57375	1
q57376	c57376	1
q57377	c57377	1
q57378	c57378	1
q57379	c57379	1
q57380	c57380	1
q57381	c57381	1
q57382	c57382	1
q57383	c57383	1
q57384	c57384	1
q57385	c57385	1
q57386	c57386	1
q57387	c57387	1
q57388	c57388	1
q57389	c57389	1
q57390	c57390	1
q57391	c57391	1
q57392	c57392	1
q57393	c57393	1
q57394	c57394	1
q57395	c57395	1
q57396	c57396	1
q57397	c57397	1
q57398	c57398	1
q57399	c57399	1
q57400	c57400	1
q57401	c57401	1
q57402	c57402	1
q57403	c57403	1
q57404	c57404	1
q57405	c57405	1
q57406	c57406	1
q57407	c57407	1
q57408	c57408	1
q57409	c57409	1
q57410	c57410	1
q57411	c57411	1
q57412	c57412	1
q57413	c57413	1
q57414	c57414	1
q57415	c57415	1
q57416	c57416	1
q57417	c57417	1
q57418	c57418	1
q57419	c57419	1
q57420	c57420	1
q57421	c57421	1
q57422	c57422	1
q57423	c57423	1
q57424	c57424	1
q57425	c57425	1
q57426	c57426	1
q57427	c57427	1
q57428	c57428	1
q57429	c57429	1
q57430	c57430	1
q57431	c57431	1
q57432	c57432	1
q57433	c57433	1
q57434	c57434	1
q57435	c57435	1
q57436	c57436	1
q57437	c57437	1
q57438	c57438	1
q57439	c57439	1
q57440	c57440	1
q57441	c57441	1
q57442	c57442	1
q57443	c57443	1
q57444	c57444	1
q57445	c57445	1
q57446	c57446	1
q57447	c57447	1
q57448	c57448	1
q57449	c57449	1
q57450	c57450	1
q57451	c57451	1
q57452	c57452	1
q57453	c57453	1
q57454	c57454	1
q57455	c57455	1
q57456	c57456	1
q57457	c57457	1
q57458	c57458	1
q57459	c57459	1
q57460	c57460	1
q57461	c57461	1
q57462	c57462	1
q57463	c57463	1
q57464	c57464	1
q57465	c57465	1
q57466	c57466	1
q57467	c57467	1
q57468	c57468	1
q57469	c57469	1
q57470	c57470	1
q57471	c57471	1
q57472	c57472	1
q57473	c57473	1
q57474	c57474	1
q57475	c57475	1
q57476	c57476	1
q57477	c57477	1
q57478	c57478	1
q57479	c57479	1
q57480	c57480	1
q57481	c57481	1
q57482	c57482	1
q57483	c57483	1
q57484	c57484	1
q57485	c57485	1
q57486	c57486	1
q57487	c57487	1
q57488	c57488	1
q57489	c57489	1
q57490	c57490	1
q57491	c57491	1
q57492	c57492	1
q57493	c57493	1
q57494	c57494	1
q57495	c57495	1
q57496	c57496	1
q57497	c57497	1
q57498	c57498	1
q57499	c57499	1
q57500	c57500	1
q57501	c57501	1
q57502	c57502	1
q57503	c57503	1
q57504	c57504	1
q57505	c57505	1
q57506	c57506	1
q57507	c57507	1
q57508	c57508	1
q57509	c57509	1
q57510	c57510	1
q57511	c57511	1
q57512	c57512	1
q57513	c57513	1
q57514	c57514	1
q57515	c57515	1
q57516	c57516	1
q57517	c57517	1
q57518	c57518	1
q57519	c57519	1
q57520	c57520	1
q57521	c57521	1
q57522	c57522	1
q57523	c57523	1
q57524	c57524	1
q57525	c57525	1
q57526	c57526	1
q57527	c57527	1
q57528	c57528	1
q57529	c57529	1
q57530	c57530	1
q57531	c57531	1
q57532	c57532	1
q57533	c57533	1
q57534	c57534	1
q57535	c57535	1
q57536	c57536	1
q57537	c57537	1
q57538	c57538	1
q57539	c57539	1
q57540	c57540	1
q57541	c57541	1
q57542	c57542	1
q57543	c57543	1
q57544	c57544	1
q57545	c57545	1
q57546	c57546	1
q57547	c57547	1
q57548	c57548	1
q57549	c57549	1
q57550	c57550	1
q57551	c57551	1
q57552	c57552	1
q57553	c57553	1
q57554	c57554	1
q57555	c57555	1
q57556	c57556	1
q57557	c57557	1
q57558	c57558	1
q57559	c57559	1
q57560	c57560	1
q57561	c57561	1
q57562	c57562	1
q57563	c57563	1
q57564	c57564	1
q57565	c57565	1
q57566	c57566	1
q57567	c57567	1
q57568	c57568	1
q57569	c57569	1
q57570	c57570	1
q57571	c57571	1
q57572	c57572	1
q57573	c57573	1
q57574	c57574	1
q57575	c57575	1
q57576	c57576	1
q57577	c57577	1
q57578	c57578	1
q57579	c57579	1
q57580	c57580	1
q57581	c57581	1
q57582	c57582	1
q57583	c57583	1
q57584	c57584	1
q57585	c57585	1
q57586	c57586	1
q57587	c57587	1
q57588	c57588	1
q57589	c57589	1
q57590	c57590	1
q57591	c57591	1
q57592	c57592	1
q57593	c57593	1
q57594	c57594	1
q57595	c57595	1
q57596	c57596	1
q57597	c57597	1
q57598	c57598	1
q57599	c57599	1
q57600	c57600	1
q57601	c57601	1
q57602	c57602	1
q57603	c57603	1
q57604	c57604	1
q57605	c57605	1
q57606	c57606	1
q57607	c57607	1
q57608	c57608	1
q57609	c57609	1
q57610	c57610	1
q57611	c57611	1
q57612	c57612	1
q57613	c57613	1
q57614	c57614	1
q57615	c57615	1
q57616	c57616	1
q57617	c57617	1
q57618	c57618	1
q57619	c57619	1
q57620	c57620	1
q57621	c57621	1
q57622	c57622	1
q57623	c57623	1
q57624	c57624	1
q57625	c57625	1
q57626	c57626	1
q57627	c57627	1
q57628	c57628	1
q57629	c57629	1
q57630	c57630	1
q57631	c57631	1
q57632	c57632	1
q57633	c57633	1
q57634	c57634	1
q57635	c57635	1
q57636	c57636	1
q57637	c57637	1
q57638	c57638	1
q57639	c57639	1
q57640	c57640	1
q57641	c57641	1
q57642	c57642	1
q57643	c57643	1
q57644	c57644	1
q57645	c57645	1
q57646	c57646	1
q57647	c57647	1
q57648	c57648	1
q57649	c57649	1
q57650	c57650	1
q57651	c57651	1
q57652	c57652	1
q57653	c57653	1
q57654	c57654	1
q57655	c57655	1
q57656	c57656	1
q57657	c57657	1
q57658	c57658	1
q57659	c57659	1
q57660	c57660	1
q57661	c57661	1
q57662	c57662	1
q57663	c57663	1
q57664	c57664	1
q57665	c57665	1
q57666	c57666	1
q57667	c57667	1
q57668	c57668	1
q57669	c57669	1
q57670	c57670	1
q57671	c57671	1
q57672	c57672	1
q57673	c57673	1
q57674	c57674	1
q57675	c57675	1
q57676	c57676	1
q57677	c57677	1
q57678	c57678	1
q57679	c57679	1
q57680	c57680	1
q57681	c57681	1
q57682	c57682	1
q57683	c57683	1
q57684	c57684	1
q57685	c57685	1
q57686	c57686	1
q57687	c57687	1
q57688	c57688	1
q57689	c57689	1
q57690	c57690	1
q57691	c57691	1
q57692	c57692	1
q57693	c57693	1
q57694	c57694	1
q57695	c57695	1
q57696	c57696	1
q57697	c57697	1
q57698	c57698	1
q57699	c57699	1
q57700	c57700	1
q57701	c57701	1
q57702	c57702	1
q57703	c57703	1
q57704	c57704	1
q57705	c57705	1
q57706	c57706	1
q57707	c57707	1
q57708	c57708	1
q57709	c57709	1
q57710	c57710	1
q57711	c57711	1
q57712	c57712	1
q57713	c57713	1
q57714	c57714	1
q57715	c57715	1
q57716	c57716	1
q57717	c57717	1
q57718	c57718	1
q57719	c57719	1
q57720	c57720	1
q57721	c57721	1
q57722	c57722	1
q57723	c57723	1
q57724	c57724	1
q57725	c57725	1
q57726	c57726	1
q57727	c57727	1
q57728	c57728	1
q57729	c57729	1
q57730	c57730	1
q57731	c57731	1
q57732	c57732	1
q57733	c57733	1
q57734	c57734	1
q57735	c57735	1
q57736	c57736	1
q57737	c57737	1
q57738	c57738	1
q57739	c57739	1
q57740	c57740	1
q57741	c57741	1
q57742	c57742	1
q57743	c57743	1
q57744	c57744	1
q57745	c57745	1
q57746	c57746	1
q57747	c57747	1
q57748	c57748	1
q57749	c57749	1
q57750	c57750	1
q57751	c57751	1
q57752	c57752	1
q57753	c57753	1
q57754	c57754	1
q57755	c57755	1
q57756	c57756	1
q57757	c57757	1
q57758	c57758	1
q57759	c57759	1
q57760	c57760	1
q57761	c57761	1
q57762	c57762	1
q57763	c57763	1
q57764	c57764	1
q57765	c57765	1
q57766	c57766	1
q57767	c57767	1
q57768	c57768	1
q57769	c57769	1
q57770	c57770	1
q57771	c57771	1
q57772	c57772	1
q57773	c57773	1
q57774	c57774	1
q57775	c57775	1
q57776	c57776	1
q57777	c57777	1
q57778	c57778	1
q57779	c57779	1
q57780	c57780	1
q57781	c57781	1
q57782	c57782	1
q57783	c57783	1
q57784	c57784	1
q57785	c57785	1
q57786	c57786	1
q57787	c57787	1
q57788	c57788	1
q57789	c57789	1
q57790	c57790	1
q57791	c57791	1
q57792	c57792	1
q57793	c57793	1
q57794	c57794	1
q57795	c57795	1
q57796	c57796	1
q57797	c57797	1
q57798	c57798	1
q57799	c57799	1
q57800	c57800	1
q57801	c57801	1
q57802	c57802	1
q57803	c57803	1
q57804	c57804	1
q57805	c57805	1
q57806	c57806	1
q57807	c57807	1
q57808	c57808	1
q57809	c57809	1
q57810	c57810	1
q57811	c57811	1
q57812	c57812	1
q57813	c57813	1
q57814	c57814	1
q57815	c57815	1
q57816	c57816	1
q57817	c57817	1
q57818	c57818	1
q57819	c57819	1
q57820	c57820	1
q57821	c57821	1
q57822	c57822	1
q57823	c57823	1
q57824	c57824	1
q57825	c57825	1
q57826	c57826	1
q57827	c57827	1
q57828	c57828	1
q57829	c57829	1
q57830	c57830	1
q57831	c57831	1
q57832	c57832	1
q57833	c57833	1
q57834	c57834	1
q57835	c57835	1
q57836	c57836	1
q57837	c57837	1
q57838	c57838	1
q57839	c57839	1
q57840	c57840	1
q57841	c57841	1
q57842	c57842	1
q57843	c57843	1
q57844	c57844	1
q57845	c57845	1
q57846	c57846	1
q57847	c57847	1
q57848	c57848	1
q57849	c57849	1
q57850	c57850	1
q57851	c57851	1
q57852	c57852	1
q57853	c57853	1
q57854	c57854	1
q57855	c57855	1
q57856	c57856	1
q57857	c57857	1
q57858	c57858	1
q57859	c57859	1
q57860	c57860	1
q57861	c57861	1
q57862	c57862	1
q57863	c57863	1
q57864	c57864	1
q57865	c57865	1
q57866	c57866	1
q57867	c57867	1
q57868	c57868	1
q57869	c57869	1
q57870	c57870	1
q57871	c57871	1
q57872	c57872	1
q57873	c57873	1
q57874	c57874	1
q57875	c57875	1
q57876	c57876	1
q57877	c57877	1
q57878	c57878	1
q57879	c57879	1
q57880	c57880	1
q57881	c57881	1
q57882	c57882	1
q57883	c57883	1
q57884	c57884	1
q57885	c57885	1
q57886	c57886	1
q57887	c57887	1
q57888	c57888	1
q57889	c57889	1
q57890	c57890	1
q57891	c57891	1
q57892	c57892	1
q57893	c57893	1
q57894	c57894	1
q57895	c57895	1
q57896	c57896	1
q57897	c57897	1
q57898	c57898	1
q57899	c57899	1
q57900	c57900	1
q57901	c57901	1
q57902	c57902	1
q57903	c57903	1
q57904	c57904	1
q57905	c57905	1
q57906	c57906	1
q57907	c57907	1
q57908	c57908	1
q57909	c57909	1
q57910	c57910	1
q57911	c57911	1
q57912	c57912	1
q57913	c57913	1
q57914	c57914	1
q57915	c57915	1
q57916	c57916	1
q57917	c57917	1
q57918	c57918	1
q57919	c57919	1
q57920	c57920	1
q57921	c57921	1
q57922	c57922	1
q57923	c57923	1
q57924	c57924	1
q57925	c57925	1
q57926	c57926	1
q57927	c57927	1
q57928	c57928	1
q57929	c57929	1
q57930	c57930	1
q57931	c57931	1
q57932	c57932	1
q57933	c57933	1
q57934	c57934	1
q57935	c57935	1
q57936	c57936	1
q57937	c57937	1
q57938	c57938	1
q57939	c57939	1
q57940	c57940	1
q57941	c57941	1
q57942	c57942	1
q57943	c57943	1
q57944	c57944	1
q57945	c57945	1
q57946	c57946	1
q57947	c57947	1
q57948	c57948	1
q57949	c57949	1
q57950	c57950	1
q57951	c57951	1
q57952	c57952	1
q57953	c57953	1
q57954	c57954	1
q57955	c57955	1
q57956	c57956	1
q57957	c57957	1
q57958	c57958	1
q57959	c57959	1
q57960	c57960	1
q57961	c57961	1
q57962	c57962	1
q57963	c57963	1
q57964	c57964	1
q57965	c57965	1
q57966	c57966	1
q57967	c57967	1
q57968	c57968	1
q57969	c57969	1
q57970	c57970	1
q57971	c57971	1
q57972	c57972	1
q57973	c57973	1
q57974	c57974	1
q57975	c57975	1
q57976	c57976	1
q57977	c57977	1
q57978	c57978	1
q57979	c57979	1
q57980	c57980	1
q57981	c57981	1
q57982	c57982	1
q57983	c57983	1
q57984	c57984	1
q57985	c57985	1
q57986	c57986	1
q57987	c57987	1
q57988	c57988	1
q57989	c57989	1
q57990	c57990	1
q57991	c57991	1
q57992	c57992	1
q57993	c57993	1
q57994	c57994	1
q57995	c57995	1
q57996	c57996	1
q57997	c57997	1
q57998	c57998	1
q57999	c57999	1
q58000	c58000	1
q58001	c58001	1
q58002	c58002	1
q58003	c58003	1
q58004	c58004	1
q58005	c58005	1
q58006	c58006	1
q58007	c58007	1
q58008	c58008	1
q58009	c58009	1
q58010	c58010	1
q58011	c58011	1
q58012	c58012	1
q58013	c58013	1
q58014	c58014	1
q58015	c58015	1
q58016	c58016	1
q58017	c58017	1
q58018	c58018	1
q58019	c58019	1
q58020	c58020	1
q58021	c58021	1
q58022	c58022	1
q58023	c58023	1
q58024	c58024	1
q58025	c58025	1
q58026	c58026	1
q58027	c58027	1
q58028	c58028	1
q58029	c58029	1
q58030	c58030	1
q58031	c58031	1
q58032	c58032	1
q58033	c58033	1
q58034	c58034	1
q58035	c58035	1
q58036	c58036	1
q58037	c58037	1
q58038	c58038	1
q58039	c58039	1
q58040	c58040	1
q58041	c58041	1
q58042	c58042	1
q58043	c58043	1
q58044	c58044	1
q58045	c58045	1
q58046	c58046	1
q58047	c58047	1
q58048	c58048	1
q58049	c58049	1
q58050	c58050	1
q58051	c58051	1
q58052	c58052	1
q58053	c58053	1
q58054	c58054	1
q58055	c58055	1
q58056	c58056	1
q58057	c58057	1
q58058	c58058	1
q58059	c58059	1
q58060	c58060	1
q58061	c58061	1
q58062	c58062	1
q58063	c58063	1
q58064	c58064	1
q58065	c58065	1
q58066	c58066	1
q58067	c58067	1
q58068	c58068	1
q58069	c58069	1
q58070	c58070	1
q58071	c58071	1
q58072	c58072	1
q58073	c58073	1
q58074	c58074	1
q58075	c58075	1
q58076	c58076	1
q58077	c58077	1
q58078	c58078	1
q58079	c58079	1
q58080	c58080	1
q58081	c58081	1
q58082	c58082	1
q58083	c58083	1
q58084	c58084	1
q58085	c58085	1
q58086	c58086	1
q58087	c58087	1
q58088	c58088	1
q58089	c58089	1
q58090	c58090	1
q58091	c58091	1
q58092	c58092	1
q58093	c58093	1
q58094	c58094	1
q58095	c58095	1
q58096	c58096	1
q58097	c58097	1
q58098	c58098	1
q58099	c58099	1
q58100	c58100	1
q58101	c58101	1
q58102	c58102	1
q58103	c58103	1
q58104	c58104	1
q58105	c58105	1
q58106	c58106	1
q58107	c58107	1
q58108	c58108	1
q58109	c58109	1
q58110	c58110	1
q58111	c58111	1
q58112	c58112	1
q58113	c58113	1
q58114	c58114	1
q58115	c58115	1
q58116	c58116	1
q58117	c58117	1
q58118	c58118	1
q58119	c58119	1
q58120	c58120	1
q58121	c58121	1
q58122	c58122	1
q58123	c58123	1
q58124	c58124	1
q58125	c58125	1
q58126	c58126	1
q58127	c58127	1
q58128	c58128	1
q58129	c58129	1
q58130	c58130	1
q58131	c58131	1
q58132	c58132	1
q58133	c58133	1
q58134	c58134	1
q58135	c58135	1
q58136	c58136	1
q58137	c58137	1
q58138	c58138	1
q58139	c58139	1
q58140	c58140	1
q58141	c58141	1
q58142	c58142	1
q58143	c58143	1
q58144	c58144	1
q58145	c58145	1
q58146	c58146	1
q58147	c58147	1
q58148	c58148	1
q58149	c58149	1
q58150	c58150	1
q58151	c58151	1
q58152	c58152	1
q58153	c58153	1
q58154	c58154	1
q58155	c58155	1
q58156	c58156	1
q58157	c58157	1
q58158	c58158	1
q58159	c58159	1
q58160	c58160	1
q58161	c58161	1
q58162	c58162	1
q58163	c58163	1
q58164	c58164	1
q58165	c58165	1
q58166	c58166	1
q58167	c58167	1
q58168	c58168	1
q58169	c58169	1
q58170	c58170	1
q58171	c58171	1
q58172	c58172	1
q58173	c58173	1
q58174	c58174	1
q58175	c58175	1
q58176	c58176	1
q58177	c58177	1
q58178	c58178	1
q58179	c58179	1
q58180	c58180	1
q58181	c58181	1
q58182	c58182	1
q58183	c58183	1
q58184	c58184	1
q58185	c58185	1
q58186	c58186	1
q58187	c58187	1
q58188	c58188	1
q58189	c58189	1
q58190	c58190	1
q58191	c58191	1
q58192	c58192	1
q58193	c58193	1
q58194	c58194	1
q58195	c58195	1
q58196	c58196	1
q58197	c58197	1
q58198	c58198	1
q58199	c58199	1
q58200	c58200	1
q58201	c58201	1
q58202	c58202	1
q58203	c58203	1
q58204	c58204	1
q58205	c58205	1
q58206	c58206	1
q58207	c58207	1
q58208	c58208	1
q58209	c58209	1
q58210	c58210	1
q58211	c58211	1
q58212	c58212	1
q58213	c58213	1
q58214	c58214	1
q58215	c58215	1
q58216	c58216	1
q58217	c58217	1
q58218	c58218	1
q58219	c58219	1
q58220	c58220	1
q58221	c58221	1
q58222	c58222	1
q58223	c58223	1
q58224	c58224	1
q58225	c58225	1
q58226	c58226	1
q58227	c58227	1
q58228	c58228	1
q58229	c58229	1
q58230	c58230	1
q58231	c58231	1
q58232	c58232	1
q58233	c58233	1
q58234	c58234	1
q58235	c58235	1
q58236	c58236	1
q58237	c58237	1
q58238	c58238	1
q58239	c58239	1
q58240	c58240	1
q58241	c58241	1
q58242	c58242	1
q58243	c58243	1
q58244	c58244	1
q58245	c58245	1
q58246	c58246	1
q58247	c58247	1
q58248	c58248	1
q58249	c58249	1
q58250	c58250	1
q58251	c58251	1
q58252	c58252	1
q58253	c58253	1
q58254	c58254	1
q58255	c58255	1
q58256	c58256	1
q58257	c58257	1
q58258	c58258	1
q58259	c58259	1
q58260	c58260	1
q58261	c58261	1
q58262	c58262	1
q58263	c58263	1
q58264	c58264	1
q58265	c58265	1
q58266	c58266	1
q58267	c58267	1
q58268	c58268	1
q58269	c58269	1
q58270	c58270	1
q58271	c58271	1
q58272	c58272	1
q58273	c58273	1
q58274	c58274	1
q58275	c58275	1
q58276	c58276	1
q58277	c58277	1
q58278	c58278	1
q58279	c58279	1
q58280	c58280	1
q58281	c58281	1
q58282	c58282	1
q58283	c58283	1
q58284	c58284	1
q58285	c58285	1
q58286	c58286	1
q58287	c58287	1
q58288	c58288	1
q58289	c58289	1
q58290	c58290	1
q58291	c58291	1
q58292	c58292	1
q58293	c58293	1
q58294	c58294	1
q58295	c58295	1
q58296	c58296	1
q58297	c58297	1
q58298	c58298	1
q58299	c58299	1
q58300	c58300	1
q58301	c58301	1
q58302	c58302	1
q58303	c58303	1
q58304	c58304	1
q58305	c58305	1
q58306	c58306	1
q58307	c58307	1
q58308	c58308	1
q58309	c58309	1
q58310	c58310	1
q58311	c58311	1
q58312	c58312	1
q58313	c58313	1
q58314	c58314	1
q58315	c58315	1
q58316	c58316	1
q58317	c58317	1
q58318	c58318	1
q58319	c58319	1
q58320	c58320	1
q58321	c58321	1
q58322	c58322	1
q58323	c58323	1
q58324	c58324	1
q58325	c58325	1
q58326	c58326	1
q58327	c58327	1
q58328	c58328	1
q58329	c58329	1
q58330	c58330	1
q58331	c58331	1
q58332	c58332	1
q58333	c58333	1
q58334	c58334	1
q58335	c58335	1
q58336	c58336	1
q58337	c58337	1
q58338	c58338	1
q58339	c58339	1
q58340	c58340	1
q58341	c58341	1
q58342	c58342	1
q58343	c58343	1
q58344	c58344	1
q58345	c58345	1
q58346	c58346	1
q58347	c58347	1
q58348	c58348	1
q58349	c58349	1
q58350	c58350	1
q58351	c58351	1
q58352	c58352	1
q58353	c58353	1
q58354	c58354	1
q58355	c58355	1
q58356	c58356	1
q58357	c58357	1
q58358	c58358	1
q58359	c58359	1
q58360	c58360	1
q58361	c58361	1
q58362	c58362	1
q58363	c58363	1
q58364	c58364	1
q58365	c58365	1
q58366	c58366	1
q58367	c58367	1
q58368	c58368	1
q58369	c58369	1
q58370	c58370	1
q58371	c58371	1
q58372	c58372	1
q58373	c58373	1
q58374	c58374	1
q58375	c58375	1
q58376	c58376	1
q58377	c58377	1
q58378	c58378	1
q58379	c58379	1
q58380	c58380	1
q58381	c58381	1
q58382	c58382	1
q58383	c58383	1
q58384	c58384	1
q58385	c58385	1
q58386	c58386	1
q58387	c58387	1
q58388	c58388	1
q58389	c58389	1
q58390	c58390	1
q58391	c58391	1
q58392	c58392	1
q58393	c58393	1
q58394	c58394	1
q58395	c58395	1
q58396	c58396	1
q58397	c58397	1
q58398	c58398	1
q58399	c58399	1
q58400	c58400	1
q58401	c58401	1
q58402	c58402	1
q58403	c58403	1
q58404	c58404	1
q58405	c58405	1
q58406	c58406	1
q58407	c58407	1
q58408	c58408	1
q58409	c58409	1
q58410	c58410	1
q58411	c58411	1
q58412	c58412	1
q58413	c58413	1
q58414	c58414	1
q58415	c58415	1
q58416	c58416	1
q58417	c58417	1
q58418	c58418	1
q58419	c58419	1
q58420	c58420	1
q58421	c58421	1
q58422	c58422	1
q58423	c58423	1
q58424	c58424	1
q58425	c58425	1
q58426	c58426	1
q58427	c58427	1
q58428	c58428	1
q58429	c58429	1
q58430	c58430	1
q58431	c58431	1
q58432	c58432	1
q58433	c58433	1
q58434	c58434	1
q58435	c58435	1
q58436	c58436	1
q58437	c58437	1
q58438	c58438	1
q58439	c58439	1
q58440	c58440	1
q58441	c58441	1
q58442	c58442	1
q58443	c58443	1
q58444	c58444	1
q58445	c58445	1
q58446	c58446	1
q58447	c58447	1
q58448	c58448	1
q58449	c58449	1
q58450	c58450	1
q58451	c58451	1
q58452	c58452	1
q58453	c58453	1
q58454	c58454	1
q58455	c58455	1
q58456	c58456	1
q58457	c58457	1
q58458	c58458	1
q58459	c58459	1
q58460	c58460	1
q58461	c58461	1
q58462	c58462	1
q58463	c58463	1
q58464	c58464	1
q58465	c58465	1
q58466	c58466	1
q58467	c58467	1
q58468	c58468	1
q58469	c58469	1
q58470	c58470	1
q58471	c58471	1
q58472	c58472	1
q58473	c58473	1
q58474	c58474	1
q58475	c58475	1
q58476	c58476	1
q58477	c58477	1
q58478	c58478	1
q58479	c58479	1
q58480	c58480	1
q58481	c58481	1
q58482	c58482	1
q58483	c58483	1
q58484	c58484	1
q58485	c58485	1
q58486	c58486	1
q58487	c58487	1
q58488	c58488	1
q58489	c58489	1
q58490	c58490	1
q58491	c58491	1
q58492	c58492	1
q58493	c58493	1
q58494	c58494	1
q58495	c58495	1
q58496	c58496	1
q58497	c58497	1
q58498	c58498	1
q58499	c58499	1
q58500	c58500	1
q58501	c58501	1
q58502	c58502	1
q58503	c58503	1
q58504	c58504	1
q58505	c58505	1
q58506	c58506	1
q58507	c58507	1
q58508	c58508	1
q58509	c58509	1
q58510	c58510	1
q58511	c58511	1
q58512	c58512	1
q58513	c58513	1
q58514	c58514	1
q58515	c58515	1
q58516	c58516	1
q58517	c58517	1
q58518	c58518	1
q58519	c58519	1
q58520	c58520	1
q58521	c58521	1
q58522	c58522	1
q58523	c58523	1
q58524	c58524	1
q58525	c58525	1
q58526	c58526	1
q58527	c58527	1
q58528	c58528	1
q58529	c58529	1
q58530	c58530	1
q58531	c58531	1
q58532	c58532	1
q58533	c58533	1
q58534	c58534	1
q58535	c58535	1
q58536	c58536	1
q58537	c58537	1
q58538	c58538	1
q58539	c58539	1
q58540	c58540	1
q58541	c58541	1
q58542	c58542	1
q58543	c58543	1
q58544	c58544	1
q58545	c58545	1
q58546	c58546	1
q58547	c58547	1
q58548	c58548	1
q58549	c58549	1
q58550	c58550	1
q58551	c58551	1
q58552	c58552	1
q58553	c58553	1
q58554	c58554	1
q58555	c58555	1
q58556	c58556	1
q58557	c58557	1
q58558	c58558	1
q58559	c58559	1
q58560	c58560	1
q58561	c58561	1
q58562	c58562	1
q58563	c58563	1
q58564	c58564	1
q58565	c58565	1
q58566	c58566	1
q58567	c58567	1
q58568	c58568	1
q58569	c58569	1
q58570	c58570	1
q58571	c58571	1
q58572	c58572	1
q58573	c58573	1
q58574	c58574	1
q58575	c58575	1
q58576	c58576	1
q58577	c58577	1
q58578	c58578	1
q58579	c58579	1
q58580	c58580	1
q58581	c58581	1
q58582	c58582	1
q58583	c58583	1
q58584	c58584	1
q58585	c58585	1
q58586	c58586	1
q58587	c58587	1
q58588	c58588	1
q58589	c58589	1
q58590	c58590	1
q58591	c58591	1
q58592	c58592	1
q58593	c58593	1
q58594	c58594	1
q58595	c58595	1
q58596	c58596	1
q58597	c58597	1
q58598	c58598	1
q58599	c58599	1
q58600	c58600	1
q58601	c58601	1
q58602	c58602	1
q58603	c58603	1
q58604	c58604	1
q58605	c58605	1
q58606	c58606	1
q58607	c58607	1
q58608	c58608	1
q58609	c58609	1
q58610	c58610	1
q58611	c58611	1
q58612	c58612	1
q58613	c58613	1
q58614	c58614	1
q58615	c58615	1
q58616	c58616	1
q58617	c58617	1
q58618	c58618	1
q58619	c58619	1
q58620	c58620	1
q58621	c58621	1
q58622	c58622	1
q58623	c58623	1
q58624	c58624	1
q58625	c58625	1
q58626	c58626	1
q58627	c58627	1
q58628	c58628	1
q58629	c58629	1
q58630	c58630	1
q58631	c58631	1
q58632	c58632	1
q58633	c58633	1
q58634	c58634	1
q58635	c58635	1
q58636	c58636	1
q58637	c58637	1
q58638	c58638	1
q58639	c58639	1
q58640	c58640	1
q58641	c58641	1
q58642	c58642	1
q58643	c58643	1
q58644	c58644	1
q58645	c58645	1
q58646	c58646	1
q58647	c58647	1
q58648	c58648	1
q58649	c58649	1
q58650	c58650	1
q58651	c58651	1
q58652	c58652	1
q58653	c58653	1
q58654	c58654	1
q58655	c58655	1
q58656	c58656	1
q58657	c58657	1
q58658	c58658	1
q58659	c58659	1
q58660	c58660	1
q58661	c58661	1
q58662	c58662	1
q58663	c58663	1
q58664	c58664	1
q58665	c58665	1
q58666	c58666	1
q58667	c58667	1
q58668	c58668	1
q58669	c58669	1
q58670	c58670	1
q58671	c58671	1
q58672	c58672	1
q58673	c58673	1
q58674	c58674	1
q58675	c58675	1
q58676	c58676	1
q58677	c58677	1
q58678	c58678	1
q58679	c58679	1
q58680	c58680	1
q58681	c58681	1
q58682	c58682	1
q58683	c58683	1
q58684	c58684	1
q58685	c58685	1
q58686	c58686	1
q58687	c58687	1
q58688	c58688	1
q58689	c58689	1
q58690	c58690	1
q58691	c58691	1
q58692	c58692	1
q58693	c58693	1
q58694	c58694	1
q58695	c58695	1
q58696	c58696	1
q58697	c58697	1
q58698	c58698	1
q58699	c58699	1
q58700	c58700	1
q58701	c58701	1
q58702	c58702	1
q58703	c58703	1
q58704	c58704	1
q58705	c58705	1
q58706	c58706	1
q58707	c58707	1
q58708	c58708	1
q58709	c58709	1
q58710	c58710	1
q58711	c58711	1
q58712	c58712	1
q58713	c58713	1
q58714	c58714	1
q58715	c58715	1
q58716	c58716	1
q58717	c58717	1
q58718	c58718	1
q58719	c58719	1
q58720	c58720	1
q58721	c58721	1
q58722	c58722	1
q58723	c58723	1
q58724	c58724	1
q58725	c58725	1
q58726	c58726	1
q58727	c58727	1
q58728	c58728	1
q58729	c58729	1
q58730	c58730	1
q58731	c58731	1
q58732	c58732	1
q58733	c58733	1
q58734	c58734	1
q58735	c58735	1
q58736	c58736	1
q58737	c58737	1
q58738	c58738	1
q58739	c58739	1
q58740	c58740	1
q58741	c58741	1
q58742	c58742	1
q58743	c58743	1
q58744	c58744	1
q58745	c58745	1
q58746	c58746	1
q58747	c58747	1
q58748	c58748	1
q58749	c58749	1
q58750	c58750	1
q58751	c58751	1
q58752	c58752	1
q58753	c58753	1
q58754	c58754	1
q58755	c58755	1
q58756	c58756	1
q58757	c58757	1
q58758	c58758	1
q58759	c58759	1
q58760	c58760	1
q58761	c58761	1
q58762	c58762	1
q58763	c58763	1
q58764	c58764	1
q58765	c58765	1
q58766	c58766	1
q58767	c58767	1
q58768	c58768	1
q58769	c58769	1
q58770	c58770	1
q58771	c58771	1
q58772	c58772	1
q58773	c58773	1
q58774	c58774	1
q58775	c58775	1
q58776	c58776	1
q58777	c58777	1
q58778	c58778	1
q58779	c58779	1
q58780	c58780	1
q58781	c58781	1
q58782	c58782	1
q58783	c58783	1
q58784	c58784	1
q58785	c58785	1
q58786	c58786	1
q58787	c58787	1
q58788	c58788	1
q58789	c58789	1
q58790	c58790	1
q58791	c58791	1
q58792	c58792	1
q58793	c58793	1
q58794	c58794	1
q58795	c58795	1
q58796	c58796	1
q58797	c58797	1
q58798	c58798	1
q58799	c58799	1
q58800	c58800	1
q58801	c58801	1
q58802	c58802	1
q58803	c58803	1
q58804	c58804	1
q58805	c58805	1
q58806	c58806	1
q58807	c58807	1
q58808	c58808	1
q58809	c58809	1
q58810	c58810	1
q58811	c58811	1
q58812	c58812	1
q58813	c58813	1
q58814	c58814	1
q58815	c58815	1
q58816	c58816	1
q58817	c58817	1
q58818	c58818	1
q58819	c58819	1
q58820	c58820	1
q58821	c58821	1
q58822	c58822	1
q58823	c58823	1
q58824	c58824	1
q58825	c58825	1
q58826	c58826	1
q58827	c58827	1
q58828	c58828	1
q58829	c58829	1
q58830	c58830	1
q58831	c58831	1
q58832	c58832	1
q58833	c58833	1
q58834	c58834	1
q58835	c58835	1
q58836	c58836	1
q58837	c58837	1
q58838	c58838	1
q58839	c58839	1
q58840	c58840	1
q58841	c58841	1
q58842	c58842	1
q58843	c58843	1
q58844	c58844	1
q58845	c58845	1
q58846	c58846	1
q58847	c58847	1
q58848	c58848	1
q58849	c58849	1
q58850	c58850	1
q58851	c58851	1
q58852	c58852	1
q58853	c58853	1
q58854	c58854	1
q58855	c58855	1
q58856	c58856	1
q58857	c58857	1
q58858	c58858	1
q58859	c58859	1
q58860	c58860	1
q58861	c58861	1
q58862	c58862	1
q58863	c58863	1
q58864	c58864	1
q58865	c58865	1
q58866	c58866	1
q58867	c58867	1
q58868	c58868	1
q58869	c58869	1
q58870	c58870	1
q58871	c58871	1
q58872	c58872	1
q58873	c58873	1
q58874	c58874	1
q58875	c58875	1
q58876	c58876	1
q58877	c58877	1
q58878	c58878	1
q58879	c58879	1
q58880	c58880	1
q58881	c58881	1
q58882	c58882	1
q58883	c58883	1
q58884	c58884	1
q58885	c58885	1
q58886	c58886	1
q58887	c58887	1
q58888	c58888	1
q58889	c58889	1
q58890	c58890	1
q58891	c58891	1
q58892	c58892	1
q58893	c58893	1
q58894	c58894	1
q58895	c58895	1
q58896	c58896	1
q58897	c58897	1
q58898	c58898	1
q58899	c58899	1
q58900	c58900	1
q58901	c58901	1
q58902	c58902	1
q58903	c58903	1
q58904	c58904	1
q58905	c58905	1
q58906	c58906	1
q58907	c58907	1
q58908	c58908	1
q58909	c58909	1
q58910	c58910	1
q58911	c58911	1
q58912	c58912	1
q58913	c58913	1
q58914	c58914	1
q58915	c58915	1
q58916	c58916	1
q58917	c58917	1
q58918	c58918	1
q58919	c58919	1
q58920	c58920	1
q58921	c58921	1
q58922	c58922	1
q58923	c58923	1
q58924	c58924	1
q58925	c58925	1
q58926	c58926	1
q58927	c58927	1
q58928	c58928	1
q58929	c58929	1
q58930	c58930	1
q58931	c58931	1
q58932	c58932	1
q58933	c58933	1
q58934	c58934	1
q58935	c58935	1
q58936	c58936	1
q58937	c58937	1
q58938	c58938	1
q58939	c58939	1
q58940	c58940	1
q58941	c58941	1
q58942	c58942	1
q58943	c58943	1
q58944	c58944	1
q58945	c58945	1
q58946	c58946	1
q58947	c58947	1
q58948	c58948	1
q58949	c58949	1
q58950	c58950	1
q58951	c58951	1
q58952	c58952	1
q58953	c58953	1
q58954	c58954	1
q58955	c58955	1
q58956	c58956	1
q58957	c58957	1
q58958	c58958	1
q58959	c58959	1
q58960	c58960	1
q58961	c58961	1
q58962	c58962	1
q58963	c58963	1
q58964	c58964	1
q58965	c58965	1
q58966	c58966	1
q58967	c58967	1
q58968	c58968	1
q58969	c58969	1
q58970	c58970	1
q58971	c58971	1
q58972	c58972	1
q58973	c58973	1
q58974	c58974	1
q58975	c58975	1
q58976	c58976	1
q58977	c58977	1
q58978	c58978	1
q58979	c58979	1
q58980	c58980	1
q58981	c58981	1
q58982	c58982	1
q58983	c58983	1
q58984	c58984	1
q58985	c58985	1
q58986	c58986	1
q58987	c58987	1
q58988	c58988	1
q58989	c58989	1
q58990	c58990	1
q58991	c58991	1
q58992	c58992	1
q58993	c58993	1
q58994	c58994	1
q58995	c58995	1
q58996	c58996	1
q58997	c58997	1
q58998	c58998	1
q58999	c58999	1
q59000	c59000	1
q59001	c59001	1
q59002	c59002	1
q59003	c59003	1
q59004	c59004	1
q59005	c59005	1
q59006	c59006	1
q59007	c59007	1
q59008	c59008	1
q59009	c59009	1
q59010	c59010	1
q59011	c59011	1
q59012	c59012	1
q59013	c59013	1
q59014	c59014	1
q59015	c59015	1
q59016	c59016	1
q59017	c59017	1
q59018	c59018	1
q59019	c59019	1
q59020	c59020	1
q59021	c59021	1
q59022	c59022	1
q59023	c59023	1
q59024	c59024	1
q59025	c59025	1
q59026	c59026	1
q59027	c59027	1
q59028	c59028	1
q59029	c59029	1
q59030	c59030	1
q59031	c59031	1
q59032	c59032	1
q59033	c59033	1
q59034	c59034	1
q59035	c59035	1
q59036	c59036	1
q59037	c59037	1
q59038	c59038	1
q59039	c59039	1
q59040	c59040	1
q59041	c59041	1
q59042	c59042	1
q59043	c59043	1
q59044	c59044	1
q59045	c59045	1
q59046	c59046	1
q59047	c59047	1
q59048	c59048	1
q59049	c59049	1
q59050	c59050	1
q59051	c59051	1
q59052	c59052	1
q59053	c59053	1
q59054	c59054	1
q59055	c59055	1
q59056	c59056	1
q59057	c59057	1
q59058	c59058	1
q59059	c59059	1
q59060	c59060	1
q59061	c59061	1
q59062	c59062	1
q59063	c59063	1
q59064	c59064	1
q59065	c59065	1
q59066	c59066	1
q59067	c59067	1
q59068	c59068	1
q59069	c59069	1
q59070	c59070	1
q59071	c59071	1
q59072	c59072	1
q59073	c59073	1
q59074	c59074	1
q59075	c59075	1
q59076	c59076	1
q59077	c59077	1
q59078	c59078	1
q59079	c59079	1
q59080	c59080	1
q59081	c59081	1
q59082	c59082	1
q59083	c59083	1
q59084	c59084	1
q59085	c59085	1
q59086	c59086	1
q59087	c59087	1
q59088	c59088	1
q59089	c59089	1
q59090	c59090	1
q59091	c59091	1
q59092	c59092	1
q59093	c59093	1
q59094	c59094	1
q59095	c59095	1
q59096	c59096	1
q59097	c59097	1
q59098	c59098	1
q59099	c59099	1
q59100	c59100	1
q59101	c59101	1
q59102	c59102	1
q59103	c59103	1
q59104	c59104	1
q59105	c59105	1
q59106	c59106	1
q59107	c59107	1
q59108	c59108	1
q59109	c59109	1
q59110	c59110	1
q59111	c59111	1
q59112	c59112	1
q59113	c59113	1
q59114	c59114	1
q59115	c59115	1
q59116	c59116	1
q59117	c59117	1
q59118	c59118	1
q59119	c59119	1
q59120	c59120	1
q59121	c59121	1
q59122	c59122	1
q59123	c59123	1
q59124	c59124	1
q59125	c59125	1
q59126	c59126	1
q59127	c59127	1
q59128	c59128	1
q59129	c59129	1
q59130	c59130	1
q59131	c59131	1
q59132	c59132	1
q59133	c59133	1
q59134	c59134	1
q59135	c59135	1
q59136	c59136	1
q59137	c59137	1
q59138	c59138	1
q59139	c59139	1
q59140	c59140	1
q59141	c59141	1
q59142	c59142	1
q59143	c59143	1
q59144	c59144	1
q59145	c59145	1
q59146	c59146	1
q59147	c59147	1
q59148	c59148	1
q59149	c59149	1
q59150	c59150	1
q59151	c59151	1
q59152	c59152	1
q59153	c59153	1
q59154	c59154	1
q59155	c59155	1
q59156	c59156	1
q59157	c59157	1
q59158	c59158	1
q59159	c59159	1
q59160	c59160	1
q59161	c59161	1
q59162	c59162	1
q59163	c59163	1
q59164	c59164	1
q59165	c59165	1
q59166	c59166	1
q59167	c59167	1
q59168	c59168	1
q59169	c59169	1
q59170	c59170	1
q59171	c59171	1
q59172	c59172	1
q59173	c59173	1
q59174	c59174	1
q59175	c59175	1
q59176	c59176	1
q59177	c59177	1
q59178	c59178	1
q59179	c59179	1
q59180	c59180	1
q59181	c59181	1
q59182	c59182	1
q59183	c59183	1
q59184	c59184	1
q59185	c59185	1
q59186	c59186	1
q59187	c59187	1
q59188	c59188	1
q59189	c59189	1
q59190	c59190	1
q59191	c59191	1
q59192	c59192	1
q59193	c59193	1
q59194	c59194	1
q59195	c59195	1
q59196	c59196	1
q59197	c59197	1
q59198	c59198	1
q59199	c59199	1
q59200	c59200	1
q59201	c59201	1
q59202	c59202	1
q59203	c59203	1
q59204	c59204	1
q59205	c59205	1
q59206	c59206	1
q59207	c59207	1
q59208	c59208	1
q59209	c59209	1
q59210	c59210	1
q59211	c59211	1
q59212	c59212	1
q59213	c59213	1
q59214	c59214	1
q59215	c59215	1
q59216	c59216	1
q59217	c59217	1
q59218	c59218	1
q59219	c59219	1
q59220	c59220	1
q59221	c59221	1
q59222	c59222	1
q59223	c59223	1
q59224	c59224	1
q59225	c59225	1
q59226	c59226	1
q59227	c59227	1
q59228	c59228	1
q59229	c59229	1
q59230	c59230	1
q59231	c59231	1
q59232	c59232	1
q59233	c59233	1
q59234	c59234	1
q59235	c59235	1
q59236	c59236	1
q59237	c59237	1
q59238	c59238	1
q59239	c59239	1
q59240	c59240	1
q59241	c59241	1
q59242	c59242	1
q59243	c59243	1
q59244	c59244	1
q59245	c59245	1
q59246	c59246	1
q59247	c59247	1
q59248	c59248	1
q59249	c59249	1
q59250	c59250	1
q59251	c59251	1
q59252	c59252	1
q59253	c59253	1
q59254	c59254	1
q59255	c59255	1
q59256	c59256	1
q59257	c59257	1
q59258	c59258	1
q59259	c59259	1
q59260	c59260	1
q59261	c59261	1
q59262	c59262	1
q59263	c59263	1
q59264	c59264	1
q59265	c59265	1
q59266	c59266	1
q59267	c59267	1
q59268	c59268	1
q59269	c59269	1
q59270	c59270	1
q59271	c59271	1
q59272	c59272	1
q59273	c59273	1
q59274	c59274	1
q59275	c59275	1
q59276	c59276	1
q59277	c59277	1
q59278	c59278	1
q59279	c59279	1
q59280	c59280	1
q59281	c59281	1
q59282	c59282	1
q59283	c59283	1
q59284	c59284	1
q59285	c59285	1
q59286	c59286	1
q59287	c59287	1
q59288	c59288	1
q59289	c59289	1
q59290	c59290	1
q59291	c59291	1
q59292	c59292	1
q59293	c59293	1
q59294	c59294	1
q59295	c59295	1
q59296	c59296	1
q59297	c59297	1
q59298	c59298	1
q59299	c59299	1
q59300	c59300	1
q59301	c59301	1
q59302	c59302	1
q59303	c59303	1
q59304	c59304	1
q59305	c59305	1
q59306	c59306	1
q59307	c59307	1
q59308	c59308	1
q59309	c59309	1
q59310	c59310	1
q59311	c59311	1
q59312	c59312	1
q59313	c59313	1
q59314	c59314	1
q59315	c59315	1
q59316	c59316	1
q59317	c59317	1
q59318	c59318	1
q59319	c59319	1
q59320	c59320	1
q59321	c59321	1
q59322	c59322	1
q59323	c59323	1
q59324	c59324	1
q59325	c59325	1
q59326	c59326	1
q59327	c59327	1
q59328	c59328	1
q59329	c59329	1
q59330	c59330	1
q59331	c59331	1
q59332	c59332	1
q59333	c59333	1
q59334	c59334	1
q59335	c59335	1
q59336	c59336	1
q59337	c59337	1
q59338	c59338	1
q59339	c59339	1
q59340	c59340	1
q59341	c59341	1
q59342	c59342	1
q59343	c59343	1
q59344	c59344	1
q59345	c59345	1
q59346	c59346	1
q59347	c59347	1
q59348	c59348	1
q59349	c59349	1
q59350	c59350	1
q59351	c59351	1
q59352	c59352	1
q59353	c59353	1
q59354	c59354	1
q59355	c59355	1
q59356	c59356	1
q59357	c59357	1
q59358	c59358	1
q59359	c59359	1
q59360	c59360	1
q59361	c59361	1
q59362	c59362	1
q59363	c59363	1
q59364	c59364	1
q59365	c59365	1
q59366	c59366	1
q59367	c59367	1
q59368	c59368	1
q59369	c59369	1
q59370	c59370	1
q59371	c59371	1
q59372	c59372	1
q59373	c59373	1
q59374	c59374	1
q59375	c59375	1
q59376	c59376	1
q59377	c59377	1
q59378	c59378	1
q59379	c59379	1
q59380	c59380	1
q59381	c59381	1
q59382	c59382	1
q59383	c59383	1
q59384	c59384	1
q59385	c59385	1
q59386	c59386	1
q59387	c59387	1
q59388	c59388	1
q59389	c59389	1
q59390	c59390	1
q59391	c59391	1
q59392	c59392	1
q59393	c59393	1
q59394	c59394	1
q59395	c59395	1
q59396	c59396	1
q59397	c59397	1
q59398	c59398	1
q59399	c59399	1
q59400	c59400	1
q59401	c59401	1
q59402	c59402	1
q59403	c59403	1
q59404	c59404	1
q59405	c59405	1
q59406	c59406	1
q59407	c59407	1
q59408	c59408	1
q59409	c59409	1
q59410	c59410	1
q59411	c59411	1
q59412	c59412	1
q59413	c59413	1
q59414	c59414	1
q59415	c59415	1
q59416	c59416	1
q59417	c59417	1
q59418	c59418	1
q59419	c59419	1
q59420	c59420	1
q59421	c59421	1
q59422	c59422	1
q59423	c59423	1
q59424	c59424	1
q59425	c59425	1
q59426	c59426	1
q59427	c59427	1
q59428	c59428	1
q59429	c59429	1
q59430	c59430	1
q59431	c59431	1
q59432	c59432	1
q59433	c59433	1
q59434	c59434	1
q59435	c59435	1
q59436	c59436	1
q59437	c59437	1
q59438	c59438	1
q59439	c59439	1
q59440	c59440	1
q59441	c59441	1
q59442	c59442	1
q59443	c59443	1
q59444	c59444	1
q59445	c59445	1
q59446	c59446	1
q59447	c59447	1
q59448	c59448	1
q59449	c59449	1
q59450	c59450	1
q59451	c59451	1
q59452	c59452	1
q59453	c59453	1
q59454	c59454	1
q59455	c59455	1
q59456	c59456	1
q59457	c59457	1
q59458	c59458	1
q59459	c59459	1
q59460	c59460	1
q59461	c59461	1
q59462	c59462	1
q59463	c59463	1
q59464	c59464	1
q59465	c59465	1
q59466	c59466	1
q59467	c59467	1
q59468	c59468	1
q59469	c59469	1
q59470	c59470	1
q59471	c59471	1
q59472	c59472	1
q59473	c59473	1
q59474	c59474	1
q59475	c59475	1
q59476	c59476	1
q59477	c59477	1
q59478	c59478	1
q59479	c59479	1
q59480	c59480	1
q59481	c59481	1
q59482	c59482	1
q59483	c59483	1
q59484	c59484	1
q59485	c59485	1
q59486	c59486	1
q59487	c59487	1
q59488	c59488	1
q59489	c59489	1
q59490	c59490	1
q59491	c59491	1
q59492	c59492	1
q59493	c59493	1
q59494	c59494	1
q59495	c59495	1
q59496	c59496	1
q59497	c59497	1
q59498	c59498	1
q59499	c59499	1
q59500	c59500	1
q59501	c59501	1
q59502	c59502	1
q59503	c59503	1
q59504	c59504	1
q59505	c59505	1
q59506	c59506	1
q59507	c59507	1
q59508	c59508	1
q59509	c59509	1
q59510	c59510	1
q59511	c59511	1
q59512	c59512	1
q59513	c59513	1
q59514	c59514	1
q59515	c59515	1
q59516	c59516	1
q59517	c59517	1
q59518	c59518	1
q59519	c59519	1
q59520	c59520	1
q59521	c59521	1
q59522	c59522	1
q59523	c59523	1
q59524	c59524	1
q59525	c59525	1
q59526	c59526	1
q59527	c59527	1
q59528	c59528	1
q59529	c59529	1
q59530	c59530	1
q59531	c59531	1
q59532	c59532	1
q59533	c59533	1
q59534	c59534	1
q59535	c59535	1
q59536	c59536	1
q59537	c59537	1
q59538	c59538	1
q59539	c59539	1
q59540	c59540	1
q59541	c59541	1
q59542	c59542	1
q59543	c59543	1
q59544	c59544	1
q59545	c59545	1
q59546	c59546	1
q59547	c59547	1
q59548	c59548	1
q59549	c59549	1
q59550	c59550	1
q59551	c59551	1
q59552	c59552	1
q59553	c59553	1
q59554	c59554	1
q59555	c59555	1
q59556	c59556	1
q59557	c59557	1
q59558	c59558	1
q59559	c59559	1
q59560	c59560	1
q59561	c59561	1
q59562	c59562	1
q59563	c59563	1
q59564	c59564	1
q59565	c59565	1
q59566	c59566	1
q59567	c59567	1
q59568	c59568	1
q59569	c59569	1
q59570	c59570	1
q59571	c59571	1
q59572	c59572	1
q59573	c59573	1
q59574	c59574	1
q59575	c59575	1
q59576	c59576	1
q59577	c59577	1
q59578	c59578	1
q59579	c59579	1
q59580	c59580	1
q59581	c59581	1
q59582	c59582	1
q59583	c59583	1
q59584	c59584	1
q59585	c59585	1
q59586	c59586	1
q59587	c59587	1
q59588	c59588	1
q59589	c59589	1
q59590	c59590	1
q59591	c59591	1
q59592	c59592	1
q59593	c59593	1
q59594	c59594	1
q59595	c59595	1
q59596	c59596	1
q59597	c59597	1
q59598	c59598	1
q59599	c59599	1
q59600	c59600	1
q59601	c59601	1
q59602	c59602	1
q59603	c59603	1
q59604	c59604	1
q59605	c59605	1
q59606	c59606	1
q59607	c59607	1
q59608	c59608	1
q59609	c59609	1
q59610	c59610	1
q59611	c59611	1
q59612	c59612	1
q59613	c59613	1
q59614	c59614	1
q59615	c59615	1
q59616	c59616	1
q59617	c59617	1
q59618	c59618	1
q59619	c59619	1
q59620	c59620	1
q59621	c59621	1
q59622	c59622	1
q59623	c59623	1
q59624	c59624	1
q59625	c59625	1
q59626	c59626	1
q59627	c59627	1
q59628	c59628	1
q59629	c59629	1
q59630	c59630	1
q59631	c59631	1
q59632	c59632	1
q59633	c59633	1
q59634	c59634	1
q59635	c59635	1
q59636	c59636	1
q59637	c59637	1
q59638	c59638	1
q59639	c59639	1
q59640	c59640	1
q59641	c59641	1
q59642	c59642	1
q59643	c59643	1
q59644	c59644	1
q59645	c59645	1
q59646	c59646	1
q59647	c59647	1
q59648	c59648	1
q59649	c59649	1
q59650	c59650	1
q59651	c59651	1
q59652	c59652	1
q59653	c59653	1
q59654	c59654	1
q59655	c59655	1
q59656	c59656	1
q59657	c59657	1
q59658	c59658	1
q59659	c59659	1
q59660	c59660	1
q59661	c59661	1
q59662	c59662	1
q59663	c59663	1
q59664	c59664	1
q59665	c59665	1
q59666	c59666	1
q59667	c59667	1
q59668	c59668	1
q59669	c59669	1
q59670	c59670	1
q59671	c59671	1
q59672	c59672	1
q59673	c59673	1
q59674	c59674	1
q59675	c59675	1
q59676	c59676	1
q59677	c59677	1
q59678	c59678	1
q59679	c59679	1
q59680	c59680	1
q59681	c59681	1
q59682	c59682	1
q59683	c59683	1
q59684	c59684	1
q59685	c59685	1
q59686	c59686	1
q59687	c59687	1
q59688	c59688	1
q59689	c59689	1
q59690	c59690	1
q59691	c59691	1
q59692	c59692	1
q59693	c59693	1
q59694	c59694	1
q59695	c59695	1
q59696	c59696	1
q59697	c59697	1
q59698	c59698	1
q59699	c59699	1
q59700	c59700	1
q59701	c59701	1
q59702	c59702	1
q59703	c59703	1
q59704	c59704	1
q59705	c59705	1
q59706	c59706	1
q59707	c59707	1
q59708	c59708	1
q59709	c59709	1
q59710	c59710	1
q59711	c59711	1
q59712	c59712	1
q59713	c59713	1
q59714	c59714	1
q59715	c59715	1
q59716	c59716	1
q59717	c59717	1
q59718	c59718	1
q59719	c59719	1
q59720	c59720	1
q59721	c59721	1
q59722	c59722	1
q59723	c59723	1
q59724	c59724	1
q59725	c59725	1
q59726	c59726	1
q59727	c59727	1
q59728	c59728	1
q59729	c59729	1
q59730	c59730	1
q59731	c59731	1
q59732	c59732	1
q59733	c59733	1
q59734	c59734	1
q59735	c59735	1
q59736	c59736	1
q59737	c59737	1
q59738	c59738	1
q59739	c59739	1
q59740	c59740	1
q59741	c59741	1
q59742	c59742	1
q59743	c59743	1
q59744	c59744	1
q59745	c59745	1
q59746	c59746	1
q59747	c59747	1
q59748	c59748	1
q59749	c59749	1
q59750	c59750	1
q59751	c59751	1
q59752	c59752	1
q59753	c59753	1
q59754	c59754	1
q59755	c59755	1
q59756	c59756	1
q59757	c59757	1
q59758	c59758	1
q59759	c59759	1
q59760	c59760	1
q59761	c59761	1
q59762	c59762	1
q59763	c59763	1
q59764	c59764	1
q59765	c59765	1
q59766	c59766	1
q59767	c59767	1
q59768	c59768	1
q59769	c59769	1
q59770	c59770	1
q59771	c59771	1
q59772	c59772	1
q59773	c59773	1
q59774	c59774	1
q59775	c59775	1
q59776	c59776	1
q59777	c59777	1
q59778	c59778	1
q59779	c59779	1
q59780	c59780	1
q59781	c59781	1
q59782	c59782	1
q59783	c59783	1
q59784	c59784	1
q59785	c59785	1
q59786	c59786	1
q59787	c59787	1
q59788	c59788	1
q59789	c59789	1
q59790	c59790	1
q59791	c59791	1
q59792	c59792	1
q59793	c59793	1
q59794	c59794	1
q59795	c59795	1
q59796	c59796	1
q59797	c59797	1
q59798	c59798	1
q59799	c59799	1
q59800	c59800	1
q59801	c59801	1
q59802	c59802	1
q59803	c59803	1
q59804	c59804	1
q59805	c59805	1
q59806	c59806	1
q59807	c59807	1
q59808	c59808	1
q59809	c59809	1
q59810	c59810	1
q59811	c59811	1
q59812	c59812	1
q59813	c59813	1
q59814	c59814	1
q59815	c59815	1
q59816	c59816	1
q59817	c59817	1
q59818	c59818	1
q59819	c59819	1
q59820	c59820	1
q59821	c59821	1
q59822	c59822	1
q59823	c59823	1
q59824	c59824	1
q59825	c59825	1
q59826	c59826	1
q59827	c59827	1
q59828	c59828	1
q59829	c59829	1
q59830	c59830	1
q59831	c59831	1
q59832	c59832	1
q59833	c59833	1
q59834	c59834	1
q59835	c59835	1
q59836	c59836	1
q59837	c59837	1
q59838	c59838	1
q59839	c59839	1
q59840	c59840	1
q59841	c59841	1
q59842	c59842	1
q59843	c59843	1
q59844	c59844	1
q59845	c59845	1
q59846	c59846	1
q59847	c59847	1
q59848	c59848	1
q59849	c59849	1
q59850	c59850	1
q59851	c59851	1
q59852	c59852	1
q59853	c59853	1
q59854	c59854	1
q59855	c59855	1
q59856	c59856	1
q59857	c59857	1
q59858	c59858	1
q59859	c59859	1
q59860	c59860	1
q59861	c59861	1
q59862	c59862	1
q59863	c59863	1
q59864	c59864	1
q59865	c59865	1
q59866	c59866	1
q59867	c59867	1
q59868	c59868	1
q59869	c59869	1
q59870	c59870	1
q59871	c59871	1
q59872	c59872	1
q59873	c59873	1
q59874	c59874	1
q59875	c59875	1
q59876	c59876	1
q59877	c59877	1
q59878	c59878	1
q59879	c59879	1
q59880	c59880	1
q59881	c59881	1
q59882	c59882	1
q59883	c59883	1
q59884	c59884	1
q59885	c59885	1
q59886	c59886	1
q59887	c59887	1
q59888	c59888	1
q59889	c59889	1
q59890	c59890	1
q59891	c59891	1
q59892	c59892	1
q59893	c59893	1
q59894	c59894	1
q59895	c59895	1
q59896	c59896	1
q59897	c59897	1
q59898	c59898	1
q59899	c59899	1
q59900	c59900	1
q59901	c59901	1
q59902	c59902	1
q59903	c59903	1
q59904	c59904	1
q59905	c59905	1
q59906	c59906	1
q59907	c59907	1
q59908	c59908	1
q59909	c59909	1
q59910	c59910	1
q59911	c59911	1
q59912	c59912	1
q59913	c59913	1
q59914	c59914	1
q59915	c59915	1
q59916	c59916	1
q59917	c59917	1
q59918	c59918	1
q59919	c59919	1
q59920	c59920	1
q59921	c59921	1
q59922	c59922	1
q59923	c59923	1
q59924	c59924	1
q59925	c59925	1
q59926	c59926	1
q59927	c59927	1
q59928	c59928	1
q59929	c59929	1
q59930	c59930	1
q59931	c59931	1
q59932	c59932	1
q59933	c59933	1
q59934	c59934	1
q59935	c59935	1
q59936	c59936	1
q59937	c59937	1
q59938	c59938	1
q59939	c59939	1
q59940	c59940	1
q59941	c59941	1
q59942	c59942	1
q59943	c59943	1
q59944	c59944	1
q59945	c59945	1
q59946	c59946	1
q59947	c59947	1
q59948	c59948	1
q59949	c59949	1
q59950	c59950	1
q59951	c59951	1
q59952	c59952	1
q59953	c59953	1
q59954	c59954	1
q59955	c59955	1
q59956	c59956	1
q59957	c59957	1
q59958	c59958	1
q59959	c59959	1
q59960	c59960	1
q59961	c59961	1
q59962	c59962	1
q59963	c59963	1
q59964	c59964	1
q59965	c59965	1
q59966	c59966	1
q59967	c59967	1
q59968	c59968	1
q59969	c59969	1
q59970	c59970	1
q59971	c59971	1
q59972	c59972	1
q59973	c59973	1
q59974	c59974	1
q59975	c59975	1
q59976	c59976	1
q59977	c59977	1
q59978	c59978	1
q59979	c59979	1
q59980	c59980	1
q59981	c59981	1
q59982	c59982	1
q59983	c59983	1
q59984	c59984	1
q59985	c59985	1
q59986	c59986	1
q59987	c59987	1
q59988	c59988	1
q59989	c59989	1
q59990	c59990	1
q59991	c59991	1
q59992	c59992	1
q59993	c59993	1
q59994	c59994	1
q59995	c59995	1
q59996	c59996	1
q59997	c59997	1
q59998	c59998	1
q59999	c59999	1
q60000	c60000	1
q60001	c60001	1
q60002	c60002	1
q60003	c60003	1
q60004	c60004	1
q60005	c60005	1
q60006	c60006	1
q60007	c60007	1
q60008	c60008	1
q60009	c60009	1
q60010	c60010	1
q60011	c60011	1
q60012	c60012	1
q60013	c60013	1
q60014	c60014	1
q60015	c60015	1
q60016	c60016	1
q60017	c60017	1
q60018	c60018	1
q60019	c60019	1
q60020	c60020	1
q60021	c60021	1
q60022	c60022	1
q60023	c60023	1
q60024	c60024	1
q60025	c60025	1
q60026	c60026	1
q60027	c60027	1
q60028	c60028	1
q60029	c60029	1
q60030	c60030	1
q60031	c60031	1
q60032	c60032	1
q60033	c60033	1
q60034	c60034	1
q60035	c60035	1
q60036	c60036	1
q60037	c60037	1
q60038	c60038	1
q60039	c60039	1
q60040	c60040	1
q60041	c60041	1
q60042	c60042	1
q60043	c60043	1
q60044	c60044	1
q60045	c60045	1
q60046	c60046	1
q60047	c60047	1
q60048	c60048	1
q60049	c60049	1
q60050	c60050	1
q60051	c60051	1
q60052	c60052	1
q60053	c60053	1
q60054	c60054	1
q60055	c60055	1
q60056	c60056	1
q60057	c60057	1
q60058	c60058	1
q60059	c60059	1
q60060	c60060	1
q60061	c60061	1
q60062	c60062	1
q60063	c60063	1
q60064	c60064	1
q60065	c60065	1
q60066	c60066	1
q60067	c60067	1
q60068	c60068	1
q60069	c60069	1
q60070	c60070	1
q60071	c60071	1
q60072	c60072	1
q60073	c60073	1
q60074	c60074	1
q60075	c60075	1
q60076	c60076	1
q60077	c60077	1
q60078	c60078	1
q60079	c60079	1
q60080	c60080	1
q60081	c60081	1
q60082	c60082	1
q60083	c60083	1
q60084	c60084	1
q60085	c60085	1
q60086	c60086	1
q60087	c60087	1
q60088	c60088	1
q60089	c60089	1
q60090	c60090	1
q60091	c60091	1
q60092	c60092	1
q60093	c60093	1
q60094	c60094	1
q60095	c60095	1
q60096	c60096	1
q60097	c60097	1
q60098	c60098	1
q60099	c60099	1
q60100	c60100	1
q60101	c60101	1
q60102	c60102	1
q60103	c60103	1
q60104	c60104	1
q60105	c60105	1
q60106	c60106	1
q60107	c60107	1
q60108	c60108	1
q60109	c60109	1
q60110	c60110	1
q60111	c60111	1
q60112	c60112	1
q60113	c60113	1
q60114	c60114	1
q60115	c60115	1
q60116	c60116	1
q60117	c60117	1
q60118	c60118	1
q60119	c60119	1
q60120	c60120	1
q60121	c60121	1
q60122	c60122	1
q60123	c60123	1
q60124	c60124	1
q60125	c60125	1
q60126	c60126	1
q60127	c60127	1
q60128	c60128	1
q60129	c60129	1
q60130	c60130	1
q60131	c60131	1
q60132	c60132	1
q60133	c60133	1
q60134	c60134	1
q60135	c60135	1
q60136	c60136	1
q60137	c60137	1
q60138	c60138	1
q60139	c60139	1
q60140	c60140	1
q60141	c60141	1
q60142	c60142	1
q60143	c60143	1
q60144	c60144	1
q60145	c60145	1
q60146	c60146	1
q60147	c60147	1
q60148	c60148	1
q60149	c60149	1
q60150	c60150	1
q60151	c60151	1
q60152	c60152	1
q60153	c60153	1
q60154	c60154	1
q60155	c60155	1
q60156	c60156	1
q60157	c60157	1
q60158	c60158	1
q60159	c60159	1
q60160	c60160	1
q60161	c60161	1
q60162	c60162	1
q60163	c60163	1
q60164	c60164	1
q60165	c60165	1
q60166	c60166	1
q60167	c60167	1
q60168	c60168	1
q60169	c60169	1
q60170	c60170	1
q60171	c60171	1
q60172	c60172	1
q60173	c60173	1
q60174	c60174	1
q60175	c60175	1
q60176	c60176	1
q60177	c60177	1
q60178	c60178	1
q60179	c60179	1
q60180	c60180	1
q60181	c60181	1
q60182	c60182	1
q60183	c60183	1
q60184	c60184	1
q60185	c60185	1
q60186	c60186	1
q60187	c60187	1
q60188	c60188	1
q60189	c60189	1
q60190	c60190	1
q60191	c60191	1
q60192	c60192	1
q60193	c60193	1
q60194	c60194	1
q60195	c60195	1
q60196	c60196	1
q60197	c60197	1
q60198	c60198	1
q60199	c60199	1
q60200	c60200	1
q60201	c60201	1
q60202	c60202	1
q60203	c60203	1
q60204	c60204	1
q60205	c60205	1
q60206	c60206	1
q60207	c60207	1
q60208	c60208	1
q60209	c60209	1
q60210	c60210	1
q60211	c60211	1
q60212	c60212	1
q60213	c60213	1
q60214	c60214	1
q60215	c60215	1
q60216	c60216	1
q60217	c60217	1
q60218	c60218	1
q60219	c60219	1
q60220	c60220	1
q60221	c60221	1
q60222	c60222	1
q60223	c60223	1
q60224	c60224	1
q60225	c60225	1
q60226	c60226	1
q60227	c60227	1
q60228	c60228	1
q60229	c60229	1
q60230	c60230	1
q60231	c60231	1
q60232	c60232	1
q60233	c60233	1
q60234	c60234	1
q60235	c60235	1
q60236	c60236	1
q60237	c60237	1
q60238	c60238	1
q60239	c60239	1
q60240	c60240	1
q60241	c60241	1
q60242	c60242	1
q60243	c60243	1
q60244	c60244	1
q60245	c60245	1
q60246	c60246	1
q60247	c60247	1
q60248	c60248	1
q60249	c60249	1
q60250	c60250	1
q60251	c60251	1
q60252	c60252	1
q60253	c60253	1
q60254	c60254	1
q60255	c60255	1
q60256	c60256	1
q60257	c60257	1
q60258	c60258	1
q60259	c60259	1
q60260	c60260	1
q60261	c60261	1
q60262	c60262	1
q60263	c60263	1
q60264	c60264	1
q60265	c60265	1
q60266	c60266	1
q60267	c60267	1
q60268	c60268	1
q60269	c60269	1
q60270	c60270	1
q60271	c60271	1
q60272	c60272	1
q60273	c60273	1
q60274	c60274	1
q60275	c60275	1
q60276	c60276	1
q60277	c60277	1
q60278	c60278	1
q60279	c60279	1
q60280	c60280	1
q60281	c60281	1
q60282	c60282	1
q60283	c60283	1
q60284	c60284	1
q60285	c60285	1
q60286	c60286	1
q60287	c60287	1
q60288	c60288	1
q60289	c60289	1
q60290	c60290	1
q60291	c60291	1
q60292	c60292	1
q60293	c60293	1
q60294	c60294	1
q60295	c60295	1
q60296	c60296	1
q60297	c60297	1
q60298	c60298	1
q60299	c60299	1
q60300	c60300	1
q60301	c60301	1
q60302	c60302	1
q60303	c60303	1
q60304	c60304	1
q60305	c60305	1
q60306	c60306	1
q60307	c60307	1
q60308	c60308	1
q60309	c60309	1
q60310	c60310	1
q60311	c60311	1
q60312	c60312	1
q60313	c60313	1
q60314	c60314	1
q60315	c60315	1
q60316	c60316	1
q60317	c60317	1
q60318	c60318	1
q60319	c60319	1
q60320	c60320	1
q60321	c60321	1
q60322	c60322	1
q60323	c60323	1
q60324	c60324	1
q60325	c60325	1
q60326	c60326	1
q60327	c60327	1
q60328	c60328	1
q60329	c60329	1
q60330	c60330	1
q60331	c60331	1
q60332	c60332	1
q60333	c60333	1
q60334	c60334	1
q60335	c60335	1
q60336	c60336	1
q60337	c60337	1
q60338	c60338	1
q60339	c60339	1
q60340	c60340	1
q60341	c60341	1
q60342	c60342	1
q60343	c60343	1
q60344	c60344	1
q60345	c60345	1
q60346	c60346	1
q60347	c60347	1
q60348	c60348	1
q60349	c60349	1
q60350	c60350	1
q60351	c60351	1
q60352	c60352	1
q60353	c60353	1
q60354	c60354	1
q60355	c60355	1
q60356	c60356	1
q60357	c60357	1
q60358	c60358	1
q60359	c60359	1
q60360	c60360	1
q60361	c60361	1
q60362	c60362	1
q60363	c60363	1
q60364	c60364	1
q60365	c60365	1
q60366	c60366	1
q60367	c60367	1
q60368	c60368	1
q60369	c60369	1
q60370	c60370	1
q60371	c60371	1
q60372	c60372	1
q60373	c60373	1
q60374	c60374	1
q60375	c60375	1
q60376	c60376	1
q60377	c60377	1
q60378	c60378	1
q60379	c60379	1
q60380	c60380	1
q60381	c60381	1
q60382	c60382	1
q60383	c60383	1
q60384	c60384	1
q60385	c60385	1
q60386	c60386	1
q60387	c60387	1
q60388	c60388	1
q60389	c60389	1
q60390	c60390	1
q60391	c60391	1
q60392	c60392	1
q60393	c60393	1
q60394	c60394	1
q60395	c60395	1
q60396	c60396	1
q60397	c60397	1
q60398	c60398	1
q60399	c60399	1
q60400	c60400	1
q60401	c60401	1
q60402	c60402	1
q60403	c60403	1
q60404	c60404	1
q60405	c60405	1
q60406	c60406	1
q60407	c60407	1
q60408	c60408	1
q60409	c60409	1
q60410	c60410	1
q60411	c60411	1
q60412	c60412	1
q60413	c60413	1
q60414	c60414	1
q60415	c60415	1
q60416	c60416	1
q60417	c60417	1
q60418	c60418	1
q60419	c60419	1
q60420	c60420	1
q60421	c60421	1
q60422	c60422	1
q60423	c60423	1
q60424	c60424	1
q60425	c60425	1
q60426	c60426	1
q60427	c60427	1
q60428	c60428	1
q60429	c60429	1
q60430	c60430	1
q60431	c60431	1
q60432	c60432	1
q60433	c60433	1
q60434	c60434	1
q60435	c60435	1
q60436	c60436	1
q60437	c60437	1
q60438	c60438	1
q60439	c60439	1
q60440	c60440	1
q60441	c60441	1
q60442	c60442	1
q60443	c60443	1
q60444	c60444	1
q60445	c60445	1
q60446	c60446	1
q60447	c60447	1
q60448	c60448	1
q60449	c60449	1
q60450	c60450	1
q60451	c60451	1
q60452	c60452	1
q60453	c60453	1
q60454	c60454	1
q60455	c60455	1
q60456	c60456	1
q60457	c60457	1
q60458	c60458	1
q60459	c60459	1
q60460	c60460	1
q60461	c60461	1
q60462	c60462	1
q60463	c60463	1
q60464	c60464	1
q60465	c60465	1
q60466	c60466	1
q60467	c60467	1
q60468	c60468	1
q60469	c60469	1
q60470	c60470	1
q60471	c60471	1
q60472	c60472	1
q60473	c60473	1
q60474	c60474	1
q60475	c60475	1
q60476	c60476	1
q60477	c60477	1
q60478	c60478	1
q60479	c60479	1
q60480	c60480	1
q60481	c60481	1
q60482	c60482	1
q60483	c60483	1
q60484	c60484	1
q60485	c60485	1
q60486	c60486	1
q60487	c60487	1
q60488	c60488	1
q60489	c60489	1
q60490	c60490	1
q60491	c60491	1
q60492	c60492	1
q60493	c60493	1
q60494	c60494	1
q60495	c60495	1
q60496	c60496	1
q60497	c60497	1
q60498	c60498	1
q60499	c60499	1
q60500	c60500	1
q60501	c60501	1
q60502	c60502	1
q60503	c60503	1
q60504	c60504	1
q60505	c60505	1
q60506	c60506	1
q60507	c60507	1
q60508	c60508	1
q60509	c60509	1
q60510	c60510	1
q60511	c60511	1
q60512	c60512	1
q60513	c60513	1
q60514	c60514	1
q60515	c60515	1
q60516	c60516	1
q60517	c60517	1
q60518	c60518	1
q60519	c60519	1
q60520	c60520	1
q60521	c60521	1
q60522	c60522	1
q60523	c60523	1
q60524	c60524	1
q60525	c60525	1
q60526	c60526	1
q60527	c60527	1
q60528	c60528	1
q60529	c60529	1
q60530	c60530	1
q60531	c60531	1
q60532	c60532	1
q60533	c60533	1
q60534	c60534	1
q60535	c60535	1
q60536	c60536	1
q60537	c60537	1
q60538	c60538	1
q60539	c60539	1
q60540	c60540	1
q60541	c60541	1
q60542	c60542	1
q60543	c60543	1
q60544	c60544	1
q60545	c60545	1
q60546	c60546	1
q60547	c60547	1
q60548	c60548	1
q60549	c60549	1
q60550	c60550	1
q60551	c60551	1
q60552	c60552	1
q60553	c60553	1
q60554	c60554	1
q60555	c60555	1
q60556	c60556	1
q60557	c60557	1
q60558	c60558	1
q60559	c60559	1
q60560	c60560	1
q60561	c60561	1
q60562	c60562	1
q60563	c60563	1
q60564	c60564	1
q60565	c60565	1
q60566	c60566	1
q60567	c60567	1
q60568	c60568	1
q60569	c60569	1
q60570	c60570	1
q60571	c60571	1
q60572	c60572	1
q60573	c60573	1
q60574	c60574	1
q60575	c60575	1
q60576	c60576	1
q60577	c60577	1
q60578	c60578	1
q60579	c60579	1
q60580	c60580	1
q60581	c60581	1
q60582	c60582	1
q60583	c60583	1
q60584	c60584	1
q60585	c60585	1
q60586	c60586	1
q60587	c60587	1
q60588	c60588	1
q60589	c60589	1
q60590	c60590	1
q60591	c60591	1
q60592	c60592	1
q60593	c60593	1
q60594	c60594	1
q60595	c60595	1
q60596	c60596	1
q60597	c60597	1
q60598	c60598	1
q60599	c60599	1
q60600	c60600	1
q60601	c60601	1
q60602	c60602	1
q60603	c60603	1
q60604	c60604	1
q60605	c60605	1
q60606	c60606	1
q60607	c60607	1
q60608	c60608	1
q60609	c60609	1
q60610	c60610	1
q60611	c60611	1
q60612	c60612	1
q60613	c60613	1
q60614	c60614	1
q60615	c60615	1
q60616	c60616	1
q60617	c60617	1
q60618	c60618	1
q60619	c60619	1
q60620	c60620	1
q60621	c60621	1
q60622	c60622	1
q60623	c60623	1
q60624	c60624	1
q60625	c60625	1
q60626	c60626	1
q60627	c60627	1
q60628	c60628	1
q60629	c60629	1
q60630	c60630	1
q60631	c60631	1
q60632	c60632	1
q60633	c60633	1
q60634	c60634	1
q60635	c60635	1
q60636	c60636	1
q60637	c60637	1
q60638	c60638	1
q60639	c60639	1
q60640	c60640	1
q60641	c60641	1
q60642	c60642	1
q60643	c60643	1
q60644	c60644	1
q60645	c60645	1
q60646	c60646	1
q60647	c60647	1
q60648	c60648	1
q60649	c60649	1
q60650	c60650	1
q60651	c60651	1
q60652	c60652	1
q60653	c60653	1
q60654	c60654	1
q60655	c60655	1
q60656	c60656	1
q60657	c60657	1
q60658	c60658	1
q60659	c60659	1
q60660	c60660	1
q60661	c60661	1
q60662	c60662	1
q60663	c60663	1
q60664	c60664	1
q60665	c60665	1
q60666	c60666	1
q60667	c60667	1
q60668	c60668	1
q60669	c60669	1
q60670	c60670	1
q60671	c60671	1
q60672	c60672	1
q60673	c60673	1
q60674	c60674	1
q60675	c60675	1
q60676	c60676	1
q60677	c60677	1
q60678	c60678	1
q60679	c60679	1
q60680	c60680	1
q60681	c60681	1
q60682	c60682	1
q60683	c60683	1
q60684	c60684	1
q60685	c60685	1
q60686	c60686	1
q60687	c60687	1
q60688	c60688	1
q60689	c60689	1
q60690	c60690	1
q60691	c60691	1
q60692	c60692	1
q60693	c60693	1
q60694	c60694	1
q60695	c60695	1
q60696	c60696	1
q60697	c60697	1
q60698	c60698	1
q60699	c60699	1
q60700	c60700	1
q60701	c60701	1
q60702	c60702	1
q60703	c60703	1
q60704	c60704	1
q60705	c60705	1
q60706	c60706	1
q60707	c60707	1
q60708	c60708	1
q60709	c60709	1
q60710	c60710	1
q60711	c60711	1
q60712	c60712	1
q60713	c60713	1
q60714	c60714	1
q60715	c60715	1
q60716	c60716	1
q60717	c60717	1
q60718	c60718	1
q60719	c60719	1
q60720	c60720	1
q60721	c60721	1
q60722	c60722	1
q60723	c60723	1
q60724	c60724	1
q60725	c60725	1
q60726	c60726	1
q60727	c60727	1
q60728	c60728	1
q60729	c60729	1
q60730	c60730	1
q60731	c60731	1
q60732	c60732	1
q60733	c60733	1
q60734	c60734	1
q60735	c60735	1
q60736	c60736	1
q60737	c60737	1
q60738	c60738	1
q60739	c60739	1
q60740	c60740	1
q60741	c60741	1
q60742	c60742	1
q60743	c60743	1
q60744	c60744	1
q60745	c60745	1
q60746	c60746	1
q60747	c60747	1
q60748	c60748	1
q60749	c60749	1
q60750	c60750	1
q60751	c60751	1
q60752	c60752	1
q60753	c60753	1
q60754	c60754	1
q60755	c60755	1
q60756	c60756	1
q60757	c60757	1
q60758	c60758	1
q60759	c60759	1
q60760	c60760	1
q60761	c60761	1
q60762	c60762	1
q60763	c60763	1
q60764	c60764	1
q60765	c60765	1
q60766	c60766	1
q60767	c60767	1
q60768	c60768	1
q60769	c60769	1
q60770	c60770	1
q60771	c60771	1
q60772	c60772	1
q60773	c60773	1
q60774	c60774	1
q60775	c60775	1
q60776	c60776	1
q60777	c60777	1
q60778	c60778	1
q60779	c60779	1
q60780	c60780	1
q60781	c60781	1
q60782	c60782	1
q60783	c60783	1
q60784	c60784	1
q60785	c60785	1
q60786	c60786	1
q60787	c60787	1
q60788	c60788	1
q60789	c60789	1
q60790	c60790	1
q60791	c60791	1
q60792	c60792	1
q60793	c60793	1
q60794	c60794	1
q60795	c60795	1
q60796	c60796	1
q60797	c60797	1
q60798	c60798	1
q60799	c60799	1
q60800	c60800	1
q60801	c60801	1
q60802	c60802	1
q60803	c60803	1
q60804	c60804	1
q60805	c60805	1
q60806	c60806	1
q60807	c60807	1
q60808	c60808	1
q60809	c60809	1
q60810	c60810	1
q60811	c60811	1
q60812	c60812	1
q60813	c60813	1
q60814	c60814	1
q60815	c60815	1
q60816	c60816	1
q60817	c60817	1
q60818	c60818	1
q60819	c60819	1
q60820	c60820	1
q60821	c60821	1
q60822	c60822	1
q60823	c60823	1
q60824	c60824	1
q60825	c60825	1
q60826	c60826	1
q60827	c60827	1
q60828	c60828	1
q60829	c60829	1
q60830	c60830	1
q60831	c60831	1
q60832	c60832	1
q60833	c60833	1
q60834	c60834	1
q60835	c60835	1
q60836	c60836	1
q60837	c60837	1
q60838	c60838	1
q60839	c60839	1
q60840	c60840	1
q60841	c60841	1
q60842	c60842	1
q60843	c60843	1
q60844	c60844	1
q60845	c60845	1
q60846	c60846	1
q60847	c60847	1
q60848	c60848	1
q60849	c60849	1
q60850	c60850	1
q60851	c60851	1
q60852	c60852	1
q60853	c60853	1
q60854	c60854	1
q60855	c60855	1
q60856	c60856	1
q60857	c60857	1
q60858	c60858	1
q60859	c60859	1
q60860	c60860	1
q60861	c60861	1
q60862	c60862	1
q60863	c60863	1
q60864	c60864	1
q60865	c60865	1
q60866	c60866	1
q60867	c60867	1
q60868	c60868	1
q60869	c60869	1
q60870	c60870	1
q60871	c60871	1
q60872	c60872	1
q60873	c60873	1
q60874	c60874	1
q60875	c60875	1
q60876	c60876	1
q60877	c60877	1
q60878	c60878	1
q60879	c60879	1
q60880	c60880	1
q60881	c60881	1
q60882	c60882	1
q60883	c60883	1
q60884	c60884	1
q60885	c60885	1
q60886	c60886	1
q60887	c60887	1
q60888	c60888	1
q60889	c60889	1
q60890	c60890	1
q60891	c60891	1
q60892	c60892	1
q60893	c60893	1
q60894	c60894	1
q60895	c60895	1
q60896	c60896	1
q60897	c60897	1
q60898	c60898	1
q60899	c60899	1
q60900	c60900	1
q60901	c60901	1
q60902	c60902	1
q60903	c60903	1
q60904	c60904	1
q60905	c60905	1
q60906	c60906	1
q60907	c60907	1
q60908	c60908	1
q60909	c60909	1
q60910	c60910	1
q60911	c60911	1
q60912	c60912	1
q60913	c60913	1
q60914	c60914	1
q60915	c60915	1
q60916	c60916	1
q60917	c60917	1
q60918	c60918	1
q60919	c60919	1
q60920	c60920	1
q60921	c60921	1
q60922	c60922	1
q60923	c60923	1
q60924	c60924	1
q60925	c60925	1
q60926	c60926	1
q60927	c60927	1
q60928	c60928	1
q60929	c60929	1
q60930	c60930	1
q60931	c60931	1
q60932	c60932	1
q60933	c60933	1
q60934	c60934	1
q60935	c60935	1
q60936	c60936	1
q60937	c60937	1
q60938	c60938	1
q60939	c60939	1
q60940	c60940	1
q60941	c60941	1
q60942	c60942	1
q60943	c60943	1
q60944	c60944	1
q60945	c60945	1
q60946	c60946	1
q60947	c60947	1
q60948	c60948	1
q60949	c60949	1
q60950	c60950	1
q60951	c60951	1
q60952	c60952	1
q60953	c60953	1
q60954	c60954	1
q60955	c60955	1
q60956	c60956	1
q60957	c60957	1
q60958	c60958	1
q60959	c60959	1
q60960	c60960	1
q60961	c60961	1
q60962	c60962	1
q60963	c60963	1
q60964	c60964	1
q60965	c60965	1
q60966	c60966	1
q60967	c60967	1
q60968	c60968	1
q60969	c60969	1
q60970	c60970	1
q60971	c60971	1
q60972	c60972	1
q60973	c60973	1
q60974	c60974	1
q60975	c60975	1
q60976	c60976	1
q60977	c60977	1
q60978	c60978	1
q60979	c60979	1
q60980	c60980	1
q60981	c60981	1
q60982	c60982	1
q60983	c60983	1
q60984	c60984	1
q60985	c60985	1
q60986	c60986	1
q60987	c60987	1
q60988	c60988	1
q60989	c60989	1
q60990	c60990	1
q60991	c60991	1
q60992	c60992	1
q60993	c60993	1
q60994	c60994	1
q60995	c60995	1
q60996	c60996	1
q60997	c60997	1
q60998	c60998	1
q60999	c60999	1
q61000	c61000	1
q61001	c61001	1
q61002	c61002	1
q61003	c61003	1
q61004	c61004	1
q61005	c61005	1
q61006	c61006	1
q61007	c61007	1
q61008	c61008	1
q61009	c61009	1
q61010	c61010	1
q61011	c61011	1
q61012	c61012	1
q61013	c61013	1
q61014	c61014	1
q61015	c61015	1
q61016	c61016	1
q61017	c61017	1
q61018	c61018	1
q61019	c61019	1
q61020	c61020	1
q61021	c61021	1
q61022	c61022	1
q61023	c61023	1
q61024	c61024	1
q61025	c61025	1
q61026	c61026	1
q61027	c61027	1
q61028	c61028	1
q61029	c61029	1
q61030	c61030	1
q61031	c61031	1
q61032	c61032	1
q61033	c61033	1
q61034	c61034	1
q61035	c61035	1
q61036	c61036	1
q61037	c61037	1
q61038	c61038	1
q61039	c61039	1
q61040	c61040	1
q61041	c61041	1
q61042	c61042	1
q61043	c61043	1
q61044	c61044	1
q61045	c61045	1
q61046	c61046	1
q61047	c61047	1
q61048	c61048	1
q61049	c61049	1
q61050	c61050	1
q61051	c61051	1
q61052	c61052	1
q61053	c61053	1
q61054	c61054	1
q61055	c61055	1
q61056	c61056	1
q61057	c61057	1
q61058	c61058	1
q61059	c61059	1
q61060	c61060	1
q61061	c61061	1
q61062	c61062	1
q61063	c61063	1
q61064	c61064	1
q61065	c61065	1
q61066	c61066	1
q61067	c61067	1
q61068	c61068	1
q61069	c61069	1
q61070	c61070	1
q61071	c61071	1
q61072	c61072	1
q61073	c61073	1
q61074	c61074	1
q61075	c61075	1
q61076	c61076	1
q61077	c61077	1
q61078	c61078	1
q61079	c61079	1
q61080	c61080	1
q61081	c61081	1
q61082	c61082	1
q61083	c61083	1
q61084	c61084	1
q61085	c61085	1
q61086	c61086	1
q61087	c61087	1
q61088	c61088	1
q61089	c61089	1
q61090	c61090	1
q61091	c61091	1
q61092	c61092	1
q61093	c61093	1
q61094	c61094	1
q61095	c61095	1
q61096	c61096	1
q61097	c61097	1
q61098	c61098	1
q61099	c61099	1
q61100	c61100	1
q61101	c61101	1
q61102	c61102	1
q61103	c61103	1
q61104	c61104	1
q61105	c61105	1
q61106	c61106	1
q61107	c61107	1
q61108	c61108	1
q61109	c61109	1
q61110	c61110	1
q61111	c61111	1
q61112	c61112	1
q61113	c61113	1
q61114	c61114	1
q61115	c61115	1
q61116	c61116	1
q61117	c61117	1
q61118	c61118	1
q61119	c61119	1
q61120	c61120	1
q61121	c61121	1
q61122	c61122	1
q61123	c61123	1
q61124	c61124	1
q61125	c61125	1
q61126	c61126	1
q61127	c61127	1
q61128	c61128	1
q61129	c61129	1
q61130	c61130	1
q61131	c61131	1
q61132	c61132	1
q61133	c61133	1
q61134	c61134	1
q61135	c61135	1
q61136	c61136	1
q61137	c61137	1
q61138	c61138	1
q61139	c61139	1
q61140	c61140	1
q61141	c61141	1
q61142	c61142	1
q61143	c61143	1
q61144	c61144	1
q61145	c61145	1
q61146	c61146	1
q61147	c61147	1
q61148	c61148	1
q61149	c61149	1
q61150	c61150	1
q61151	c61151	1
q61152	c61152	1
q61153	c61153	1
q61154	c61154	1
q61155	c61155	1
q61156	c61156	1
q61157	c61157	1
q61158	c61158	1
q61159	c61159	1
q61160	c61160	1
q61161	c61161	1
q61162	c61162	1
q61163	c61163	1
q61164	c61164	1
q61165	c61165	1
q61166	c61166	1
q61167	c61167	1
q61168	c61168	1
q61169	c61169	1
q61170	c61170	1
q61171	c61171	1
q61172	c61172	1
q61173	c61173	1
q61174	c61174	1
q61175	c61175	1
q61176	c61176	1
q61177	c61177	1
q61178	c61178	1
q61179	c61179	1
q61180	c61180	1
q61181	c61181	1
q61182	c61182	1
q61183	c61183	1
q61184	c61184	1
q61185	c61185	1
q61186	c61186	1
q61187	c61187	1
q61188	c61188	1
q61189	c61189	1
q61190	c61190	1
q61191	c61191	1
q61192	c61192	1
q61193	c61193	1
q61194	c61194	1
q61195	c61195	1
q61196	c61196	1
q61197	c61197	1
q61198	c61198	1
q61199	c61199	1
q61200	c61200	1
q61201	c61201	1
q61202	c61202	1
q61203	c61203	1
q61204	c61204	1
q61205	c61205	1
q61206	c61206	1
q61207	c61207	1
q61208	c61208	1
q61209	c61209	1
q61210	c61210	1
q61211	c61211	1
q61212	c61212	1
q61213	c61213	1
q61214	c61214	1
q61215	c61215	1
q61216	c61216	1
q61217	c61217	1
q61218	c61218	1
q61219	c61219	1
q61220	c61220	1
q61221	c61221	1
q61222	c61222	1
q61223	c61223	1
q61224	c61224	1
q61225	c61225	1
q61226	c61226	1
q61227	c61227	1
q61228	c61228	1
q61229	c61229	1
q61230	c61230	1
q61231	c61231	1
q61232	c61232	1
q61233	c61233	1
q61234	c61234	1
q61235	c61235	1
q61236	c61236	1
q61237	c61237	1
q61238	c61238	1
q61239	c61239	1
q61240	c61240	1
q61241	c61241	1
q61242	c61242	1
q61243	c61243	1
q61244	c61244	1
q61245	c61245	1
q61246	c61246	1
q61247	c61247	1
q61248	c61248	1
q61249	c61249	1
q61250	c61250	1
q61251	c61251	1
q61252	c61252	1
q61253	c61253	1
q61254	c61254	1
q61255	c61255	1
q61256	c61256	1
q61257	c61257	1
q61258	c61258	1
q61259	c61259	1
q61260	c61260	1
q61261	c61261	1
q61262	c61262	1
q61263	c61263	1
q61264	c61264	1
q61265	c61265	1
q61266	c61266	1
q61267	c61267	1
q61268	c61268	1
q61269	c61269	1
q61270	c61270	1
q61271	c61271	1
q61272	c61272	1
q61273	c61273	1
q61274	c61274	1
q61275	c61275	1
q61276	c61276	1
q61277	c61277	1
q61278	c61278	1
q61279	c61279	1
q61280	c61280	1
q61281	c61281	1
q61282	c61282	1
q61283	c61283	1
q61284	c61284	1
q61285	c61285	1
q61286	c61286	1
q61287	c61287	1
q61288	c61288	1
q61289	c61289	1
q61290	c61290	1
q61291	c61291	1
q61292	c61292	1
q61293	c61293	1
q61294	c61294	1
q61295	c61295	1
q61296	c61296	1
q61297	c61297	1
q61298	c61298	1
q61299	c61299	1
q61300	c61300	1
q61301	c61301	1
q61302	c61302	1
q61303	c61303	1
q61304	c61304	1
q61305	c61305	1
q61306	c61306	1
q61307	c61307	1
q61308	c61308	1
q61309	c61309	1
q61310	c61310	1
q61311	c61311	1
q61312	c61312	1
q61313	c61313	1
q61314	c61314	1
q61315	c61315	1
q61316	c61316	1
q61317	c61317	1
q61318	c61318	1
q61319	c61319	1
q61320	c61320	1
q61321	c61321	1
q61322	c61322	1
q61323	c61323	1
q61324	c61324	1
q61325	c61325	1
q61326	c61326	1
q61327	c61327	1
q61328	c61328	1
q61329	c61329	1
q61330	c61330	1
q61331	c61331	1
q61332	c61332	1
q61333	c61333	1
q61334	c61334	1
q61335	c61335	1
q61336	c61336	1
q61337	c61337	1
q61338	c61338	1
q61339	c61339	1
q61340	c61340	1
q61341	c61341	1
q61342	c61342	1
q61343	c61343	1
q61344	c61344	1
q61345	c61345	1
q61346	c61346	1
q61347	c61347	1
q61348	c61348	1
q61349	c61349	1
q61350	c61350	1
q61351	c61351	1
q61352	c61352	1
q61353	c61353	1
q61354	c61354	1
q61355	c61355	1
q61356	c61356	1
q61357	c61357	1
q61358	c61358	1
q61359	c61359	1
q61360	c61360	1
q61361	c61361	1
q61362	c61362	1
q61363	c61363	1
q61364	c61364	1
q61365	c61365	1
q61366	c61366	1
q61367	c61367	1
q61368	c61368	1
q61369	c61369	1
q61370	c61370	1
q61371	c61371	1
q61372	c61372	1
q61373	c61373	1
q61374	c61374	1
q61375	c61375	1
q61376	c61376	1
q61377	c61377	1
q61378	c61378	1
q61379	c61379	1
q61380	c61380	1
q61381	c61381	1
q61382	c61382	1
q61383	c61383	1
q61384	c61384	1
q61385	c61385	1
q61386	c61386	1
q61387	c61387	1
q61388	c61388	1
q61389	c61389	1
q61390	c61390	1
q61391	c61391	1
q61392	c61392	1
q61393	c61393	1
q61394	c61394	1
q61395	c61395	1
q61396	c61396	1
q61397	c61397	1
q61398	c61398	1
q61399	c61399	1
q61400	c61400	1
q61401	c61401	1
q61402	c61402	1
q61403	c61403	1
q61404	c61404	1
q61405	c61405	1
q61406	c61406	1
q61407	c61407	1
q61408	c61408	1
q61409	c61409	1
q61410	c61410	1
q61411	c61411	1
q61412	c61412	1
q61413	c61413	1
q61414	c61414	1
q61415	c61415	1
q61416	c61416	1
q61417	c61417	1
q61418	c61418	1
q61419	c61419	1
q61420	c61420	1
q61421	c61421	1
q61422	c61422	1
q61423	c61423	1
q61424	c61424	1
q61425	c61425	1
q61426	c61426	1
q61427	c61427	1
q61428	c61428	1
q61429	c61429	1
q61430	c61430	1
q61431	c61431	1
q61432	c61432	1
q61433	c61433	1
q61434	c61434	1
q61435	c61435	1
q61436	c61436	1
q61437	c61437	1
q61438	c61438	1
q61439	c61439	1
q61440	c61440	1
q61441	c61441	1
q61442	c61442	1
q61443	c61443	1
q61444	c61444	1
q61445	c61445	1
q61446	c61446	1
q61447	c61447	1
q61448	c61448	1
q61449	c61449	1
q61450	c61450	1
q61451	c61451	1
q61452	c61452	1
q61453	c61453	1
q61454	c61454	1
q61455	c61455	1
q61456	c61456	1
q61457	c61457	1
q61458	c61458	1
q61459	c61459	1
q61460	c61460	1
q61461	c61461	1
q61462	c61462	1
q61463	c61463	1
q61464	c61464	1
q61465	c61465	1
q61466	c61466	1
q61467	c61467	1
q61468	c61468	1
q61469	c61469	1
q61470	c61470	1
q61471	c61471	1
q61472	c61472	1
q61473	c61473	1
q61474	c61474	1
q61475	c61475	1
q61476	c61476	1
q61477	c61477	1
q61478	c61478	1
q61479	c61479	1
q61480	c61480	1
q61481	c61481	1
q61482	c61482	1
q61483	c61483	1
q61484	c61484	1
q61485	c61485	1
q61486	c61486	1
q61487	c61487	1
q61488	c61488	1
q61489	c61489	1
q61490	c61490	1
q61491	c61491	1
q61492	c61492	1
q61493	c61493	1
q61494	c61494	1
q61495	c61495	1
q61496	c61496	1
q61497	c61497	1
q61498	c61498	1
q61499	c61499	1
q61500	c61500	1
q61501	c61501	1
q61502	c61502	1
q61503	c61503	1
q61504	c61504	1
q61505	c61505	1
q61506	c61506	1
q61507	c61507	1
q61508	c61508	1
q61509	c61509	1
q61510	c61510	1
q61511	c61511	1
q61512	c61512	1
q61513	c61513	1
q61514	c61514	1
q61515	c61515	1
q61516	c61516	1
q61517	c61517	1
q61518	c61518	1
q61519	c61519	1
q61520	c61520	1
q61521	c61521	1
q61522	c61522	1
q61523	c61523	1
q61524	c61524	1
q61525	c61525	1
q61526	c61526	1
q61527	c61527	1
q61528	c61528	1
q61529	c61529	1
q61530	c61530	1
q61531	c61531	1
q61532	c61532	1
q61533	c61533	1
q61534	c61534	1
q61535	c61535	1
q61536	c61536	1
q61537	c61537	1
q61538	c61538	1
q61539	c61539	1
q61540	c61540	1
q61541	c61541	1
q61542	c61542	1
q61543	c61543	1
q61544	c61544	1
q61545	c61545	1
q61546	c61546	1
q61547	c61547	1
q61548	c61548	1
q61549	c61549	1
q61550	c61550	1
q61551	c61551	1
q61552	c61552	1
q61553	c61553	1
q61554	c61554	1
q61555	c61555	1
q61556	c61556	1
q61557	c61557	1
q61558	c61558	1
q61559	c61559	1
q61560	c61560	1
q61561	c61561	1
q61562	c61562	1
q61563	c61563	1
q61564	c61564	1
q61565	c61565	1
q61566	c61566	1
q61567	c61567	1
q61568	c61568	1
q61569	c61569	1
q61570	c61570	1
q61571	c61571	1
q61572	c61572	1
q61573	c61573	1
q61574	c61574	1
q61575	c61575	1
q61576	c61576	1
q61577	c61577	1
q61578	c61578	1
q61579	c61579	1
q61580	c61580	1
q61581	c61581	1
q61582	c61582	1
q61583	c61583	1
q61584	c61584	1
q61585	c61585	1
q61586	c61586	1
q61587	c61587	1
q61588	c61588	1
q61589	c61589	1
q61590	c61590	1
q61591	c61591	1
q61592	c61592	1
q61593	c61593	1
q61594	c61594	1
q61595	c61595	1
q61596	c61596	1
q61597	c61597	1
q61598	c61598	1
q61599	c61599	1
q61600	c61600	1
q61601	c61601	1
q61602	c61602	1
q61603	c61603	1
q61604	c61604	1
q61605	c61605	1
q61606	c61606	1
q61607	c61607	1
q61608	c61608	1
q61609	c61609	1
q61610	c61610	1
q61611	c61611	1
q61612	c61612	1
q61613	c61613	1
q61614	c61614	1
q61615	c61615	1
q61616	c61616	1
q61617	c61617	1
q61618	c61618	1
q61619	c61619	1
q61620	c61620	1
q61621	c61621	1
q61622	c61622	1
q61623	c61623	1
q61624	c61624	1
q61625	c61625	1
q61626	c61626	1
q61627	c61627	1
q61628	c61628	1
q61629	c61629	1
q61630	c61630	1
q61631	c61631	1
q61632	c61632	1
q61633	c61633	1
q61634	c61634	1
q61635	c61635	1
q61636	c61636	1
q61637	c61637	1
q61638	c61638	1
q61639	c61639	1
q61640	c61640	1
q61641	c61641	1
q61642	c61642	1
q61643	c61643	1
q61644	c61644	1
q61645	c61645	1
q61646	c61646	1
q61647	c61647	1
q61648	c61648	1
q61649	c61649	1
q61650	c61650	1
q61651	c61651	1
q61652	c61652	1
q61653	c61653	1
q61654	c61654	1
q61655	c61655	1
q61656	c61656	1
q61657	c61657	1
q61658	c61658	1
q61659	c61659	1
q61660	c61660	1
q61661	c61661	1
q61662	c61662	1
q61663	c61663	1
q61664	c61664	1
q61665	c61665	1
q61666	c61666	1
q61667	c61667	1
q61668	c61668	1
q61669	c61669	1
q61670	c61670	1
q61671	c61671	1
q61672	c61672	1
q61673	c61673	1
q61674	c61674	1
q61675	c61675	1
q61676	c61676	1
q61677	c61677	1
q61678	c61678	1
q61679	c61679	1
q61680	c61680	1
q61681	c61681	1
q61682	c61682	1
q61683	c61683	1
q61684	c61684	1
q61685	c61685	1
q61686	c61686	1
q61687	c61687	1
q61688	c61688	1
q61689	c61689	1
q61690	c61690	1
q61691	c61691	1
q61692	c61692	1
q61693	c61693	1
q61694	c61694	1
q61695	c61695	1
q61696	c61696	1
q61697	c61697	1
q61698	c61698	1
q61699	c61699	1
q61700	c61700	1
q61701	c61701	1
q61702	c61702	1
q61703	c61703	1
q61704	c61704	1
q61705	c61705	1
q61706	c61706	1
q61707	c61707	1
q61708	c61708	1
q61709	c61709	1
q61710	c61710	1
q61711	c61711	1
q61712	c61712	1
q61713	c61713	1
q61714	c61714	1
q61715	c61715	1
q61716	c61716	1
q61717	c61717	1
q61718	c61718	1
q61719	c61719	1
q61720	c61720	1
q61721	c61721	1
q61722	c61722	1
q61723	c61723	1
q61724	c61724	1
q61725	c61725	1
q61726	c61726	1
q61727	c61727	1
q61728	c61728	1
q61729	c61729	1
q61730	c61730	1
q61731	c61731	1
q61732	c61732	1
q61733	c61733	1
q61734	c61734	1
q61735	c61735	1
q61736	c61736	1
q61737	c61737	1
q61738	c61738	1
q61739	c61739	1
q61740	c61740	1
q61741	c61741	1
q61742	c61742	1
q61743	c61743	1
q61744	c61744	1
q61745	c61745	1
q61746	c61746	1
q61747	c61747	1
q61748	c61748	1
q61749	c61749	1
q61750	c61750	1
q61751	c61751	1
q61752	c61752	1
q61753	c61753	1
q61754	c61754	1
q61755	c61755	1
q61756	c61756	1
q61757	c61757	1
q61758	c61758	1
q61759	c61759	1
q61760	c61760	1
q61761	c61761	1
q61762	c61762	1
q61763	c61763	1
q61764	c61764	1
q61765	c61765	1
q61766	c61766	1
q61767	c61767	1
q61768	c61768	1
q61769	c61769	1
q61770	c61770	1
q61771	c61771	1
q61772	c61772	1
q61773	c61773	1
q61774	c61774	1
q61775	c61775	1
q61776	c61776	1
q61777	c61777	1
q61778	c61778	1
q61779	c61779	1
q61780	c61780	1
q61781	c61781	1
q61782	c61782	1
q61783	c61783	1
q61784	c61784	1
q61785	c61785	1
q61786	c61786	1
q61787	c61787	1
q61788	c61788	1
q61789	c61789	1
q61790	c61790	1
q61791	c61791	1
q61792	c61792	1
q61793	c61793	1
q61794	c61794	1
q61795	c61795	1
q61796	c61796	1
q61797	c61797	1
q61798	c61798	1
q61799	c61799	1
q61800	c61800	1
q61801	c61801	1
q61802	c61802	1
q61803	c61803	1
q61804	c61804	1
q61805	c61805	1
q61806	c61806	1
q61807	c61807	1
q61808	c61808	1
q61809	c61809	1
q61810	c61810	1
q61811	c61811	1
q61812	c61812	1
q61813	c61813	1
q61814	c61814	1
q61815	c61815	1
q61816	c61816	1
q61817	c61817	1
q61818	c61818	1
q61819	c61819	1
q61820	c61820	1
q61821	c61821	1
q61822	c61822	1
q61823	c61823	1
q61824	c61824	1
q61825	c61825	1
q61826	c61826	1
q61827	c61827	1
q61828	c61828	1
q61829	c61829	1
q61830	c61830	1
q61831	c61831	1
q61832	c61832	1
q61833	c61833	1
q61834	c61834	1
q61835	c61835	1
q61836	c61836	1
q61837	c61837	1
q61838	c61838	1
q61839	c61839	1
q61840	c61840	1
q61841	c61841	1
q61842	c61842	1
q61843	c61843	1
q61844	c61844	1
q61845	c61845	1
q61846	c61846	1
q61847	c61847	1
q61848	c61848	1
q61849	c61849	1
q61850	c61850	1
q61851	c61851	1
q61852	c61852	1
q61853	c61853	1
q61854	c61854	1
q61855	c61855	1
q61856	c61856	1
q61857	c61857	1
q61858	c61858	1
q61859	c61859	1
q61860	c61860	1
q61861	c61861	1
q61862	c61862	1
q61863	c61863	1
q61864	c61864	1
q61865	c61865	1
q61866	c61866	1
q61867	c61867	1
q61868	c61868	1
q61869	c61869	1
q61870	c61870	1
q61871	c61871	1
q61872	c61872	1
q61873	c61873	1
q61874	c61874	1
q61875	c61875	1
q61876	c61876	1
q61877	c61877	1
q61878	c61878	1
q61879	c61879	1
q61880	c61880	1
q61881	c61881	1
q61882	c61882	1
q61883	c61883	1
q61884	c61884	1
q61885	c61885	1
q61886	c61886	1
q61887	c61887	1
q61888	c61888	1
q61889	c61889	1
q61890	c61890	1
q61891	c61891	1
q61892	c61892	1
q61893	c61893	1
q61894	c61894	1
q61895	c61895	1
q61896	c61896	1
q61897	c61897	1
q61898	c61898	1
q61899	c61899	1
q61900	c61900	1
q61901	c61901	1
q61902	c61902	1
q61903	c61903	1
q61904	c61904	1
q61905	c61905	1
q61906	c61906	1
q61907	c61907	1
q61908	c61908	1
q61909	c61909	1
q61910	c61910	1
q61911	c61911	1
q61912	c61912	1
q61913	c61913	1
q61914	c61914	1
q61915	c61915	1
q61916	c61916	1
q61917	c61917	1
q61918	c61918	1
q61919	c61919	1
q61920	c61920	1
q61921	c61921	1
q61922	c61922	1
q61923	c61923	1
q61924	c61924	1
q61925	c61925	1
q61926	c61926	1
q61927	c61927	1
q61928	c61928	1
q61929	c61929	1
q61930	c61930	1
q61931	c61931	1
q61932	c61932	1
q61933	c61933	1
q61934	c61934	1
q61935	c61935	1
q61936	c61936	1
q61937	c61937	1
q61938	c61938	1
q61939	c61939	1
q61940	c61940	1
q61941	c61941	1
q61942	c61942	1
q61943	c61943	1
q61944	c61944	1
q61945	c61945	1
q61946	c61946	1
q61947	c61947	1
q61948	c61948	1
q61949	c61949	1
q61950	c61950	1
q61951	c61951	1
q61952	c61952	1
q61953	c61953	1
q61954	c61954	1
q61955	c61955	1
q61956	c61956	1
q61957	c61957	1
q61958	c61958	1
q61959	c61959	1
q61960	c61960	1
q61961	c61961	1
q61962	c61962	1
q61963	c61963	1
q61964	c61964	1
q61965	c61965	1
q61966	c61966	1
q61967	c61967	1
q61968	c61968	1
q61969	c61969	1
q61970	c61970	1
q61971	c61971	1
q61972	c61972	1
q61973	c61973	1
q61974	c61974	1
q61975	c61975	1
q61976	c61976	1
q61977	c61977	1
q61978	c61978	1
q61979	c61979	1
q61980	c61980	1
q61981	c61981	1
q61982	c61982	1
q61983	c61983	1
q61984	c61984	1
q61985	c61985	1
q61986	c61986	1
q61987	c61987	1
q61988	c61988	1
q61989	c61989	1
q61990	c61990	1
q61991	c61991	1
q61992	c61992	1
q61993	c61993	1
q61994	c61994	1
q61995	c61995	1
q61996	c61996	1
q61997	c61997	1
q61998	c61998	1
q61999	c61999	1
q62000	c62000	1
q62001	c62001	1
q62002	c62002	1
q62003	c62003	1
q62004	c62004	1
q62005	c62005	1
q62006	c62006	1
q62007	c62007	1
q62008	c62008	1
q62009	c62009	1
q62010	c62010	1
q62011	c62011	1
q62012	c62012	1
q62013	c62013	1
q62014	c62014	1
q62015	c62015	1
q62016	c62016	1
q62017	c62017	1
q62018	c62018	1
q62019	c62019	1
q62020	c62020	1
q62021	c62021	1
q62022	c62022	1
q62023	c62023	1
q62024	c62024	1
q62025	c62025	1
q62026	c62026	1
q62027	c62027	1
q62028	c62028	1
q62029	c62029	1
q62030	c62030	1
q62031	c62031	1
q62032	c62032	1
q62033	c62033	1
q62034	c62034	1
q62035	c62035	1
q62036	c62036	1
q62037	c62037	1
q62038	c62038	1
q62039	c62039	1
q62040	c62040	1
q62041	c62041	1
q62042	c62042	1
q62043	c62043	1
q62044	c62044	1
q62045	c62045	1
q62046	c62046	1
q62047	c62047	1
q62048	c62048	1
q62049	c62049	1
q62050	c62050	1
q62051	c62051	1
q62052	c62052	1
q62053	c62053	1
q62054	c62054	1
q62055	c62055	1
q62056	c62056	1
q62057	c62057	1
q62058	c62058	1
q62059	c62059	1
q62060	c62060	1
q62061	c62061	1
q62062	c62062	1
q62063	c62063	1
q62064	c62064	1
q62065	c62065	1
q62066	c62066	1
q62067	c62067	1
q62068	c62068	1
q62069	c62069	1
q62070	c62070	1
q62071	c62071	1
q62072	c62072	1
q62073	c62073	1
q62074	c62074	1
q62075	c62075	1
q62076	c62076	1
q62077	c62077	1
q62078	c62078	1
q62079	c62079	1
q62080	c62080	1
q62081	c62081	1
q62082	c62082	1
q62083	c62083	1
q62084	c62084	1
q62085	c62085	1
q62086	c62086	1
q62087	c62087	1
q62088	c62088	1
q62089	c62089	1
q62090	c62090	1
q62091	c62091	1
q62092	c62092	1
q62093	c62093	1
q62094	c62094	1
q62095	c62095	1
q62096	c62096	1
q62097	c62097	1
q62098	c62098	1
q62099	c62099	1
q62100	c62100	1
q62101	c62101	1
q62102	c62102	1
q62103	c62103	1
q62104	c62104	1
q62105	c62105	1
q62106	c62106	1
q62107	c62107	1
q62108	c62108	1
q62109	c62109	1
q62110	c62110	1
q62111	c62111	1
q62112	c62112	1
q62113	c62113	1
q62114	c62114	1
q62115	c62115	1
q62116	c62116	1
q62117	c62117	1
q62118	c62118	1
q62119	c62119	1
q62120	c62120	1
q62121	c62121	1
q62122	c62122	1
q62123	c62123	1
q62124	c62124	1
q62125	c62125	1
q62126	c62126	1
q62127	c62127	1
q62128	c62128	1
q62129	c62129	1
q62130	c62130	1
q62131	c62131	1
q62132	c62132	1
q62133	c62133	1
q62134	c62134	1
q62135	c62135	1
q62136	c62136	1
q62137	c62137	1
q62138	c62138	1
q62139	c62139	1
q62140	c62140	1
q62141	c62141	1
q62142	c62142	1
q62143	c62143	1
q62144	c62144	1
q62145	c62145	1
q62146	c62146	1
q62147	c62147	1
q62148	c62148	1
q62149	c62149	1
q62150	c62150	1
q62151	c62151	1
q62152	c62152	1
q62153	c62153	1
q62154	c62154	1
q62155	c62155	1
q62156	c62156	1
q62157	c62157	1
q62158	c62158	1
q62159	c62159	1
q62160	c62160	1
q62161	c62161	1
q62162	c62162	1
q62163	c62163	1
q62164	c62164	1
q62165	c62165	1
q62166	c62166	1
q62167	c62167	1
q62168	c62168	1
q62169	c62169	1
q62170	c62170	1
q62171	c62171	1
q62172	c62172	1
q62173	c62173	1
q62174	c62174	1
q62175	c62175	1
q62176	c62176	1
q62177	c62177	1
q62178	c62178	1
q62179	c62179	1
q62180	c62180	1
q62181	c62181	1
q62182	c62182	1
q62183	c62183	1
q62184	c62184	1
q62185	c62185	1
q62186	c62186	1
q62187	c62187	1
q62188	c62188	1
q62189	c62189	1
q62190	c62190	1
q62191	c62191	1
q62192	c62192	1
q62193	c62193	1
q62194	c62194	1
q62195	c62195	1
q62196	c62196	1
q62197	c62197	1
q62198	c62198	1
q62199	c62199	1
q62200	c62200	1
q62201	c62201	1
q62202	c62202	1
q62203	c62203	1
q62204	c62204	1
q62205	c62205	1
q62206	c62206	1
q62207	c62207	1
q62208	c62208	1
q62209	c62209	1
q62210	c62210	1
q62211	c62211	1
q62212	c62212	1
q62213	c62213	1
q62214	c62214	1
q62215	c62215	1
q62216	c62216	1
q62217	c62217	1
q62218	c62218	1
q62219	c62219	1
q62220	c62220	1
q62221	c62221	1
q62222	c62222	1
q62223	c62223	1
q62224	c62224	1
q62225	c62225	1
q62226	c62226	1
q62227	c62227	1
q62228	c62228	1
q62229	c62229	1
q62230	c62230	1
q62231	c62231	1
q62232	c62232	1
q62233	c62233	1
q62234	c62234	1
q62235	c62235	1
q62236	c62236	1
q62237	c62237	1
q62238	c62238	1
q62239	c62239	1
q62240	c62240	1
q62241	c62241	1
q62242	c62242	1
q62243	c62243	1
q62244	c62244	1
q62245	c62245	1
q62246	c62246	1
q62247	c62247	1
q62248	c62248	1
q62249	c62249	1
q62250	c62250	1
q62251	c62251	1
q62252	c62252	1
q62253	c62253	1
q62254	c62254	1
q62255	c62255	1
q62256	c62256	1
q62257	c62257	1
q62258	c62258	1
q62259	c62259	1
q62260	c62260	1
q62261	c62261	1
q62262	c62262	1
q62263	c62263	1
q62264	c62264	1
q62265	c62265	1
q62266	c62266	1
q62267	c62267	1
q62268	c62268	1
q62269	c62269	1
q62270	c62270	1
q62271	c62271	1
q62272	c62272	1
q62273	c62273	1
q62274	c62274	1
q62275	c62275	1
q62276	c62276	1
q62277	c62277	1
q62278	c62278	1
q62279	c62279	1
q62280	c62280	1
q62281	c62281	1
q62282	c62282	1
q62283	c62283	1
q62284	c62284	1
q62285	c62285	1
q62286	c62286	1
q62287	c62287	1
q62288	c62288	1
q62289	c62289	1
q62290	c62290	1
q62291	c62291	1
q62292	c62292	1
q62293	c62293	1
q62294	c62294	1
q62295	c62295	1
q62296	c62296	1
q62297	c62297	1
q62298	c62298	1
q62299	c62299	1
q62300	c62300	1
q62301	c62301	1
q62302	c62302	1
q62303	c62303	1
q62304	c62304	1
q62305	c62305	1
q62306	c62306	1
q62307	c62307	1
q62308	c62308	1
q62309	c62309	1
q62310	c62310	1
q62311	c62311	1
q62312	c62312	1
q62313	c62313	1
q62314	c62314	1
q62315	c62315	1
q62316	c62316	1
q62317	c62317	1
q62318	c62318	1
q62319	c62319	1
q62320	c62320	1
q62321	c62321	1
q62322	c62322	1
q62323	c62323	1
q62324	c62324	1
q62325	c62325	1
q62326	c62326	1
q62327	c62327	1
q62328	c62328	1
q62329	c62329	1
q62330	c62330	1
q62331	c62331	1
q62332	c62332	1
q62333	c62333	1
q62334	c62334	1
q62335	c62335	1
q62336	c62336	1
q62337	c62337	1
q62338	c62338	1
q62339	c62339	1
q62340	c62340	1
q62341	c62341	1
q62342	c62342	1
q62343	c62343	1
q62344	c62344	1
q62345	c62345	1
q62346	c62346	1
q62347	c62347	1
q62348	c62348	1
q62349	c62349	1
q62350	c62350	1
q62351	c62351	1
q62352	c62352	1
q62353	c62353	1
q62354	c62354	1
q62355	c62355	1
q62356	c62356	1
q62357	c62357	1
q62358	c62358	1
q62359	c62359	1
q62360	c62360	1
q62361	c62361	1
q62362	c62362	1
q62363	c62363	1
q62364	c62364	1
q62365	c62365	1
q62366	c62366	1
q62367	c62367	1
q62368	c62368	1
q62369	c62369	1
q62370	c62370	1
q62371	c62371	1
q62372	c62372	1
q62373	c62373	1
q62374	c62374	1
q62375	c62375	1
q62376	c62376	1
q62377	c62377	1
q62378	c62378	1
q62379	c62379	1
q62380	c62380	1
q62381	c62381	1
q62382	c62382	1
q62383	c62383	1
q62384	c62384	1
q62385	c62385	1
q62386	c62386	1
q62387	c62387	1
q62388	c62388	1
q62389	c62389	1
q62390	c62390	1
q62391	c62391	1
q62392	c62392	1
q62393	c62393	1
q62394	c62394	1
q62395	c62395	1
q62396	c62396	1
q62397	c62397	1
q62398	c62398	1
q62399	c62399	1
q62400	c62400	1
q62401	c62401	1
q62402	c62402	1
q62403	c62403	1
q62404	c62404	1
q62405	c62405	1
q62406	c62406	1
q62407	c62407	1
q62408	c62408	1
q62409	c62409	1
q62410	c62410	1
q62411	c62411	1
q62412	c62412	1
q62413	c62413	1
q62414	c62414	1
q62415	c62415	1
q62416	c62416	1
q62417	c62417	1
q62418	c62418	1
q62419	c62419	1
q62420	c62420	1
q62421	c62421	1
q62422	c62422	1
q62423	c62423	1
q62424	c62424	1
q62425	c62425	1
q62426	c62426	1
q62427	c62427	1
q62428	c62428	1
q62429	c62429	1
q62430	c62430	1
q62431	c62431	1
q62432	c62432	1
q62433	c62433	1
q62434	c62434	1
q62435	c62435	1
q62436	c62436	1
q62437	c62437	1
q62438	c62438	1
q62439	c62439	1
q62440	c62440	1
q62441	c62441	1
q62442	c62442	1
q62443	c62443	1
q62444	c62444	1
q62445	c62445	1
q62446	c62446	1
q62447	c62447	1
q62448	c62448	1
q62449	c62449	1
q62450	c62450	1
q62451	c62451	1
q62452	c62452	1
q62453	c62453	1
q62454	c62454	1
q62455	c62455	1
q62456	c62456	1
q62457	c62457	1
q62458	c62458	1
q62459	c62459	1
q62460	c62460	1
q62461	c62461	1
q62462	c62462	1
q62463	c62463	1
q62464	c62464	1
q62465	c62465	1
q62466	c62466	1
q62467	c62467	1
q62468	c62468	1
q62469	c62469	1
q62470	c62470	1
q62471	c62471	1
q62472	c62472	1
q62473	c62473	1
q62474	c62474	1
q62475	c62475	1
q62476	c62476	1
q62477	c62477	1
q62478	c62478	1
q62479	c62479	1
q62480	c62480	1
q62481	c62481	1
q62482	c62482	1
q62483	c62483	1
q62484	c62484	1
q62485	c62485	1
q62486	c62486	1
q62487	c62487	1
q62488	c62488	1
q62489	c62489	1
q62490	c62490	1
q62491	c62491	1
q62492	c62492	1
q62493	c62493	1
q62494	c62494	1
q62495	c62495	1
q62496	c62496	1
q62497	c62497	1
q62498	c62498	1
q62499	c62499	1
q62500	c62500	1
q62501	c62501	1
q62502	c62502	1
q62503	c62503	1
q62504	c62504	1
q62505	c62505	1
q62506	c62506	1
q62507	c62507	1
q62508	c62508	1
q62509	c62509	1
q62510	c62510	1
q62511	c62511	1
q62512	c62512	1
q62513	c62513	1
q62514	c62514	1
q62515	c62515	1
q62516	c62516	1
q62517	c62517	1
q62518	c62518	1
q62519	c62519	1
q62520	c62520	1
q62521	c62521	1
q62522	c62522	1
q62523	c62523	1
q62524	c62524	1
q62525	c62525	1
q62526	c62526	1
q62527	c62527	1
q62528	c62528	1
q62529	c62529	1
q62530	c62530	1
q62531	c62531	1
q62532	c62532	1
q62533	c62533	1
q62534	c62534	1
q62535	c62535	1
q62536	c62536	1
q62537	c62537	1
q62538	c62538	1
q62539	c62539	1
q62540	c62540	1
q62541	c62541	1
q62542	c62542	1
q62543	c62543	1
q62544	c62544	1
q62545	c62545	1
q62546	c62546	1
q62547	c62547	1
q62548	c62548	1
q62549	c62549	1
q62550	c62550	1
q62551	c62551	1
q62552	c62552	1
q62553	c62553	1
q62554	c62554	1
q62555	c62555	1
q62556	c62556	1
q62557	c62557	1
q62558	c62558	1
q62559	c62559	1
q62560	c62560	1
q62561	c62561	1
q62562	c62562	1
q62563	c62563	1
q62564	c62564	1
q62565	c62565	1
q62566	c62566	1
q62567	c62567	1
q62568	c62568	1
q62569	c62569	1
q62570	c62570	1
q62571	c62571	1
q62572	c62572	1
q62573	c62573	1
q62574	c62574	1
q62575	c62575	1
q62576	c62576	1
q62577	c62577	1
q62578	c62578	1
q62579	c62579	1
q62580	c62580	1
q62581	c62581	1
q62582	c62582	1
q62583	c62583	1
q62584	c62584	1
q62585	c62585	1
q62586	c62586	1
q62587	c62587	1
q62588	c62588	1
q62589	c62589	1
q62590	c62590	1
q62591	c62591	1
q62592	c62592	1
q62593	c62593	1
q62594	c62594	1
q62595	c62595	1
q62596	c62596	1
q62597	c62597	1
q62598	c62598	1
q62599	c62599	1
q62600	c62600	1
q62601	c62601	1
q62602	c62602	1
q62603	c62603	1
q62604	c62604	1
q62605	c62605	1
q62606	c62606	1
q62607	c62607	1
q62608	c62608	1
q62609	c62609	1
q62610	c62610	1
q62611	c62611	1
q62612	c62612	1
q62613	c62613	1
q62614	c62614	1
q62615	c62615	1
q62616	c62616	1
q62617	c62617	1
q62618	c62618	1
q62619	c62619	1
q62620	c62620	1
q62621	c62621	1
q62622	c62622	1
q62623	c62623	1
q62624	c62624	1
q62625	c62625	1
q62626	c62626	1
q62627	c62627	1
q62628	c62628	1
q62629	c62629	1
q62630	c62630	1
q62631	c62631	1
q62632	c62632	1
q62633	c62633	1
q62634	c62634	1
q62635	c62635	1
q62636	c62636	1
q62637	c62637	1
q62638	c62638	1
q62639	c62639	1
q62640	c62640	1
q62641	c62641	1
q62642	c62642	1
q62643	c62643	1
q62644	c62644	1
q62645	c62645	1
q62646	c62646	1
q62647	c62647	1
q62648	c62648	1
q62649	c62649	1
q62650	c62650	1
q62651	c62651	1
q62652	c62652	1
q62653	c62653	1
q62654	c62654	1
q62655	c62655	1
q62656	c62656	1
q62657	c62657	1
q62658	c62658	1
q62659	c62659	1
q62660	c62660	1
q62661	c62661	1
q62662	c62662	1
q62663	c62663	1
q62664	c62664	1
q62665	c62665	1
q62666	c62666	1
q62667	c62667	1
q62668	c62668	1
q62669	c62669	1
q62670	c62670	1
q62671	c62671	1
q62672	c62672	1
q62673	c62673	1
q62674	c62674	1
q62675	c62675	1
q62676	c62676	1
q62677	c62677	1
q62678	c62678	1
q62679	c62679	1
q62680	c62680	1
q62681	c62681	1
q62682	c62682	1
q62683	c62683	1
q62684	c62684	1
q62685	c62685	1
q62686	c62686	1
q62687	c62687	1
q62688	c62688	1
q62689	c62689	1
q62690	c62690	1
q62691	c62691	1
q62692	c62692	1
q62693	c62693	1
q62694	c62694	1
q62695	c62695	1
q62696	c62696	1
q62697	c62697	1
q62698	c62698	1
q62699	c62699	1
q62700	c62700	1
q62701	c62701	1
q62702	c62702	1
q62703	c62703	1
q62704	c62704	1
q62705	c62705	1
q62706	c62706	1
q62707	c62707	1
q62708	c62708	1
q62709	c62709	1
q62710	c62710	1
q62711	c62711	1
q62712	c62712	1
q62713	c62713	1
q62714	c62714	1
q62715	c62715	1
q62716	c62716	1
q62717	c62717	1
q62718	c62718	1
q62719	c62719	1
q62720	c62720	1
q62721	c62721	1
q62722	c62722	1
q62723	c62723	1
q62724	c62724	1
q62725	c62725	1
q62726	c62726	1
q62727	c62727	1
q62728	c62728	1
q62729	c62729	1
q62730	c62730	1
q62731	c62731	1
q62732	c62732	1
q62733	c62733	1
q62734	c62734	1
q62735	c62735	1
q62736	c62736	1
q62737	c62737	1
q62738	c62738	1
q62739	c62739	1
q62740	c62740	1
q62741	c62741	1
q62742	c62742	1
q62743	c62743	1
q62744	c62744	1
q62745	c62745	1
q62746	c62746	1
q62747	c62747	1
q62748	c62748	1
q62749	c62749	1
q62750	c62750	1
q62751	c62751	1
q62752	c62752	1
q62753	c62753	1
q62754	c62754	1
q62755	c62755	1
q62756	c62756	1
q62757	c62757	1
q62758	c62758	1
q62759	c62759	1
q62760	c62760	1
q62761	c62761	1
q62762	c62762	1
q62763	c62763	1
q62764	c62764	1
q62765	c62765	1
q62766	c62766	1
q62767	c62767	1
q62768	c62768	1
q62769	c62769	1
q62770	c62770	1
q62771	c62771	1
q62772	c62772	1
q62773	c62773	1
q62774	c62774	1
q62775	c62775	1
q62776	c62776	1
q62777	c62777	1
q62778	c62778	1
q62779	c62779	1
q62780	c62780	1
q62781	c62781	1
q62782	c62782	1
q62783	c62783	1
q62784	c62784	1
q62785	c62785	1
q62786	c62786	1
q62787	c62787	1
q62788	c62788	1
q62789	c62789	1
q62790	c62790	1
q62791	c62791	1
q62792	c62792	1
q62793	c62793	1
q62794	c62794	1
q62795	c62795	1
q62796	c62796	1
q62797	c62797	1
q62798	c62798	1
q62799	c62799	1
q62800	c62800	1
q62801	c62801	1
q62802	c62802	1
q62803	c62803	1
q62804	c62804	1
q62805	c62805	1
q62806	c62806	1
q62807	c62807	1
q62808	c62808	1
q62809	c62809	1
q62810	c62810	1
q62811	c62811	1
q62812	c62812	1
q62813	c62813	1
q62814	c62814	1
q62815	c62815	1
q62816	c62816	1
q62817	c62817	1
q62818	c62818	1
q62819	c62819	1
q62820	c62820	1
q62821	c62821	1
q62822	c62822	1
q62823	c62823	1
q62824	c62824	1
q62825	c62825	1
q62826	c62826	1
q62827	c62827	1
q62828	c62828	1
q62829	c62829	1
q62830	c62830	1
q62831	c62831	1
q62832	c62832	1
q62833	c62833	1
q62834	c62834	1
q62835	c62835	1
q62836	c62836	1
q62837	c62837	1
q62838	c62838	1
q62839	c62839	1
q62840	c62840	1
q62841	c62841	1
q62842	c62842	1
q62843	c62843	1
q62844	c62844	1
q62845	c62845	1
q62846	c62846	1
q62847	c62847	1
q62848	c62848	1
q62849	c62849	1
q62850	c62850	1
q62851	c62851	1
q62852	c62852	1
q62853	c62853	1
q62854	c62854	1
q62855	c62855	1
q62856	c62856	1
q62857	c62857	1
q62858	c62858	1
q62859	c62859	1
q62860	c62860	1
q62861	c62861	1
q62862	c62862	1
q62863	c62863	1
q62864	c62864	1
q62865	c62865	1
q62866	c62866	1
q62867	c62867	1
q62868	c62868	1
q62869	c62869	1
q62870	c62870	1
q62871	c62871	1
q62872	c62872	1
q62873	c62873	1
q62874	c62874	1
q62875	c62875	1
q62876	c62876	1
q62877	c62877	1
q62878	c62878	1
q62879	c62879	1
q62880	c62880	1
q62881	c62881	1
q62882	c62882	1
q62883	c62883	1
q62884	c62884	1
q62885	c62885	1
q62886	c62886	1
q62887	c62887	1
q62888	c62888	1
q62889	c62889	1
q62890	c62890	1
q62891	c62891	1
q62892	c62892	1
q62893	c62893	1
q62894	c62894	1
q62895	c62895	1
q62896	c62896	1
q62897	c62897	1
q62898	c62898	1
q62899	c62899	1
q62900	c62900	1
q62901	c62901	1
q62902	c62902	1
q62903	c62903	1
q62904	c62904	1
q62905	c62905	1
q62906	c62906	1
q62907	c62907	1
q62908	c62908	1
q62909	c62909	1
q62910	c62910	1
q62911	c62911	1
q62912	c62912	1
q62913	c62913	1
q62914	c62914	1
q62915	c62915	1
q62916	c62916	1
q62917	c62917	1
q62918	c62918	1
q62919	c62919	1
q62920	c62920	1
q62921	c62921	1
q62922	c62922	1
q62923	c62923	1
q62924	c62924	1
q62925	c62925	1
q62926	c62926	1
q62927	c62927	1
q62928	c62928	1
q62929	c62929	1
q62930	c62930	1
q62931	c62931	1
q62932	c62932	1
q62933	c62933	1
q62934	c62934	1
q62935	c62935	1
q62936	c62936	1
q62937	c62937	1
q62938	c62938	1
q62939	c62939	1
q62940	c62940	1
q62941	c62941	1
q62942	c62942	1
q62943	c62943	1
q62944	c62944	1
q62945	c62945	1
q62946	c62946	1
q62947	c62947	1
q62948	c62948	1
q62949	c62949	1
q62950	c62950	1
q62951	c62951	1
q62952	c62952	1
q62953	c62953	1
q62954	c62954	1
q62955	c62955	1
q62956	c62956	1
q62957	c62957	1
q62958	c62958	1
q62959	c62959	1
q62960	c62960	1
q62961	c62961	1
q62962	c62962	1
q62963	c62963	1
q62964	c62964	1
q62965	c62965	1
q62966	c62966	1
q62967	c62967	1
q62968	c62968	1
q62969	c62969	1
q62970	c62970	1
q62971	c62971	1
q62972	c62972	1
q62973	c62973	1
q62974	c62974	1
q62975	c62975	1
q62976	c62976	1
q62977	c62977	1
q62978	c62978	1
q62979	c62979	1
q62980	c62980	1
q62981	c62981	1
q62982	c62982	1
q62983	c62983	1
q62984	c62984	1
q62985	c62985	1
q62986	c62986	1
q62987	c62987	1
q62988	c62988	1
q62989	c62989	1
q62990	c62990	1
q62991	c62991	1
q62992	c62992	1
q62993	c62993	1
q62994	c62994	1
q62995	c62995	1
q62996	c62996	1
q62997	c62997	1
q62998	c62998	1
q62999	c62999	1
q63000	c63000	1
q63001	c63001	1
q63002	c63002	1
q63003	c63003	1
q63004	c63004	1
q63005	c63005	1
q63006	c63006	1
q63007	c63007	1
q63008	c63008	1
q63009	c63009	1
q63010	c63010	1
q63011	c63011	1
q63012	c63012	1
q63013	c63013	1
q63014	c63014	1
q63015	c63015	1
q63016	c63016	1
q63017	c63017	1
q63018	c63018	1
q63019	c63019	1
q63020	c63020	1
q63021	c63021	1
q63022	c63022	1
q63023	c63023	1
q63024	c63024	1
q63025	c63025	1
q63026	c63026	1
q63027	c63027	1
q63028	c63028	1
q63029	c63029	1
q63030	c63030	1
q63031	c63031	1
q63032	c63032	1
q63033	c63033	1
q63034	c63034	1
q63035	c63035	1
q63036	c63036	1
q63037	c63037	1
q63038	c63038	1
q63039	c63039	1
q63040	c63040	1
q63041	c63041	1
q63042	c63042	1
q63043	c63043	1
q63044	c63044	1
q63045	c63045	1
q63046	c63046	1
q63047	c63047	1
q63048	c63048	1
q63049	c63049	1
q63050	c63050	1
q63051	c63051	1
q63052	c63052	1
q63053	c63053	1
q63054	c63054	1
q63055	c63055	1
q63056	c63056	1
q63057	c63057	1
q63058	c63058	1
q63059	c63059	1
q63060	c63060	1
q63061	c63061	1
q63062	c63062	1
q63063	c63063	1
q63064	c63064	1
q63065	c63065	1
q63066	c63066	1
q63067	c63067	1
q63068	c63068	1
q63069	c63069	1
q63070	c63070	1
q63071	c63071	1
q63072	c63072	1
q63073	c63073	1
q63074	c63074	1
q63075	c63075	1
q63076	c63076	1
q63077	c63077	1
q63078	c63078	1
q63079	c63079	1
q63080	c63080	1
q63081	c63081	1
q63082	c63082	1
q63083	c63083	1
q63084	c63084	1
q63085	c63085	1
q63086	c63086	1
q63087	c63087	1
q63088	c63088	1
q63089	c63089	1
q63090	c63090	1
q63091	c63091	1
q63092	c63092	1
q63093	c63093	1
q63094	c63094	1
q63095	c63095	1
q63096	c63096	1
q63097	c63097	1
q63098	c63098	1
q63099	c63099	1
q63100	c63100	1
q63101	c63101	1
q63102	c63102	1
q63103	c63103	1
q63104	c63104	1
q63105	c63105	1
q63106	c63106	1
q63107	c63107	1
q63108	c63108	1
q63109	c63109	1
q63110	c63110	1
q63111	c63111	1
q63112	c63112	1
q63113	c63113	1
q63114	c63114	1
q63115	c63115	1
q63116	c63116	1
q63117	c63117	1
q63118	c63118	1
q63119	c63119	1
q63120	c63120	1
q63121	c63121	1
q63122	c63122	1
q63123	c63123	1
q63124	c63124	1
q63125	c63125	1
q63126	c63126	1
q63127	c63127	1
q63128	c63128	1
q63129	c63129	1
q63130	c63130	1
q63131	c63131	1
q63132	c63132	1
q63133	c63133	1
q63134	c63134	1
q63135	c63135	1
q63136	c63136	1
q63137	c63137	1
q63138	c63138	1
q63139	c63139	1
q63140	c63140	1
q63141	c63141	1
q63142	c63142	1
q63143	c63143	1
q63144	c63144	1
q63145	c63145	1
q63146	c63146	1
q63147	c63147	1
q63148	c63148	1
q63149	c63149	1
q63150	c63150	1
q63151	c63151	1
q63152	c63152	1
q63153	c63153	1
q63154	c63154	1
q63155	c63155	1
q63156	c63156	1
q63157	c63157	1
q63158	c63158	1
q63159	c63159	1
q63160	c63160	1
q63161	c63161	1
q63162	c63162	1
q63163	c63163	1
q63164	c63164	1
q63165	c63165	1
q63166	c63166	1
q63167	c63167	1
q63168	c63168	1
q63169	c63169	1
q63170	c63170	1
q63171	c63171	1
q63172	c63172	1
q63173	c63173	1
q63174	c63174	1
q63175	c63175	1
q63176	c63176	1
q63177	c63177	1
q63178	c63178	1
q63179	c63179	1
q63180	c63180	1
q63181	c63181	1
q63182	c63182	1
q63183	c63183	1
q63184	c63184	1
q63185	c63185	1
q63186	c63186	1
q63187	c63187	1
q63188	c63188	1
q63189	c63189	1
q63190	c63190	1
q63191	c63191	1
q63192	c63192	1
q63193	c63193	1
q63194	c63194	1
q63195	c63195	1
q63196	c63196	1
q63197	c63197	1
q63198	c63198	1
q63199	c63199	1
q63200	c63200	1
q63201	c63201	1
q63202	c63202	1
q63203	c63203	1
q63204	c63204	1
q63205	c63205	1
q63206	c63206	1
q63207	c63207	1
q63208	c63208	1
q63209	c63209	1
q63210	c63210	1
q63211	c63211	1
q63212	c63212	1
q63213	c63213	1
q63214	c63214	1
q63215	c63215	1
q63216	c63216	1
q63217	c63217	1
q63218	c63218	1
q63219	c63219	1
q63220	c63220	1
q63221	c63221	1
q63222	c63222	1
q63223	c63223	1
q63224	c63224	1
q63225	c63225	1
q63226	c63226	1
q63227	c63227	1
q63228	c63228	1
q63229	c63229	1
q63230	c63230	1
q63231	c63231	1
q63232	c63232	1
q63233	c63233	1
q63234	c63234	1
q63235	c63235	1
q63236	c63236	1
q63237	c63237	1
q63238	c63238	1
q63239	c63239	1
q63240	c63240	1
q63241	c63241	1
q63242	c63242	1
q63243	c63243	1
q63244	c63244	1
q63245	c63245	1
q63246	c63246	1
q63247	c63247	1
q63248	c63248	1
q63249	c63249	1
q63250	c63250	1
q63251	c63251	1
q63252	c63252	1
q63253	c63253	1
q63254	c63254	1
q63255	c63255	1
q63256	c63256	1
q63257	c63257	1
q63258	c63258	1
q63259	c63259	1
q63260	c63260	1
q63261	c63261	1
q63262	c63262	1
q63263	c63263	1
q63264	c63264	1
q63265	c63265	1
q63266	c63266	1
q63267	c63267	1
q63268	c63268	1
q63269	c63269	1
q63270	c63270	1
q63271	c63271	1
q63272	c63272	1
q63273	c63273	1
q63274	c63274	1
q63275	c63275	1
q63276	c63276	1
q63277	c63277	1
q63278	c63278	1
q63279	c63279	1
q63280	c63280	1
q63281	c63281	1
q63282	c63282	1
q63283	c63283	1
q63284	c63284	1
q63285	c63285	1
q63286	c63286	1
q63287	c63287	1
q63288	c63288	1
q63289	c63289	1
q63290	c63290	1
q63291	c63291	1
q63292	c63292	1
q63293	c63293	1
q63294	c63294	1
q63295	c63295	1
q63296	c63296	1
q63297	c63297	1
q63298	c63298	1
q63299	c63299	1
q63300	c63300	1
q63301	c63301	1
q63302	c63302	1
q63303	c63303	1
q63304	c63304	1
q63305	c63305	1
q63306	c63306	1
q63307	c63307	1
q63308	c63308	1
q63309	c63309	1
q63310	c63310	1
q63311	c63311	1
q63312	c63312	1
q63313	c63313	1
q63314	c63314	1
q63315	c63315	1
q63316	c63316	1
q63317	c63317	1
q63318	c63318	1
q63319	c63319	1
q63320	c63320	1
q63321	c63321	1
q63322	c63322	1
q63323	c63323	1
q63324	c63324	1
q63325	c63325	1
q63326	c63326	1
q63327	c63327	1
q63328	c63328	1
q63329	c63329	1
q63330	c63330	1
q63331	c63331	1
q63332	c63332	1
q63333	c63333	1
q63334	c63334	1
q63335	c63335	1
q63336	c63336	1
q63337	c63337	1
q63338	c63338	1
q63339	c63339	1
q63340	c63340	1
q63341	c63341	1
q63342	c63342	1
q63343	c63343	1
q63344	c63344	1
q63345	c63345	1
q63346	c63346	1
q63347	c63347	1
q63348	c63348	1
q63349	c63349	1
q63350	c63350	1
q63351	c63351	1
q63352	c63352	1
q63353	c63353	1
q63354	c63354	1
q63355	c63355	1
q63356	c63356	1
q63357	c63357	1
q63358	c63358	1
q63359	c63359	1
q63360	c63360	1
q63361	c63361	1
q63362	c63362	1
q63363	c63363	1
q63364	c63364	1
q63365	c63365	1
q63366	c63366	1
q63367	c63367	1
q63368	c63368	1
q63369	c63369	1
q63370	c63370	1
q63371	c63371	1
q63372	c63372	1
q63373	c63373	1
q63374	c63374	1
q63375	c63375	1
q63376	c63376	1
q63377	c63377	1
q63378	c63378	1
q63379	c63379	1
q63380	c63380	1
q63381	c63381	1
q63382	c63382	1
q63383	c63383	1
q63384	c63384	1
q63385	c63385	1
q63386	c63386	1
q63387	c63387	1
q63388	c63388	1
q63389	c63389	1
q63390	c63390	1
q63391	c63391	1
q63392	c63392	1
q63393	c63393	1
q63394	c63394	1
q63395	c63395	1
q63396	c63396	1
q63397	c63397	1
q63398	c63398	1
q63399	c63399	1
q63400	c63400	1
q63401	c63401	1
q63402	c63402	1
q63403	c63403	1
q63404	c63404	1
q63405	c63405	1
q63406	c63406	1
q63407	c63407	1
q63408	c63408	1
q63409	c63409	1
q63410	c63410	1
q63411	c63411	1
q63412	c63412	1
q63413	c63413	1
q63414	c63414	1
q63415	c63415	1
q63416	c63416	1
q63417	c63417	1
q63418	c63418	1
q63419	c63419	1
q63420	c63420	1
q63421	c63421	1
q63422	c63422	1
q63423	c63423	1
q63424	c63424	1
q63425	c63425	1
q63426	c63426	1
q63427	c63427	1
q63428	c63428	1
q63429	c63429	1
q63430	c63430	1
q63431	c63431	1
q63432	c63432	1
q63433	c63433	1
q63434	c63434	1
q63435	c63435	1
q63436	c63436	1
q63437	c63437	1
q63438	c63438	1
q63439	c63439	1
q63440	c63440	1
q63441	c63441	1
q63442	c63442	1
q63443	c63443	1
q63444	c63444	1
q63445	c63445	1
q63446	c63446	1
q63447	c63447	1
q63448	c63448	1
q63449	c63449	1
q63450	c63450	1
q63451	c63451	1
q63452	c63452	1
q63453	c63453	1
q63454	c63454	1
q63455	c63455	1
q63456	c63456	1
q63457	c63457	1
q63458	c63458	1
q63459	c63459	1
q63460	c63460	1
q63461	c63461	1
q63462	c63462	1
q63463	c63463	1
q63464	c63464	1
q63465	c63465	1
q63466	c63466	1
q63467	c63467	1
q63468	c63468	1
q63469	c63469	1
q63470	c63470	1
q63471	c63471	1
q63472	c63472	1
q63473	c63473	1
q63474	c63474	1
q63475	c63475	1
q63476	c63476	1
q63477	c63477	1
q63478	c63478	1
q63479	c63479	1
q63480	c63480	1
q63481	c63481	1
q63482	c63482	1
q63483	c63483	1
q63484	c63484	1
q63485	c63485	1
q63486	c63486	1
q63487	c63487	1
q63488	c63488	1
q63489	c63489	1
q63490	c63490	1
q63491	c63491	1
q63492	c63492	1
q63493	c63493	1
q63494	c63494	1
q63495	c63495	1
q63496	c63496	1
q63497	c63497	1
q63498	c63498	1
q63499	c63499	1
q63500	c63500	1
q63501	c63501	1
q63502	c63502	1
q63503	c63503	1
q63504	c63504	1
q63505	c63505	1
q63506	c63506	1
q63507	c63507	1
q63508	c63508	1
q63509	c63509	1
q63510	c63510	1
q63511	c63511	1
q63512	c63512	1
q63513	c63513	1
q63514	c63514	1
q63515	c63515	1
q63516	c63516	1
q63517	c63517	1
q63518	c63518	1
q63519	c63519	1
q63520	c63520	1
q63521	c63521	1
q63522	c63522	1
q63523	c63523	1
q63524	c63524	1
q63525	c63525	1
q63526	c63526	1
q63527	c63527	1
q63528	c63528	1
q63529	c63529	1
q63530	c63530	1
q63531	c63531	1
q63532	c63532	1
q63533	c63533	1
q63534	c63534	1
q63535	c63535	1
q63536	c63536	1
q63537	c63537	1
q63538	c63538	1
q63539	c63539	1
q63540	c63540	1
q63541	c63541	1
q63542	c63542	1
q63543	c63543	1
q63544	c63544	1
q63545	c63545	1
q63546	c63546	1
q63547	c63547	1
q63548	c63548	1
q63549	c63549	1
q63550	c63550	1
q63551	c63551	1
q63552	c63552	1
q63553	c63553	1
q63554	c63554	1
q63555	c63555	1
q63556	c63556	1
q63557	c63557	1
q63558	c63558	1
q63559	c63559	1
q63560	c63560	1
q63561	c63561	1
q63562	c63562	1
q63563	c63563	1
q63564	c63564	1
q63565	c63565	1
q63566	c63566	1
q63567	c63567	1
q63568	c63568	1
q63569	c63569	1
q63570	c63570	1
q63571	c63571	1
q63572	c63572	1
q63573	c63573	1
q63574	c63574	1
q63575	c63575	1
q63576	c63576	1
q63577	c63577	1
q63578	c63578	1
q63579	c63579	1
q63580	c63580	1
q63581	c63581	1
q63582	c63582	1
q63583	c63583	1
q63584	c63584	1
q63585	c63585	1
q63586	c63586	1
q63587	c63587	1
q63588	c63588	1
q63589	c63589	1
q63590	c63590	1
q63591	c63591	1
q63592	c63592	1
q63593	c63593	1
q63594	c63594	1
q63595	c63595	1
q63596	c63596	1
q63597	c63597	1
q63598	c63598	1
q63599	c63599	1
q63600	c63600	1
q63601	c63601	1
q63602	c63602	1
q63603	c63603	1
q63604	c63604	1
q63605	c63605	1
q63606	c63606	1
q63607	c63607	1
q63608	c63608	1
q63609	c63609	1
q63610	c63610	1
q63611	c63611	1
q63612	c63612	1
q63613	c63613	1
q63614	c63614	1
q63615	c63615	1
q63616	c63616	1
q63617	c63617	1
q63618	c63618	1
q63619	c63619	1
q63620	c63620	1
q63621	c63621	1
q63622	c63622	1
q63623	c63623	1
q63624	c63624	1
q63625	c63625	1
q63626	c63626	1
q63627	c63627	1
q63628	c63628	1
q63629	c63629	1
q63630	c63630	1
q63631	c63631	1
q63632	c63632	1
q63633	c63633	1
q63634	c63634	1
q63635	c63635	1
q63636	c63636	1
q63637	c63637	1
q63638	c63638	1
q63639	c63639	1
q63640	c63640	1
q63641	c63641	1
q63642	c63642	1
q63643	c63643	1
q63644	c63644	1
q63645	c63645	1
q63646	c63646	1
q63647	c63647	1
q63648	c63648	1
q63649	c63649	1
q63650	c63650	1
q63651	c63651	1
q63652	c63652	1
q63653	c63653	1
q63654	c63654	1
q63655	c63655	1
q63656	c63656	1
q63657	c63657	1
q63658	c63658	1
q63659	c63659	1
q63660	c63660	1
q63661	c63661	1
q63662	c63662	1
q63663	c63663	1
q63664	c63664	1
q63665	c63665	1
q63666	c63666	1
q63667	c63667	1
q63668	c63668	1
q63669	c63669	1
q63670	c63670	1
q63671	c63671	1
q63672	c63672	1
q63673	c63673	1
q63674	c63674	1
q63675	c63675	1
q63676	c63676	1
q63677	c63677	1
q63678	c63678	1
q63679	c63679	1
q63680	c63680	1
q63681	c63681	1
q63682	c63682	1
q63683	c63683	1
q63684	c63684	1
q63685	c63685	1
q63686	c63686	1
q63687	c63687	1
q63688	c63688	1
q63689	c63689	1
q63690	c63690	1
q63691	c63691	1
q63692	c63692	1
q63693	c63693	1
q63694	c63694	1
q63695	c63695	1
q63696	c63696	1
q63697	c63697	1
q63698	c63698	1
q63699	c63699	1
q63700	c63700	1
q63701	c63701	1
q63702	c63702	1
q63703	c63703	1
q63704	c63704	1
q63705	c63705	1
q63706	c63706	1
q63707	c63707	1
q63708	c63708	1
q63709	c63709	1
q63710	c63710	1
q63711	c63711	1
q63712	c63712	1
q63713	c63713	1
q63714	c63714	1
q63715	c63715	1
q63716	c63716	1
q63717	c63717	1
q63718	c63718	1
q63719	c63719	1
q63720	c63720	1
q63721	c63721	1
q63722	c63722	1
q63723	c63723	1
q63724	c63724	1
q63725	c63725	1
q63726	c63726	1
q63727	c63727	1
q63728	c63728	1
q63729	c63729	1
q63730	c63730	1
q63731	c63731	1
q63732	c63732	1
q63733	c63733	1
q63734	c63734	1
q63735	c63735	1
q63736	c63736	1
q63737	c63737	1
q63738	c63738	1
q63739	c63739	1
q63740	c63740	1
q63741	c63741	1
q63742	c63742	1
q63743	c63743	1
q63744	c63744	1
q63745	c63745	1
q63746	c63746	1
q63747	c63747	1
q63748	c63748	1
q63749	c63749	1
q63750	c63750	1
q63751	c63751	1
q63752	c63752	1
q63753	c63753	1
q63754	c63754	1
q63755	c63755	1
q63756	c63756	1
q63757	c63757	1
q63758	c63758	1
q63759	c63759	1
q63760	c63760	1
q63761	c63761	1
q63762	c63762	1
q63763	c63763	1
q63764	c63764	1
q63765	c63765	1
q63766	c63766	1
q63767	c63767	1
q63768	c63768	1
q63769	c63769	1
q63770	c63770	1
q63771	c63771	1
q63772	c63772	1
q63773	c63773	1
q63774	c63774	1
q63775	c63775	1
q63776	c63776	1
q63777	c63777	1
q63778	c63778	1
q63779	c63779	1
q63780	c63780	1
q63781	c63781	1
q63782	c63782	1
q63783	c63783	1
q63784	c63784	1
q63785	c63785	1
q63786	c63786	1
q63787	c63787	1
q63788	c63788	1
q63789	c63789	1
q63790	c63790	1
q63791	c63791	1
q63792	c63792	1
q63793	c63793	1
q63794	c63794	1
q63795	c63795	1
q63796	c63796	1
q63797	c63797	1
q63798	c63798	1
q63799	c63799	1
q63800	c63800	1
q63801	c63801	1
q63802	c63802	1
q63803	c63803	1
q63804	c63804	1
q63805	c63805	1
q63806	c63806	1
q63807	c63807	1
q63808	c63808	1
q63809	c63809	1
q63810	c63810	1
q63811	c63811	1
q63812	c63812	1
q63813	c63813	1
q63814	c63814	1
q63815	c63815	1
q63816	c63816	1
q63817	c63817	1
q63818	c63818	1
q63819	c63819	1
q63820	c63820	1
q63821	c63821	1
q63822	c63822	1
q63823	c63823	1
q63824	c63824	1
q63825	c63825	1
q63826	c63826	1
q63827	c63827	1
q63828	c63828	1
q63829	c63829	1
q63830	c63830	1
q63831	c63831	1
q63832	c63832	1
q63833	c63833	1
q63834	c63834	1
q63835	c63835	1
q63836	c63836	1
q63837	c63837	1
q63838	c63838	1
q63839	c63839	1
q63840	c63840	1
q63841	c63841	1
q63842	c63842	1
q63843	c63843	1
q63844	c63844	1
q63845	c63845	1
q63846	c63846	1
q63847	c63847	1
q63848	c63848	1
q63849	c63849	1
q63850	c63850	1
q63851	c63851	1
q63852	c63852	1
q63853	c63853	1
q63854	c63854	1
q63855	c63855	1
q63856	c63856	1
q63857	c63857	1
q63858	c63858	1
q63859	c63859	1
q63860	c63860	1
q63861	c63861	1
q63862	c63862	1
q63863	c63863	1
q63864	c63864	1
q63865	c63865	1
q63866	c63866	1
q63867	c63867	1
q63868	c63868	1
q63869	c63869	1
q63870	c63870	1
q63871	c63871	1
q63872	c63872	1
q63873	c63873	1
q63874	c63874	1
q63875	c63875	1
q63876	c63876	1
q63877	c63877	1
q63878	c63878	1
q63879	c63879	1
q63880	c63880	1
q63881	c63881	1
q63882	c63882	1
q63883	c63883	1
q63884	c63884	1
q63885	c63885	1
q63886	c63886	1
q63887	c63887	1
q63888	c63888	1
q63889	c63889	1
q63890	c63890	1
q63891	c63891	1
q63892	c63892	1
q63893	c63893	1
q63894	c63894	1
q63895	c63895	1
q63896	c63896	1
q63897	c63897	1
q63898	c63898	1
q63899	c63899	1
q63900	c63900	1
q63901	c63901	1
q63902	c63902	1
q63903	c63903	1
q63904	c63904	1
q63905	c63905	1
q63906	c63906	1
q63907	c63907	1
q63908	c63908	1
q63909	c63909	1
q63910	c63910	1
q63911	c63911	1
q63912	c63912	1
q63913	c63913	1
q63914	c63914	1
q63915	c63915	1
q63916	c63916	1
q63917	c63917	1
q63918	c63918	1
q63919	c63919	1
q63920	c63920	1
q63921	c63921	1
q63922	c63922	1
q63923	c63923	1
q63924	c63924	1
q63925	c63925	1
q63926	c63926	1
q63927	c63927	1
q63928	c63928	1
q63929	c63929	1
q63930	c63930	1
q63931	c63931	1
q63932	c63932	1
q63933	c63933	1
q63934	c63934	1
q63935	c63935	1
q63936	c63936	1
q63937	c63937	1
q63938	c63938	1
q63939	c63939	1
q63940	c63940	1
q63941	c63941	1
q63942	c63942	1
q63943	c63943	1
q63944	c63944	1
q63945	c63945	1
q63946	c63946	1
q63947	c63947	1
q63948	c63948	1
q63949	c63949	1
q63950	c63950	1
q63951	c63951	1
q63952	c63952	1
q63953	c63953	1
q63954	c63954	1
q63955	c63955	1
q63956	c63956	1
q63957	c63957	1
q63958	c63958	1
q63959	c63959	1
q63960	c63960	1
q63961	c63961	1
q63962	c63962	1
q63963	c63963	1
q63964	c63964	1
q63965	c63965	1
q63966	c63966	1
q63967	c63967	1
q63968	c63968	1
q63969	c63969	1
q63970	c63970	1
q63971	c63971	1
q63972	c63972	1
q63973	c63973	1
q63974	c63974	1
q63975	c63975	1
q63976	c63976	1
q63977	c63977	1
q63978	c63978	1
q63979	c63979	1
q63980	c63980	1
q63981	c63981	1
q63982	c63982	1
q63983	c63983	1
q63984	c63984	1
q63985	c63985	1
q63986	c63986	1
q63987	c63987	1
q63988	c63988	1
q63989	c63989	1
q63990	c63990	1
q63991	c63991	1
q63992	c63992	1
q63993	c63993	1
q63994	c63994	1
q63995	c63995	1
q63996	c63996	1
q63997	c63997	1
q63998	c63998	1
q63999	c63999	1
q64000	c64000	1
q64001	c64001	1
q64002	c64002	1
q64003	c64003	1
q64004	c64004	1
q64005	c64005	1
q64006	c64006	1
q64007	c64007	1
q64008	c64008	1
q64009	c64009	1
q64010	c64010	1
q64011	c64011	1
q64012	c64012	1
q64013	c64013	1
q64014	c64014	1
q64015	c64015	1
q64016	c64016	1
q64017	c64017	1
q64018	c64018	1
q64019	c64019	1
q64020	c64020	1
q64021	c64021	1
q64022	c64022	1
q64023	c64023	1
q64024	c64024	1
q64025	c64025	1
q64026	c64026	1
q64027	c64027	1
q64028	c64028	1
q64029	c64029	1
q64030	c64030	1
q64031	c64031	1
q64032	c64032	1
q64033	c64033	1
q64034	c64034	1
q64035	c64035	1
q64036	c64036	1
q64037	c64037	1
q64038	c64038	1
q64039	c64039	1
q64040	c64040	1
q64041	c64041	1
q64042	c64042	1
q64043	c64043	1
q64044	c64044	1
q64045	c64045	1
q64046	c64046	1
q64047	c64047	1
q64048	c64048	1
q64049	c64049	1
q64050	c64050	1
q64051	c64051	1
q64052	c64052	1
q64053	c64053	1
q64054	c64054	1
q64055	c64055	1
q64056	c64056	1
q64057	c64057	1
q64058	c64058	1
q64059	c64059	1
q64060	c64060	1
q64061	c64061	1
q64062	c64062	1
q64063	c64063	1
q64064	c64064	1
q64065	c64065	1
q64066	c64066	1
q64067	c64067	1
q64068	c64068	1
q64069	c64069	1
q64070	c64070	1
q64071	c64071	1
q64072	c64072	1
q64073	c64073	1
q64074	c64074	1
q64075	c64075	1
q64076	c64076	1
q64077	c64077	1
q64078	c64078	1
q64079	c64079	1
q64080	c64080	1
q64081	c64081	1
q64082	c64082	1
q64083	c64083	1
q64084	c64084	1
q64085	c64085	1
q64086	c64086	1
q64087	c64087	1
q64088	c64088	1
q64089	c64089	1
q64090	c64090	1
q64091	c64091	1
q64092	c64092	1
q64093	c64093	1
q64094	c64094	1
q64095	c64095	1
q64096	c64096	1
q64097	c64097	1
q64098	c64098	1
q64099	c64099	1
q64100	c64100	1
q64101	c64101	1
q64102	c64102	1
q64103	c64103	1
q64104	c64104	1
q64105	c64105	1
q64106	c64106	1
q64107	c64107	1
q64108	c64108	1
q64109	c64109	1
q64110	c64110	1
q64111	c64111	1
q64112	c64112	1
q64113	c64113	1
q64114	c64114	1
q64115	c64115	1
q64116	c64116	1
q64117	c64117	1
q64118	c64118	1
q64119	c64119	1
q64120	c64120	1
q64121	c64121	1
q64122	c64122	1
q64123	c64123	1
q64124	c64124	1
q64125	c64125	1
q64126	c64126	1
q64127	c64127	1
q64128	c64128	1
q64129	c64129	1
q64130	c64130	1
q64131	c64131	1
q64132	c64132	1
q64133	c64133	1
q64134	c64134	1
q64135	c64135	1
q64136	c64136	1
q64137	c64137	1
q64138	c64138	1
q64139	c64139	1
q64140	c64140	1
q64141	c64141	1
q64142	c64142	1
q64143	c64143	1
q64144	c64144	1
q64145	c64145	1
q64146	c64146	1
q64147	c64147	1
q64148	c64148	1
q64149	c64149	1
q64150	c64150	1
q64151	c64151	1
q64152	c64152	1
q64153	c64153	1
q64154	c64154	1
q64155	c64155	1
q64156	c64156	1
q64157	c64157	1
q64158	c64158	1
q64159	c64159	1
q64160	c64160	1
q64161	c64161	1
q64162	c64162	1
q64163	c64163	1
q64164	c64164	1
q64165	c64165	1
q64166	c64166	1
q64167	c64167	1
q64168	c64168	1
q64169	c64169	1
q64170	c64170	1
q64171	c64171	1
q64172	c64172	1
q64173	c64173	1
q64174	c64174	1
q64175	c64175	1
q64176	c64176	1
q64177	c64177	1
q64178	c64178	1
q64179	c64179	1
q64180	c64180	1
q64181	c64181	1
q64182	c64182	1
q64183	c64183	1
q64184	c64184	1
q64185	c64185	1
q64186	c64186	1
q64187	c64187	1
q64188	c64188	1
q64189	c64189	1
q64190	c64190	1
q64191	c64191	1
q64192	c64192	1
q64193	c64193	1
q64194	c64194	1
q64195	c64195	1
q64196	c64196	1
q64197	c64197	1
q64198	c64198	1
q64199	c64199	1
q64200	c64200	1
q64201	c64201	1
q64202	c64202	1
q64203	c64203	1
q64204	c64204	1
q64205	c64205	1
q64206	c64206	1
q64207	c64207	1
q64208	c64208	1
q64209	c64209	1
q64210	c64210	1
q64211	c64211	1
q64212	c64212	1
q64213	c64213	1
q64214	c64214	1
q64215	c64215	1
q64216	c64216	1
q64217	c64217	1
q64218	c64218	1
q64219	c64219	1
q64220	c64220	1
q64221	c64221	1
q64222	c64222	1
q64223	c64223	1
q64224	c64224	1
q64225	c64225	1
q64226	c64226	1
q64227	c64227	1
q64228	c64228	1
q64229	c64229	1
q64230	c64230	1
q64231	c64231	1
q64232	c64232	1
q64233	c64233	1
q64234	c64234	1
q64235	c64235	1
q64236	c64236	1
q64237	c64237	1
q64238	c64238	1
q64239	c64239	1
q64240	c64240	1
q64241	c64241	1
q64242	c64242	1
q64243	c64243	1
q64244	c64244	1
q64245	c64245	1
q64246	c64246	1
q64247	c64247	1
q64248	c64248	1
q64249	c64249	1
q64250	c64250	1
q64251	c64251	1
q64252	c64252	1
q64253	c64253	1
q64254	c64254	1
q64255	c64255	1
q64256	c64256	1
q64257	c64257	1
q64258	c64258	1
q64259	c64259	1
q64260	c64260	1
q64261	c64261	1
q64262	c64262	1
q64263	c64263	1
q64264	c64264	1
q64265	c64265	1
q64266	c64266	1
q64267	c64267	1
q64268	c64268	1
q64269	c64269	1
q64270	c64270	1
q64271	c64271	1
q64272	c64272	1
q64273	c64273	1
q64274	c64274	1
q64275	c64275	1
q64276	c64276	1
q64277	c64277	1
q64278	c64278	1
q64279	c64279	1
q64280	c64280	1
q64281	c64281	1
q64282	c64282	1
q64283	c64283	1
q64284	c64284	1
q64285	c64285	1
q64286	c64286	1
q64287	c64287	1
q64288	c64288	1
q64289	c64289	1
q64290	c64290	1
q64291	c64291	1
q64292	c64292	1
q64293	c64293	1
q64294	c64294	1
q64295	c64295	1
q64296	c64296	1
q64297	c64297	1
q64298	c64298	1
q64299	c64299	1
q64300	c64300	1
q64301	c64301	1
q64302	c64302	1
q64303	c64303	1
q64304	c64304	1
q64305	c64305	1
q64306	c64306	1
q64307	c64307	1
q64308	c64308	1
q64309	c64309	1
q64310	c64310	1
q64311	c64311	1
q64312	c64312	1
q64313	c64313	1
q64314	c64314	1
q64315	c64315	1
q64316	c64316	1
q64317	c64317	1
q64318	c64318	1
q64319	c64319	1
q64320	c64320	1
q64321	c64321	1
q64322	c64322	1
q64323	c64323	1
q64324	c64324	1
q64325	c64325	1
q64326	c64326	1
q64327	c64327	1
q64328	c64328	1
q64329	c64329	1
q64330	c64330	1
q64331	c64331	1
q64332	c64332	1
q64333	c64333	1
q64334	c64334	1
q64335	c64335	1
q64336	c64336	1
q64337	c64337	1
q64338	c64338	1
q64339	c64339	1
q64340	c64340	1
q64341	c64341	1
q64342	c64342	1
q64343	c64343	1
q64344	c64344	1
q64345	c64345	1
q64346	c64346	1
q64347	c64347	1
q64348	c64348	1
q64349	c64349	1
q64350	c64350	1
q64351	c64351	1
q64352	c64352	1
q64353	c64353	1
q64354	c64354	1
q64355	c64355	1
q64356	c64356	1
q64357	c64357	1
q64358	c64358	1
q64359	c64359	1
q64360	c64360	1
q64361	c64361	1
q64362	c64362	1
q64363	c64363	1
q64364	c64364	1
q64365	c64365	1
q64366	c64366	1
q64367	c64367	1
q64368	c64368	1
q64369	c64369	1
q64370	c64370	1
q64371	c64371	1
q64372	c64372	1
q64373	c64373	1
q64374	c64374	1
q64375	c64375	1
q64376	c64376	1
q64377	c64377	1
q64378	c64378	1
q64379	c64379	1
q64380	c64380	1
q64381	c64381	1
q64382	c64382	1
q64383	c64383	1
q64384	c64384	1
q64385	c64385	1
q64386	c64386	1
q64387	c64387	1
q64388	c64388	1
q64389	c64389	1
q64390	c64390	1
q64391	c64391	1
q64392	c64392	1
q64393	c64393	1
q64394	c64394	1
q64395	c64395	1
q64396	c64396	1
q64397	c64397	1
q64398	c64398	1
q64399	c64399	1
q64400	c64400	1
q64401	c64401	1
q64402	c64402	1
q64403	c64403	1
q64404	c64404	1
q64405	c64405	1
q64406	c64406	1
q64407	c64407	1
q64408	c64408	1
q64409	c64409	1
q64410	c64410	1
q64411	c64411	1
q64412	c64412	1
q64413	c64413	1
q64414	c64414	1
q64415	c64415	1
q64416	c64416	1
q64417	c64417	1
q64418	c64418	1
q64419	c64419	1
q64420	c64420	1
q64421	c64421	1
q64422	c64422	1
q64423	c64423	1
q64424	c64424	1
q64425	c64425	1
q64426	c64426	1
q64427	c64427	1
q64428	c64428	1
q64429	c64429	1
q64430	c64430	1
q64431	c64431	1
q64432	c64432	1
q64433	c64433	1
q64434	c64434	1
q64435	c64435	1
q64436	c64436	1
q64437	c64437	1
q64438	c64438	1
q64439	c64439	1
q64440	c64440	1
q64441	c64441	1
q64442	c64442	1
q64443	c64443	1
q64444	c64444	1
q64445	c64445	1
q64446	c64446	1
q64447	c64447	1
q64448	c64448	1
q64449	c64449	1
q64450	c64450	1
q64451	c64451	1
q64452	c64452	1
q64453	c64453	1
q64454	c64454	1
q64455	c64455	1
q64456	c64456	1
q64457	c64457	1
q64458	c64458	1
q64459	c64459	1
q64460	c64460	1
q64461	c64461	1
q64462	c64462	1
q64463	c64463	1
q64464	c64464	1
q64465	c64465	1
q64466	c64466	1
q64467	c64467	1
q64468	c64468	1
q64469	c64469	1
q64470	c64470	1
q64471	c64471	1
q64472	c64472	1
q64473	c64473	1
q64474	c64474	1
q64475	c64475	1
q64476	c64476	1
q64477	c64477	1
q64478	c64478	1
q64479	c64479	1
q64480	c64480	1
q64481	c64481	1
q64482	c64482	1
q64483	c64483	1
q64484	c64484	1
q64485	c64485	1
q64486	c64486	1
q64487	c64487	1
q64488	c64488	1
q64489	c64489	1
q64490	c64490	1
q64491	c64491	1
q64492	c64492	1
q64493	c64493	1
q64494	c64494	1
q64495	c64495	1
q64496	c64496	1
q64497	c64497	1
q64498	c64498	1
q64499	c64499	1
q64500	c64500	1
q64501	c64501	1
q64502	c64502	1
q64503	c64503	1
q64504	c64504	1
q64505	c64505	1
q64506	c64506	1
q64507	c64507	1
q64508	c64508	1
q64509	c64509	1
q64510	c64510	1
q64511	c64511	1
q64512	c64512	1
q64513	c64513	1
q64514	c64514	1
q64515	c64515	1
q64516	c64516	1
q64517	c64517	1
q64518	c64518	1
q64519	c64519	1
q64520	c64520	1
q64521	c64521	1
q64522	c64522	1
q64523	c64523	1
q64524	c64524	1
q64525	c64525	1
q64526	c64526	1
q64527	c64527	1
q64528	c64528	1
q64529	c64529	1
q64530	c64530	1
q64531	c64531	1
q64532	c64532	1
q64533	c64533	1
q64534	c64534	1
q64535	c64535	1
q64536	c64536	1
q64537	c64537	1
q64538	c64538	1
q64539	c64539	1
q64540	c64540	1
q64541	c64541	1
q64542	c64542	1
q64543	c64543	1
q64544	c64544	1
q64545	c64545	1
q64546	c64546	1
q64547	c64547	1
q64548	c64548	1
q64549	c64549	1
q64550	c64550	1
q64551	c64551	1
q64552	c64552	1
q64553	c64553	1
q64554	c64554	1
q64555	c64555	1
q64556	c64556	1
q64557	c64557	1
q64558	c64558	1
q64559	c64559	1
q64560	c64560	1
q64561	c64561	1
q64562	c64562	1
q64563	c64563	1
q64564	c64564	1
q64565	c64565	1
q64566	c64566	1
q64567	c64567	1
q64568	c64568	1
q64569	c64569	1
q64570	c64570	1
q64571	c64571	1
q64572	c64572	1
q64573	c64573	1
q64574	c64574	1
q64575	c64575	1
q64576	c64576	1
q64577	c64577	1
q64578	c64578	1
q64579	c64579	1
q64580	c64580	1
q64581	c64581	1
q64582	c64582	1
q64583	c64583	1
q64584	c64584	1
q64585	c64585	1
q64586	c64586	1
q64587	c64587	1
q64588	c64588	1
q64589	c64589	1
q64590	c64590	1
q64591	c64591	1
q64592	c64592	1
q64593	c64593	1
q64594	c64594	1
q64595	c64595	1
q64596	c64596	1
q64597	c64597	1
q64598	c64598	1
q64599	c64599	1
q64600	c64600	1
q64601	c64601	1
q64602	c64602	1
q64603	c64603	1
q64604	c64604	1
q64605	c64605	1
q64606	c64606	1
q64607	c64607	1
q64608	c64608	1
q64609	c64609	1
q64610	c64610	1
q64611	c64611	1
q64612	c64612	1
q64613	c64613	1
q64614	c64614	1
q64615	c64615	1
q64616	c64616	1
q64617	c64617	1
q64618	c64618	1
q64619	c64619	1
q64620	c64620	1
q64621	c64621	1
q64622	c64622	1
q64623	c64623	1
q64624	c64624	1
q64625	c64625	1
q64626	c64626	1
q64627	c64627	1
q64628	c64628	1
q64629	c64629	1
q64630	c64630	1
q64631	c64631	1
q64632	c64632	1
q64633	c64633	1
q64634	c64634	1
q64635	c64635	1
q64636	c64636	1
q64637	c64637	1
q64638	c64638	1
q64639	c64639	1
q64640	c64640	1
q64641	c64641	1
q64642	c64642	1
q64643	c64643	1
q64644	c64644	1
q64645	c64645	1
q64646	c64646	1
q64647	c64647	1
q64648	c64648	1
q64649	c64649	1
q64650	c64650	1
q64651	c64651	1
q64652	c64652	1
q64653	c64653	1
q64654	c64654	1
q64655	c64655	1
q64656	c64656	1
q64657	c64657	1
q64658	c64658	1
q64659	c64659	1
q64660	c64660	1
q64661	c64661	1
q64662	c64662	1
q64663	c64663	1
q64664	c64664	1
q64665	c64665	1
q64666	c64666	1
q64667	c64667	1
q64668	c64668	1
q64669	c64669	1
q64670	c64670	1
q64671	c64671	1
q64672	c64672	1
q64673	c64673	1
q64674	c64674	1
q64675	c64675	1
q64676	c64676	1
q64677	c64677	1
q64678	c64678	1
q64679	c64679	1
q64680	c64680	1
q64681	c64681	1
q64682	c64682	1
q64683	c64683	1
q64684	c64684	1
q64685	c64685	1
q64686	c64686	1
q64687	c64687	1
q64688	c64688	1
q64689	c64689	1
q64690	c64690	1
q64691	c64691	1
q64692	c64692	1
q64693	c64693	1
q64694	c64694	1
q64695	c64695	1
q64696	c64696	1
q64697	c64697	1
q64698	c64698	1
q64699	c64699	1
q64700	c64700	1
q64701	c64701	1
q64702	c64702	1
q64703	c64703	1
q64704	c64704	1
q64705	c64705	1
q64706	c64706	1
q64707	c64707	1
q64708	c64708	1
q64709	c64709	1
q64710	c64710	1
q64711	c64711	1
q64712	c64712	1
q64713	c64713	1
q64714	c64714	1
q64715	c64715	1
q64716	c64716	1
q64717	c64717	1
q64718	c64718	1
q64719	c64719	1
q64720	c64720	1
q64721	c64721	1
q64722	c64722	1
q64723	c64723	1
q64724	c64724	1
q64725	c64725	1
q64726	c64726	1
q64727	c64727	1
q64728	c64728	1
q64729	c64729	1
q64730	c64730	1
q64731	c64731	1
q64732	c64732	1
q64733	c64733	1
q64734	c64734	1
q64735	c64735	1
q64736	c64736	1
q64737	c64737	1
q64738	c64738	1
q64739	c64739	1
q64740	c64740	1
q64741	c64741	1
q64742	c64742	1
q64743	c64743	1
q64744	c64744	1
q64745	c64745	1
q64746	c64746	1
q64747	c64747	1
q64748	c64748	1
q64749	c64749	1
q64750	c64750	1
q64751	c64751	1
q64752	c64752	1
q64753	c64753	1
q64754	c64754	1
q64755	c64755	1
q64756	c64756	1
q64757	c64757	1
q64758	c64758	1
q64759	c64759	1
q64760	c64760	1
q64761	c64761	1
q64762	c64762	1
q64763	c64763	1
q64764	c64764	1
q64765	c64765	1
q64766	c64766	1
q64767	c64767	1
q64768	c64768	1
q64769	c64769	1
q64770	c64770	1
q64771	c64771	1
q64772	c64772	1
q64773	c64773	1
q64774	c64774	1
q64775	c64775	1
q64776	c64776	1
q64777	c64777	1
q64778	c64778	1
q64779	c64779	1
q64780	c64780	1
q64781	c64781	1
q64782	c64782	1
q64783	c64783	1
q64784	c64784	1
q64785	c64785	1
q64786	c64786	1
q64787	c64787	1
q64788	c64788	1
q64789	c64789	1
q64790	c64790	1
q64791	c64791	1
q64792	c64792	1
q64793	c64793	1
q64794	c64794	1
q64795	c64795	1
q64796	c64796	1
q64797	c64797	1
q64798	c64798	1
q64799	c64799	1
q64800	c64800	1
q64801	c64801	1
q64802	c64802	1
q64803	c64803	1
q64804	c64804	1
q64805	c64805	1
q64806	c64806	1
q64807	c64807	1
q64808	c64808	1
q64809	c64809	1
q64810	c64810	1
q64811	c64811	1
q64812	c64812	1
q64813	c64813	1
q64814	c64814	1
q64815	c64815	1
q64816	c64816	1
q64817	c64817	1
q64818	c64818	1
q64819	c64819	1
q64820	c64820	1
q64821	c64821	1
q64822	c64822	1
q64823	c64823	1
q64824	c64824	1
q64825	c64825	1
q64826	c64826	1
q64827	c64827	1
q64828	c64828	1
q64829	c64829	1
q64830	c64830	1
q64831	c64831	1
q64832	c64832	1
q64833	c64833	1
q64834	c64834	1
q64835	c64835	1
q64836	c64836	1
q64837	c64837	1
q64838	c64838	1
q64839	c64839	1
q64840	c64840	1
q64841	c64841	1
q64842	c64842	1
q64843	c64843	1
q64844	c64844	1
q64845	c64845	1
q64846	c64846	1
q64847	c64847	1
q64848	c64848	1
q64849	c64849	1
q64850	c64850	1
q64851	c64851	1
q64852	c64852	1
q64853	c64853	1
q64854	c64854	1
q64855	c64855	1
q64856	c64856	1
q64857	c64857	1
q64858	c64858	1
q64859	c64859	1
q64860	c64860	1
q64861	c64861	1
q64862	c64862	1
q64863	c64863	1
q64864	c64864	1
q64865	c64865	1
q64866	c64866	1
q64867	c64867	1
q64868	c64868	1
q64869	c64869	1
q64870	c64870	1
q64871	c64871	1
q64872	c64872	1
q64873	c64873	1
q64874	c64874	1
q64875	c64875	1
q64876	c64876	1
q64877	c64877	1
q64878	c64878	1
q64879	c64879	1
q64880	c64880	1
q64881	c64881	1
q64882	c64882	1
q64883	c64883	1
q64884	c64884	1
q64885	c64885	1
q64886	c64886	1
q64887	c64887	1
q64888	c64888	1
q64889	c64889	1
q64890	c64890	1
q64891	c64891	1
q64892	c64892	1
q64893	c64893	1
q64894	c64894	1
q64895	c64895	1
q64896	c64896	1
q64897	c64897	1
q64898	c64898	1
q64899	c64899	1
q64900	c64900	1
q64901	c64901	1
q64902	c64902	1
q64903	c64903	1
q64904	c64904	1
q64905	c64905	1
q64906	c64906	1
q64907	c64907	1
q64908	c64908	1
q64909	c64909	1
q64910	c64910	1
q64911	c64911	1
q64912	c64912	1
q64913	c64913	1
q64914	c64914	1
q64915	c64915	1
q64916	c64916	1
q64917	c64917	1
q64918	c64918	1
q64919	c64919	1
q64920	c64920	1
q64921	c64921	1
q64922	c64922	1
q64923	c64923	1
q64924	c64924	1
q64925	c64925	1
q64926	c64926	1
q64927	c64927	1
q64928	c64928	1
q64929	c64929	1
q64930	c64930	1
q64931	c64931	1
q64932	c64932	1
q64933	c64933	1
q64934	c64934	1
q64935	c64935	1
q64936	c64936	1
q64937	c64937	1
q64938	c64938	1
q64939	c64939	1
q64940	c64940	1
q64941	c64941	1
q64942	c64942	1
q64943	c64943	1
q64944	c64944	1
q64945	c64945	1
q64946	c64946	1
q64947	c64947	1
q64948	c64948	1
q64949	c64949	1
q64950	c64950	1
q64951	c64951	1
q64952	c64952	1
q64953	c64953	1
q64954	c64954	1
q64955	c64955	1
q64956	c64956	1
q64957	c64957	1
q64958	c64958	1
q64959	c64959	1
q64960	c64960	1
q64961	c64961	1
q64962	c64962	1
q64963	c64963	1
q64964	c64964	1
q64965	c64965	1
q64966	c64966	1
q64967	c64967	1
q64968	c64968	1
q64969	c64969	1
q64970	c64970	1
q64971	c64971	1
q64972	c64972	1
q64973	c64973	1
q64974	c64974	1
q64975	c64975	1
q64976	c64976	1
q64977	c64977	1
q64978	c64978	1
q64979	c64979	1
q64980	c64980	1
q64981	c64981	1
q64982	c64982	1
q64983	c64983	1
q64984	c64984	1
q64985	c64985	1
q64986	c64986	1
q64987	c64987	1
q64988	c64988	1
q64989	c64989	1
q64990	c64990	1
q64991	c64991	1
q64992	c64992	1
q64993	c64993	1
q64994	c64994	1
q64995	c64995	1
q64996	c64996	1
q64997	c64997	1
q64998	c64998	1
q64999	c64999	1
q65000	c65000	1
q65001	c65001	1
q65002	c65002	1
q65003	c65003	1
q65004	c65004	1
q65005	c65005	1
q65006	c65006	1
q65007	c65007	1
q65008	c65008	1
q65009	c65009	1
q65010	c65010	1
q65011	c65011	1
q65012	c65012	1
q65013	c65013	1
q65014	c65014	1
q65015	c65015	1
q65016	c65016	1
q65017	c65017	1
q65018	c65018	1
q65019	c65019	1
q65020	c65020	1
q65021	c65021	1
q65022	c65022	1
q65023	c65023	1
q65024	c65024	1
q65025	c65025	1
q65026	c65026	1
q65027	c65027	1
q65028	c65028	1
q65029	c65029	1
q65030	c65030	1
q65031	c65031	1
q65032	c65032	1
q65033	c65033	1
q65034	c65034	1
q65035	c65035	1
q65036	c65036	1
q65037	c65037	1
q65038	c65038	1
q65039	c65039	1
q65040	c65040	1
q65041	c65041	1
q65042	c65042	1
q65043	c65043	1
q65044	c65044	1
q65045	c65045	1
q65046	c65046	1
q65047	c65047	1
q65048	c65048	1
q65049	c65049	1
q65050	c65050	1
q65051	c65051	1
q65052	c65052	1
q65053	c65053	1
q65054	c65054	1
q65055	c65055	1
q65056	c65056	1
q65057	c65057	1
q65058	c65058	1
q65059	c65059	1
q65060	c65060	1
q65061	c65061	1
q65062	c65062	1
q65063	c65063	1
q65064	c65064	1
q65065	c65065	1
q65066	c65066	1
q65067	c65067	1
q65068	c65068	1
q65069	c65069	1
q65070	c65070	1
q65071	c65071	1
q65072	c65072	1
q65073	c65073	1
q65074	c65074	1
q65075	c65075	1
q65076	c65076	1
q65077	c65077	1
q65078	c65078	1
q65079	c65079	1
q65080	c65080	1
q65081	c65081	1
q65082	c65082	1
q65083	c65083	1
q65084	c65084	1
q65085	c65085	1
q65086	c65086	1
q65087	c65087	1
q65088	c65088	1
q65089	c65089	1
q65090	c65090	1
q65091	c65091	1
q65092	c65092	1
q65093	c65093	1
q65094	c65094	1
q65095	c65095	1
q65096	c65096	1
q65097	c65097	1
q65098	c65098	1
q65099	c65099	1
q65100	c65100	1
q65101	c65101	1
q65102	c65102	1
q65103	c65103	1
q65104	c65104	1
q65105	c65105	1
q65106	c65106	1
q65107	c65107	1
q65108	c65108	1
q65109	c65109	1
q65110	c65110	1
q65111	c65111	1
q65112	c65112	1
q65113	c65113	1
q65114	c65114	1
q65115	c65115	1
q65116	c65116	1
q65117	c65117	1
q65118	c65118	1
q65119	c65119	1
q65120	c65120	1
q65121	c65121	1
q65122	c65122	1
q65123	c65123	1
q65124	c65124	1
q65125	c65125	1
q65126	c65126	1
q65127	c65127	1
q65128	c65128	1
q65129	c65129	1
q65130	c65130	1
q65131	c65131	1
q65132	c65132	1
q65133	c65133	1
q65134	c65134	1
q65135	c65135	1
q65136	c65136	1
q65137	c65137	1
q65138	c65138	1
q65139	c65139	1
q65140	c65140	1
q65141	c65141	1
q65142	c65142	1
q65143	c65143	1
q65144	c65144	1
q65145	c65145	1
q65146	c65146	1
q65147	c65147	1
q65148	c65148	1
q65149	c65149	1
q65150	c65150	1
q65151	c65151	1
q65152	c65152	1
q65153	c65153	1
q65154	c65154	1
q65155	c65155	1
q65156	c65156	1
q65157	c65157	1
q65158	c65158	1
q65159	c65159	1
q65160	c65160	1
q65161	c65161	1
q65162	c65162	1
q65163	c65163	1
q65164	c65164	1
q65165	c65165	1
q65166	c65166	1
q65167	c65167	1
q65168	c65168	1
q65169	c65169	1
q65170	c65170	1
q65171	c65171	1
q65172	c65172	1
q65173	c65173	1
q65174	c65174	1
q65175	c65175	1
q65176	c65176	1
q65177	c65177	1
q65178	c65178	1
q65179	c65179	1
q65180	c65180	1
q65181	c65181	1
q65182	c65182	1
q65183	c65183	1
q65184	c65184	1
q65185	c65185	1
q65186	c65186	1
q65187	c65187	1
q65188	c65188	1
q65189	c65189	1
q65190	c65190	1
q65191	c65191	1
q65192	c65192	1
q65193	c65193	1
q65194	c65194	1
q65195	c65195	1
q65196	c65196	1
q65197	c65197	1
q65198	c65198	1
q65199	c65199	1
q65200	c65200	1
q65201	c65201	1
q65202	c65202	1
q65203	c65203	1
q65204	c65204	1
q65205	c65205	1
q65206	c65206	1
q65207	c65207	1
q65208	c65208	1
q65209	c65209	1
q65210	c65210	1
q65211	c65211	1
q65212	c65212	1
q65213	c65213	1
q65214	c65214	1
q65215	c65215	1
q65216	c65216	1
q65217	c65217	1
q65218	c65218	1
q65219	c65219	1
q65220	c65220	1
q65221	c65221	1
q65222	c65222	1
q65223	c65223	1
q65224	c65224	1
q65225	c65225	1
q65226	c65226	1
q65227	c65227	1
q65228	c65228	1
q65229	c65229	1
q65230	c65230	1
q65231	c65231	1
q65232	c65232	1
q65233	c65233	1
q65234	c65234	1
q65235	c65235	1
q65236	c65236	1
q65237	c65237	1
q65238	c65238	1
q65239	c65239	1
q65240	c65240	1
q65241	c65241	1
q65242	c65242	1
q65243	c65243	1
q65244	c65244	1
q65245	c65245	1
q65246	c65246	1
q65247	c65247	1
q65248	c65248	1
q65249	c65249	1
q65250	c65250	1
q65251	c65251	1
q65252	c65252	1
q65253	c65253	1
q65254	c65254	1
q65255	c65255	1
q65256	c65256	1
q65257	c65257	1
q65258	c65258	1
q65259	c65259	1
q65260	c65260	1
q65261	c65261	1
q65262	c65262	1
q65263	c65263	1
q65264	c65264	1
q65265	c65265	1
q65266	c65266	1
q65267	c65267	1
q65268	c65268	1
q65269	c65269	1
q65270	c65270	1
q65271	c65271	1
q65272	c65272	1
q65273	c65273	1
q65274	c65274	1
q65275	c65275	1
q65276	c65276	1
q65277	c65277	1
q65278	c65278	1
q65279	c65279	1
q65280	c65280	1
q65281	c65281	1
q65282	c65282	1
q65283	c65283	1
q65284	c65284	1
q65285	c65285	1
q65286	c65286	1
q65287	c65287	1
q65288	c65288	1
q65289	c65289	1
q65290	c65290	1
q65291	c65291	1
q65292	c65292	1
q65293	c65293	1
q65294	c65294	1
q65295	c65295	1
q65296	c65296	1
q65297	c65297	1
q65298	c65298	1
q65299	c65299	1
q65300	c65300	1
q65301	c65301	1
q65302	c65302	1
q65303	c65303	1
q65304	c65304	1
q65305	c65305	1
q65306	c65306	1
q65307	c65307	1
q65308	c65308	1
q65309	c65309	1
q65310	c65310	1
q65311	c65311	1
q65312	c65312	1
q65313	c65313	1
q65314	c65314	1
q65315	c65315	1
q65316	c65316	1
q65317	c65317	1
q65318	c65318	1
q65319	c65319	1
q65320	c65320	1
q65321	c65321	1
q65322	c65322	1
q65323	c65323	1
q65324	c65324	1
q65325	c65325	1
q65326	c65326	1
q65327	c65327	1
q65328	c65328	1
q65329	c65329	1
q65330	c65330	1
q65331	c65331	1
q65332	c65332	1
q65333	c65333	1
q65334	c65334	1
q65335	c65335	1
q65336	c65336	1
q65337	c65337	1
q65338	c65338	1
q65339	c65339	1
q65340	c65340	1
q65341	c65341	1
q65342	c65342	1
q65343	c65343	1
q65344	c65344	1
q65345	c65345	1
q65346	c65346	1
q65347	c65347	1
q65348	c65348	1
q65349	c65349	1
q65350	c65350	1
q65351	c65351	1
q65352	c65352	1
q65353	c65353	1
q65354	c65354	1
q65355	c65355	1
q65356	c65356	1
q65357	c65357	1
q65358	c65358	1
q65359	c65359	1
q65360	c65360	1
q65361	c65361	1
q65362	c65362	1
q65363	c65363	1
q65364	c65364	1
q65365	c65365	1
q65366	c65366	1
q65367	c65367	1
q65368	c65368	1
q65369	c65369	1
q65370	c65370	1
q65371	c65371	1
q65372	c65372	1
q65373	c65373	1
q65374	c65374	1
q65375	c65375	1
q65376	c65376	1
q65377	c65377	1
q65378	c65378	1
q65379	c65379	1
q65380	c65380	1
q65381	c65381	1
q65382	c65382	1
q65383	c65383	1
q65384	c65384	1
q65385	c65385	1
q65386	c65386	1
q65387	c65387	1
q65388	c65388	1
q65389	c65389	1
q65390	c65390	1
q65391	c65391	1
q65392	c65392	1
q65393	c65393	1
q65394	c65394	1
q65395	c65395	1
q65396	c65396	1
q65397	c65397	1
q65398	c65398	1
q65399	c65399	1
q65400	c65400	1
q65401	c65401	1
q65402	c65402	1
q65403	c65403	1
q65404	c65404	1
q65405	c65405	1
q65406	c65406	1
q65407	c65407	1
q65408	c65408	1
q65409	c65409	1
q65410	c65410	1
q65411	c65411	1
q65412	c65412	1
q65413	c65413	1
q65414	c65414	1
q65415	c65415	1
q65416	c65416	1
q65417	c65417	1
q65418	c65418	1
q65419	c65419	1
q65420	c65420	1
q65421	c65421	1
q65422	c65422	1
q65423	c65423	1
q65424	c65424	1
q65425	c65425	1
q65426	c65426	1
q65427	c65427	1
q65428	c65428	1
q65429	c65429	1
q65430	c65430	1
q65431	c65431	1
q65432	c65432	1
q65433	c65433	1
q65434	c65434	1
q65435	c65435	1
q65436	c65436	1
q65437	c65437	1
q65438	c65438	1
q65439	c65439	1
q65440	c65440	1
q65441	c65441	1
q65442	c65442	1
q65443	c65443	1
q65444	c65444	1
q65445	c65445	1
q65446	c65446	1
q65447	c65447	1
q65448	c65448	1
q65449	c65449	1
q65450	c65450	1
q65451	c65451	1
q65452	c65452	1
q65453	c65453	1
q65454	c65454	1
q65455	c65455	1
q65456	c65456	1
q65457	c65457	1
q65458	c65458	1
q65459	c65459	1
q65460	c65460	1
q65461	c65461	1
q65462	c65462	1
q65463	c65463	1
q65464	c65464	1
q65465	c65465	1
q65466	c65466	1
q65467	c65467	1
q65468	c65468	1
q65469	c65469	1
q65470	c65470	1
q65471	c65471	1
q65472	c65472	1
q65473	c65473	1
q65474	c65474	1
q65475	c65475	1
q65476	c65476	1
q65477	c65477	1
q65478	c65478	1
q65479	c65479	1
q65480	c65480	1
q65481	c65481	1
q65482	c65482	1
q65483	c65483	1
q65484	c65484	1
q65485	c65485	1
q65486	c65486	1
q65487	c65487	1
q65488	c65488	1
q65489	c65489	1
q65490	c65490	1
q65491	c65491	1
q65492	c65492	1
q65493	c65493	1
q65494	c65494	1
q65495	c65495	1
q65496	c65496	1
q65497	c65497	1
q65498	c65498	1
q65499	c65499	1
q65500	c65500	1
q65501	c65501	1
q65502	c65502	1
q65503	c65503	1
q65504	c65504	1
q65505	c65505	1
q65506	c65506	1
q65507	c65507	1
q65508	c65508	1
q65509	c65509	1
q65510	c65510	1
q65511	c65511	1
q65512	c65512	1
q65513	c65513	1
q65514	c65514	1
q65515	c65515	1
q65516	c65516	1
q65517	c65517	1
q65518	c65518	1
q65519	c65519	1
q65520	c65520	1
q65521	c65521	1
q65522	c65522	1
q65523	c65523	1
q65524	c65524	1
q65525	c65525	1
q65526	c65526	1
q65527	c65527	1
q65528	c65528	1
q65529	c65529	1
q65530	c65530	1
q65531	c65531	1
q65532	c65532	1
q65533	c65533	1
q65534	c65534	1
q65535	c65535	1
q65536	c65536	1
q65537	c65537	1
q65538	c65538	1
q65539	c65539	1
q65540	c65540	1
q65541	c65541	1
q65542	c65542	1
q65543	c65543	1
q65544	c65544	1
q65545	c65545	1
q65546	c65546	1
q65547	c65547	1
q65548	c65548	1
q65549	c65549	1
q65550	c65550	1
q65551	c65551	1
q65552	c65552	1
q65553	c65553	1
q65554	c65554	1
q65555	c65555	1
q65556	c65556	1
q65557	c65557	1
q65558	c65558	1
q65559	c65559	1
q65560	c65560	1
q65561	c65561	1
q65562	c65562	1
q65563	c65563	1
q65564	c65564	1
q65565	c65565	1
q65566	c65566	1
q65567	c65567	1
q65568	c65568	1
q65569	c65569	1
q65570	c65570	1
q65571	c65571	1
q65572	c65572	1
q65573	c65573	1
q65574	c65574	1
q65575	c65575	1
q65576	c65576	1
q65577	c65577	1
q65578	c65578	1
q65579	c65579	1
q65580	c65580	1
q65581	c65581	1
q65582	c65582	1
q65583	c65583	1
q65584	c65584	1
q65585	c65585	1
q65586	c65586	1
q65587	c65587	1
q65588	c65588	1
q65589	c65589	1
q65590	c65590	1
q65591	c65591	1
q65592	c65592	1
q65593	c65593	1
q65594	c65594	1
q65595	c65595	1
q65596	c65596	1
q65597	c65597	1
q65598	c65598	1
q65599	c65599	1
q65600	c65600	1
q65601	c65601	1
q65602	c65602	1
q65603	c65603	1
q65604	c65604	1
q65605	c65605	1
q65606	c65606	1
q65607	c65607	1
q65608	c65608	1
q65609	c65609	1
q65610	c65610	1
q65611	c65611	1
q65612	c65612	1
q65613	c65613	1
q65614	c65614	1
q65615	c65615	1
q65616	c65616	1
q65617	c65617	1
q65618	c65618	1
q65619	c65619	1
q65620	c65620	1
q65621	c65621	1
q65622	c65622	1
q65623	c65623	1
q65624	c65624	1
q65625	c65625	1
q65626	c65626	1
q65627	c65627	1
q65628	c65628	1
q65629	c65629	1
q65630	c65630	1
q65631	c65631	1
q65632	c65632	1
q65633	c65633	1
q65634	c65634	1
q65635	c65635	1
q65636	c65636	1
q65637	c65637	1
q65638	c65638	1
q65639	c65639	1
q65640	c65640	1
q65641	c65641	1
q65642	c65642	1
q65643	c65643	1
q65644	c65644	1
q65645	c65645	1
q65646	c65646	1
q65647	c65647	1
q65648	c65648	1
q65649	c65649	1
q65650	c65650	1
q65651	c65651	1
q65652	c65652	1
q65653	c65653	1
q65654	c65654	1
q65655	c65655	1
q65656	c65656	1
q65657	c65657	1
q65658	c65658	1
q65659	c65659	1
q65660	c65660	1
q65661	c65661	1
q65662	c65662	1
q65663	c65663	1
q65664	c65664	1
q65665	c65665	1
q65666	c65666	1
q65667	c65667	1
q65668	c65668	1
q65669	c65669	1
q65670	c65670	1
q65671	c65671	1
q65672	c65672	1
q65673	c65673	1
q65674	c65674	1
q65675	c65675	1
q65676	c65676	1
q65677	c65677	1
q65678	c65678	1
q65679	c65679	1
q65680	c65680	1
q65681	c65681	1
q65682	c65682	1
q65683	c65683	1
q65684	c65684	1
q65685	c65685	1
q65686	c65686	1
q65687	c65687	1
q65688	c65688	1
q65689	c65689	1
q65690	c65690	1
q65691	c65691	1
q65692	c65692	1
q65693	c65693	1
q65694	c65694	1
q65695	c65695	1
q65696	c65696	1
q65697	c65697	1
q65698	c65698	1
q65699	c65699	1
q65700	c65700	1
q65701	c65701	1
q65702	c65702	1
q65703	c65703	1
q65704	c65704	1
q65705	c65705	1
q65706	c65706	1
q65707	c65707	1
q65708	c65708	1
q65709	c65709	1
q65710	c65710	1
q65711	c65711	1
q65712	c65712	1
q65713	c65713	1
q65714	c65714	1
q65715	c65715	1
q65716	c65716	1
q65717	c65717	1
q65718	c65718	1
q65719	c65719	1
q65720	c65720	1
q65721	c65721	1
q65722	c65722	1
q65723	c65723	1
q65724	c65724	1
q65725	c65725	1
q65726	c65726	1
q65727	c65727	1
q65728	c65728	1
q65729	c65729	1
q65730	c65730	1
q65731	c65731	1
q65732	c65732	1
q65733	c65733	1
q65734	c65734	1
q65735	c65735	1
q65736	c65736	1
q65737	c65737	1
q65738	c65738	1
q65739	c65739	1
q65740	c65740	1
q65741	c65741	1
q65742	c65742	1
q65743	c65743	1
q65744	c65744	1
q65745	c65745	1
q65746	c65746	1
q65747	c65747	1
q65748	c65748	1
q65749	c65749	1
q65750	c65750	1
q65751	c65751	1
q65752	c65752	1
q65753	c65753	1
q65754	c65754	1
q65755	c65755	1
q65756	c65756	1
q65757	c65757	1
q65758	c65758	1
q65759	c65759	1
q65760	c65760	1
q65761	c65761	1
q65762	c65762	1
q65763	c65763	1
q65764	c65764	1
q65765	c65765	1
q65766	c65766	1
q65767	c65767	1
q65768	c65768	1
q65769	c65769	1
q65770	c65770	1
q65771	c65771	1
q65772	c65772	1
q65773	c65773	1
q65774	c65774	1
q65775	c65775	1
q65776	c65776	1
q65777	c65777	1
q65778	c65778	1
q65779	c65779	1
q65780	c65780	1
q65781	c65781	1
q65782	c65782	1
q65783	c65783	1
q65784	c65784	1
q65785	c65785	1
q65786	c65786	1
q65787	c65787	1
q65788	c65788	1
q65789	c65789	1
q65790	c65790	1
q65791	c65791	1
q65792	c65792	1
q65793	c65793	1
q65794	c65794	1
q65795	c65795	1
q65796	c65796	1
q65797	c65797	1
q65798	c65798	1
q65799	c65799	1
q65800	c65800	1
q65801	c65801	1
q65802	c65802	1
q65803	c65803	1
q65804	c65804	1
q65805	c65805	1
q65806	c65806	1
q65807	c65807	1
q65808	c65808	1
q65809	c65809	1
q65810	c65810	1
q65811	c65811	1
q65812	c65812	1
q65813	c65813	1
q65814	c65814	1
q65815	c65815	1
q65816	c65816	1
q65817	c65817	1
q65818	c65818	1
q65819	c65819	1
q65820	c65820	1
q65821	c65821	1
q65822	c65822	1
q65823	c65823	1
q65824	c65824	1
q65825	c65825	1
q65826	c65826	1
q65827	c65827	1
q65828	c65828	1
q65829	c65829	1
q65830	c65830	1
q65831	c65831	1
q65832	c65832	1
q65833	c65833	1
q65834	c65834	1
q65835	c65835	1
q65836	c65836	1
q65837	c65837	1
q65838	c65838	1
q65839	c65839	1
q65840	c65840	1
q65841	c65841	1
q65842	c65842	1
q65843	c65843	1
q65844	c65844	1
q65845	c65845	1
q65846	c65846	1
q65847	c65847	1
q65848	c65848	1
q65849	c65849	1
q65850	c65850	1
q65851	c65851	1
q65852	c65852	1
q65853	c65853	1
q65854	c65854	1
q65855	c65855	1
q65856	c65856	1
q65857	c65857	1
q65858	c65858	1
q65859	c65859	1
q65860	c65860	1
q65861	c65861	1
q65862	c65862	1
q65863	c65863	1
q65864	c65864	1
q65865	c65865	1
q65866	c65866	1
q65867	c65867	1
q65868	c65868	1
q65869	c65869	1
q65870	c65870	1
q65871	c65871	1
q65872	c65872	1
q65873	c65873	1
q65874	c65874	1
q65875	c65875	1
q65876	c65876	1
q65877	c65877	1
q65878	c65878	1
q65879	c65879	1
q65880	c65880	1
q65881	c65881	1
q65882	c65882	1
q65883	c65883	1
q65884	c65884	1
q65885	c65885	1
q65886	c65886	1
q65887	c65887	1
q65888	c65888	1
q65889	c65889	1
q65890	c65890	1
q65891	c65891	1
q65892	c65892	1
q65893	c65893	1
q65894	c65894	1
q65895	c65895	1
q65896	c65896	1
q65897	c65897	1
q65898	c65898	1
q65899	c65899	1
q65900	c65900	1
q65901	c65901	1
q65902	c65902	1
q65903	c65903	1
q65904	c65904	1
q65905	c65905	1
q65906	c65906	1
q65907	c65907	1
q65908	c65908	1
q65909	c65909	1
q65910	c65910	1
q65911	c65911	1
q65912	c65912	1
q65913	c65913	1
q65914	c65914	1
q65915	c65915	1
q65916	c65916	1
q65917	c65917	1
q65918	c65918	1
q65919	c65919	1
q65920	c65920	1
q65921	c65921	1
q65922	c65922	1
q65923	c65923	1
q65924	c65924	1
q65925	c65925	1
q65926	c65926	1
q65927	c65927	1
q65928	c65928	1
q65929	c65929	1
q65930	c65930	1
q65931	c65931	1
q65932	c65932	1
q65933	c65933	1
q65934	c65934	1
q65935	c65935	1
q65936	c65936	1
q65937	c65937	1
q65938	c65938	1
q65939	c65939	1
q65940	c65940	1
q65941	c65941	1
q65942	c65942	1
q65943	c65943	1
q65944	c65944	1
q65945	c65945	1
q65946	c65946	1
q65947	c65947	1
q65948	c65948	1
q65949	c65949	1
q65950	c65950	1
q65951	c65951	1
q65952	c65952	1
q65953	c65953	1
q65954	c65954	1
q65955	c65955	1
q65956	c65956	1
q65957	c65957	1
q65958	c65958	1
q65959	c65959	1
q65960	c65960	1
q65961	c65961	1
q65962	c65962	1
q65963	c65963	1
q65964	c65964	1
q65965	c65965	1
q65966	c65966	1
q65967	c65967	1
q65968	c65968	1
q65969	c65969	1
q65970	c65970	1
q65971	c65971	1
q65972	c65972	1
q65973	c65973	1
q65974	c65974	1
q65975	c65975	1
q65976	c65976	1
q65977	c65977	1
q65978	c65978	1
q65979	c65979	1
q65980	c65980	1
q65981	c65981	1
q65982	c65982	1
q65983	c65983	1
q65984	c65984	1
q65985	c65985	1
q65986	c65986	1
q65987	c65987	1
q65988	c65988	1
q65989	c65989	1
q65990	c65990	1
q65991	c65991	1
q65992	c65992	1
q65993	c65993	1
q65994	c65994	1
q65995	c65995	1
q65996	c65996	1
q65997	c65997	1
q65998	c65998	1
q65999	c65999	1
q66000	c66000	1
q66001	c66001	1
q66002	c66002	1
q66003	c66003	1
q66004	c66004	1
q66005	c66005	1
q66006	c66006	1
q66007	c66007	1
q66008	c66008	1
q66009	c66009	1
q66010	c66010	1
q66011	c66011	1
q66012	c66012	1
q66013	c66013	1
q66014	c66014	1
q66015	c66015	1
q66016	c66016	1
q66017	c66017	1
q66018	c66018	1
q66019	c66019	1
q66020	c66020	1
q66021	c66021	1
q66022	c66022	1
q66023	c66023	1
q66024	c66024	1
q66025	c66025	1
q66026	c66026	1
q66027	c66027	1
q66028	c66028	1
q66029	c66029	1
q66030	c66030	1
q66031	c66031	1
q66032	c66032	1
q66033	c66033	1
q66034	c66034	1
q66035	c66035	1
q66036	c66036	1
q66037	c66037	1
q66038	c66038	1
q66039	c66039	1
q66040	c66040	1
q66041	c66041	1
q66042	c66042	1
q66043	c66043	1
q66044	c66044	1
q66045	c66045	1
q66046	c66046	1
q66047	c66047	1
q66048	c66048	1
q66049	c66049	1
q66050	c66050	1
q66051	c66051	1
q66052	c66052	1
q66053	c66053	1
q66054	c66054	1
q66055	c66055	1
q66056	c66056	1
q66057	c66057	1
q66058	c66058	1
q66059	c66059	1
q66060	c66060	1
q66061	c66061	1
q66062	c66062	1
q66063	c66063	1
q66064	c66064	1
q66065	c66065	1
q66066	c66066	1
q66067	c66067	1
q66068	c66068	1
q66069	c66069	1
q66070	c66070	1
q66071	c66071	1
q66072	c66072	1
q66073	c66073	1
q66074	c66074	1
q66075	c66075	1
q66076	c66076	1
q66077	c66077	1
q66078	c66078	1
q66079	c66079	1
q66080	c66080	1
q66081	c66081	1
q66082	c66082	1
q66083	c66083	1
q66084	c66084	1
q66085	c66085	1
q66086	c66086	1
q66087	c66087	1
q66088	c66088	1
q66089	c66089	1
q66090	c66090	1
q66091	c66091	1
q66092	c66092	1
q66093	c66093	1
q66094	c66094	1
q66095	c66095	1
q66096	c66096	1
q66097	c66097	1
q66098	c66098	1
q66099	c66099	1
q66100	c66100	1
q66101	c66101	1
q66102	c66102	1
q66103	c66103	1
q66104	c66104	1
q66105	c66105	1
q66106	c66106	1
q66107	c66107	1
q66108	c66108	1
q66109	c66109	1
q66110	c66110	1
q66111	c66111	1
q66112	c66112	1
q66113	c66113	1
q66114	c66114	1
q66115	c66115	1
q66116	c66116	1
q66117	c66117	1
q66118	c66118	1
q66119	c66119	1
q66120	c66120	1
q66121	c66121	1
q66122	c66122	1
q66123	c66123	1
q66124	c66124	1
q66125	c66125	1
q66126	c66126	1
q66127	c66127	1
q66128	c66128	1
q66129	c66129	1
q66130	c66130	1
q66131	c66131	1
q66132	c66132	1
q66133	c66133	1
q66134	c66134	1
q66135	c66135	1
q66136	c66136	1
q66137	c66137	1
q66138	c66138	1
q66139	c66139	1
q66140	c66140	1
q66141	c66141	1
q66142	c66142	1
q66143	c66143	1
q66144	c66144	1
q66145	c66145	1
q66146	c66146	1
q66147	c66147	1
q66148	c66148	1
q66149	c66149	1
q66150	c66150	1
q66151	c66151	1
q66152	c66152	1
q66153	c66153	1
q66154	c66154	1
q66155	c66155	1
q66156	c66156	1
q66157	c66157	1
q66158	c66158	1
q66159	c66159	1
q66160	c66160	1
q66161	c66161	1
q66162	c66162	1
q66163	c66163	1
q66164	c66164	1
q66165	c66165	1
q66166	c66166	1
q66167	c66167	1
q66168	c66168	1
q66169	c66169	1
q66170	c66170	1
q66171	c66171	1
q66172	c66172	1
q66173	c66173	1
q66174	c66174	1
q66175	c66175	1
q66176	c66176	1
q66177	c66177	1
q66178	c66178	1
q66179	c66179	1
q66180	c66180	1
q66181	c66181	1
q66182	c66182	1
q66183	c66183	1
q66184	c66184	1
q66185	c66185	1
q66186	c66186	1
q66187	c66187	1
q66188	c66188	1
q66189	c66189	1
q66190	c66190	1
q66191	c66191	1
q66192	c66192	1
q66193	c66193	1
q66194	c66194	1
q66195	c66195	1
q66196	c66196	1
q66197	c66197	1
q66198	c66198	1
q66199	c66199	1
q66200	c66200	1
q66201	c66201	1
q66202	c66202	1
q66203	c66203	1
q66204	c66204	1
q66205	c66205	1
q66206	c66206	1
q66207	c66207	1
q66208	c66208	1
q66209	c66209	1
q66210	c66210	1
q66211	c66211	1
q66212	c66212	1
q66213	c66213	1
q66214	c66214	1
q66215	c66215	1
q66216	c66216	1
q66217	c66217	1
q66218	c66218	1
q66219	c66219	1
q66220	c66220	1
q66221	c66221	1
q66222	c66222	1
q66223	c66223	1
q66224	c66224	1
q66225	c66225	1
q66226	c66226	1
q66227	c66227	1
q66228	c66228	1
q66229	c66229	1
q66230	c66230	1
q66231	c66231	1
q66232	c66232	1
q66233	c66233	1
q66234	c66234	1
q66235	c66235	1
q66236	c66236	1
q66237	c66237	1
q66238	c66238	1
q66239	c66239	1
q66240	c66240	1
q66241	c66241	1
q66242	c66242	1
q66243	c66243	1
q66244	c66244	1
q66245	c66245	1
q66246	c66246	1
q66247	c66247	1
q66248	c66248	1
q66249	c66249	1
q66250	c66250	1
q66251	c66251	1
q66252	c66252	1
q66253	c66253	1
q66254	c66254	1
q66255	c66255	1
q66256	c66256	1
q66257	c66257	1
q66258	c66258	1
q66259	c66259	1
q66260	c66260	1
q66261	c66261	1
q66262	c66262	1
q66263	c66263	1
q66264	c66264	1
q66265	c66265	1
q66266	c66266	1
q66267	c66267	1
q66268	c66268	1
q66269	c66269	1
q66270	c66270	1
q66271	c66271	1
q66272	c66272	1
q66273	c66273	1
q66274	c66274	1
q66275	c66275	1
q66276	c66276	1
q66277	c66277	1
q66278	c66278	1
q66279	c66279	1
q66280	c66280	1
q66281	c66281	1
q66282	c66282	1
q66283	c66283	1
q66284	c66284	1
q66285	c66285	1
q66286	c66286	1
q66287	c66287	1
q66288	c66288	1
q66289	c66289	1
q66290	c66290	1
q66291	c66291	1
q66292	c66292	1
q66293	c66293	1
q66294	c66294	1
q66295	c66295	1
q66296	c66296	1
q66297	c66297	1
q66298	c66298	1
q66299	c66299	1
q66300	c66300	1
q66301	c66301	1
q66302	c66302	1
q66303	c66303	1
q66304	c66304	1
q66305	c66305	1
q66306	c66306	1
q66307	c66307	1
q66308	c66308	1
q66309	c66309	1
q66310	c66310	1
q66311	c66311	1
q66312	c66312	1
q66313	c66313	1
q66314	c66314	1
q66315	c66315	1
q66316	c66316	1
q66317	c66317	1
q66318	c66318	1
q66319	c66319	1
q66320	c66320	1
q66321	c66321	1
q66322	c66322	1
q66323	c66323	1
q66324	c66324	1
q66325	c66325	1
q66326	c66326	1
q66327	c66327	1
q66328	c66328	1
q66329	c66329	1
q66330	c66330	1
q66331	c66331	1
q66332	c66332	1
q66333	c66333	1
q66334	c66334	1
q66335	c66335	1
q66336	c66336	1
q66337	c66337	1
q66338	c66338	1
q66339	c66339	1
q66340	c66340	1
q66341	c66341	1
q66342	c66342	1
q66343	c66343	1
q66344	c66344	1
q66345	c66345	1
q66346	c66346	1
q66347	c66347	1
q66348	c66348	1
q66349	c66349	1
q66350	c66350	1
q66351	c66351	1
q66352	c66352	1
q66353	c66353	1
q66354	c66354	1
q66355	c66355	1
q66356	c66356	1
q66357	c66357	1
q66358	c66358	1
q66359	c66359	1
q66360	c66360	1
q66361	c66361	1
q66362	c66362	1
q66363	c66363	1
q66364	c66364	1
q66365	c66365	1
q66366	c66366	1
q66367	c66367	1
q66368	c66368	1
q66369	c66369	1
q66370	c66370	1
q66371	c66371	1
q66372	c66372	1
q66373	c66373	1
q66374	c66374	1
q66375	c66375	1
q66376	c66376	1
q66377	c66377	1
q66378	c66378	1
q66379	c66379	1
q66380	c66380	1
q66381	c66381	1
q66382	c66382	1
q66383	c66383	1
